HorizonYears,Mode,PersonId,Person,FundsUsed,AssignmentsUsed,Start,End,TradingDays,Calmar,AnnualizedReturn,MaxDrawdown,SPYCalmarSameWindow,QQQCalmarSameWindow,BeatsSPY,BeatsQQQ,BeatsEither
1,full,PM::Andrew Beer,Andrew Beer,1,1,2025-03-13,2026-03-13,251,6.327276170091981,0.2972839871672657,-0.04698451263633463,1.5746147767076384,1.7556156393827367,True,True,True
1,full,PM::Mathias Mamou-Mani,Mathias Mamou-Mani,1,1,2025-03-13,2026-03-13,251,6.327276170091981,0.2972839871672657,-0.04698451263633463,1.5746147767076384,1.7556156393827367,True,True,True
1,full,PM::Greg Stoner,Greg Stoner,1,1,2025-03-13,2026-03-13,251,5.690189321341416,0.03889869223461129,-0.006836098069482377,1.5746147767076384,1.7556156393827367,True,True,True
1,full,PM::Zachary Wainwright,Zachary Wainwright,1,1,2025-03-13,2026-03-13,251,5.690189321341416,0.03889869223461129,-0.006836098069482377,1.5746147767076384,1.7556156393827367,True,True,True
1,full,PM::Daniel Snover,Daniel Snover,1,1,2025-03-13,2026-03-13,251,4.226971181972935,0.24915703129190225,-0.05894457770483508,1.5746147767076384,1.7556156393827367,True,True,True
1,full,PM::Jeffrey W. Kernagis,Jeffrey W. Kernagis,1,1,2025-03-13,2026-03-13,251,4.226971181972935,0.24915703129190225,-0.05894457770483508,1.5746147767076384,1.7556156393827367,True,True,True
1,full,PM::Daniel J. Lindquist,Daniel J. Lindquist,1,1,2025-03-13,2026-03-13,251,3.840884730253284,0.2126288901826736,-0.05535935210652676,1.5746147767076384,1.7556156393827367,True,True,True
1,full,PM::Ali Toyran,Ali Toyran,1,1,2025-03-13,2026-03-13,251,3.821607339009783,0.16571711860451943,-0.04336319875486172,1.5746147767076384,1.7556156393827367,True,True,True
1,full,PM::Clifford Stanton,Clifford Stanton,1,1,2025-03-13,2026-03-13,251,3.821607339009783,0.16571711860451943,-0.04336319875486172,1.5746147767076384,1.7556156393827367,True,True,True
1,full,PM::Paul Wright,Paul Wright,1,1,2025-03-13,2026-03-13,251,3.821607339009783,0.16571711860451943,-0.04336319875486172,1.5746147767076384,1.7556156393827367,True,True,True
1,full,PM::David Orr,David Orr,1,1,2025-03-13,2026-03-13,251,3.5906680363530734,0.31012603271107,-0.08637000958352448,1.5746147767076384,1.7556156393827367,True,True,True
1,full,PM::Jerry Ralph Parker,Jerry Ralph Parker,1,1,2025-03-13,2026-03-13,251,3.517840441416721,0.23738565473460227,-0.06748050648908943,1.5746147767076384,1.7556156393827367,True,True,True
1,full,PM::Jon Robinson,Jon Robinson,1,1,2025-03-13,2026-03-13,251,3.517840441416721,0.23738565473460227,-0.06748050648908943,1.5746147767076384,1.7556156393827367,True,True,True
1,full,PM::Brian Murphy,Brian Murphy,1,1,2025-03-13,2026-03-13,251,3.123356369183712,0.07580937026856294,-0.02427176450837587,1.5746147767076384,1.7556156393827367,True,True,True
1,full,PM::Michael Grayson,Michael Grayson,1,1,2025-03-13,2026-03-13,251,3.123356369183712,0.07580937026856294,-0.02427176450837587,1.5746147767076384,1.7556156393827367,True,True,True
1,full,PM::Michael Peck,Michael Peck,1,1,2025-03-13,2026-03-13,251,3.123356369183712,0.07580937026856294,-0.02427176450837587,1.5746147767076384,1.7556156393827367,True,True,True
1,full,PM::Christopher Plunkett,Christopher Plunkett,1,1,2025-03-13,2026-03-13,251,3.0832570300826396,0.03930503525736939,-0.012747894474537502,1.5746147767076384,1.7556156393827367,True,True,True
1,full,PM::Sam Jurrens,Sam Jurrens,1,1,2025-03-13,2026-03-13,251,2.9300515900098816,0.26552301833892256,-0.09062059495615471,1.5746147767076384,1.7556156393827367,True,True,True
1,full,PM::Eric Becker,Eric Becker,2,2,2025-03-13,2026-03-13,251,2.8574570812846547,0.08364752247515783,-0.02927341342168177,1.5746147767076384,1.7556156393827367,True,True,True
1,full,PM::John S. Orrico,John S. Orrico,2,2,2025-03-13,2026-03-13,251,2.8574570812846547,0.08364752247515783,-0.02927341342168177,1.5746147767076384,1.7556156393827367,True,True,True
1,full,PM::Charles Collins,Charles Collins,1,1,2025-03-13,2026-03-13,251,2.5896510268257305,0.15719393185728125,-0.060700816530465884,1.5746147767076384,1.7556156393827367,True,True,True
1,full,PM::Jason A. Graffius,Jason A. Graffius,1,1,2025-03-13,2026-03-13,251,2.5896510268257305,0.15719393185728125,-0.060700816530465884,1.5746147767076384,1.7556156393827367,True,True,True
1,full,PM::Randall D. Schroeder,Randall D. Schroeder,1,1,2025-03-13,2026-03-13,251,2.5896510268257305,0.15719393185728125,-0.060700816530465884,1.5746147767076384,1.7556156393827367,True,True,True
1,full,PM::Christopher W. Floyd,Christopher W. Floyd,1,1,2025-03-13,2026-03-13,251,2.5890472314289648,0.172322896733222,-0.0665584214306173,1.5746147767076384,1.7556156393827367,True,True,True
1,full,PM::Sundaram Chettiappan,Sundaram Chettiappan,1,1,2025-03-13,2026-03-13,251,2.5890472314289172,0.17232289673322,-0.06655842143061774,1.5746147767076384,1.7556156393827367,True,True,True
1,full,PM::Vaneet Chadha,Vaneet Chadha,1,1,2025-03-13,2026-03-13,251,2.5890472314289172,0.17232289673322,-0.06655842143061774,1.5746147767076384,1.7556156393827367,True,True,True
1,full,PM::Christopher Day,Christopher Day,1,1,2025-03-13,2026-03-13,251,2.576900640409465,0.07782195143033488,-0.03019982618265371,1.5746147767076384,1.7556156393827367,True,True,True
1,full,PM::Jay Pestrichelli,Jay Pestrichelli,7,7,2025-03-13,2026-03-13,251,2.537651037200742,0.362025501890199,-0.14266165701393907,1.5746147767076384,1.7556156393827367,True,True,True
1,full,PM::Torrey Zaches,Torrey Zaches,3,3,2025-03-13,2026-03-13,251,2.4220463267883883,0.18625899600654394,-0.07690150016805075,1.5746147767076384,1.7556156393827367,True,True,True
1,full,PM::James H Stavena,James H Stavena,3,3,2025-03-13,2026-03-13,251,2.4220463267883807,0.18625899600654283,-0.07690150016805053,1.5746147767076384,1.7556156393827367,True,True,True
1,full,PM::Charles A. Ragauss,Charles A. Ragauss,6,6,2025-03-13,2026-03-13,251,2.3221132931405783,0.19198951796308306,-0.08267879027703418,1.5746147767076384,1.7556156393827367,True,True,True
1,full,PM::Russell Korgaonkar,Russell Korgaonkar,1,1,2025-03-13,2026-03-13,251,2.3040079009043186,0.24459429184645454,-0.10616035290089576,1.5746147767076384,1.7556156393827367,True,True,True
1,full,PM::Greg Barrato,Greg Barrato,2,2,2025-03-13,2026-03-13,251,2.294950880870484,0.08599050781320683,-0.03746943280136361,1.5746147767076384,1.7556156393827367,True,True,True
1,full,PM::Francis J. Ok,Francis J. Ok,2,2,2025-03-13,2026-03-13,251,2.2949508808704593,0.08599050781320616,-0.03746943280136372,1.5746147767076384,1.7556156393827367,True,True,True
1,full,PM::Josh L. Smith,Josh L. Smith,1,1,2025-03-13,2026-03-13,251,2.281883978754611,0.2193597131271241,-0.09613096685434663,1.5746147767076384,1.7556156393827367,True,True,True
1,full,PM::Kevin G. Simpson,Kevin G. Simpson,2,2,2025-03-13,2026-03-13,251,2.266483064046667,0.28066650744886634,-0.12383348982443021,1.5746147767076384,1.7556156393827367,True,True,True
1,full,PM::Ryland Matthews,Ryland Matthews,1,1,2025-03-13,2026-03-13,251,2.2044277037145252,0.34069453097440827,-0.1545501040475621,1.5746147767076384,1.7556156393827367,True,True,True
1,full,PM::John W. Gambla,John W. Gambla,7,7,2025-03-13,2026-03-13,251,2.1553903745015077,0.1917843092953977,-0.08897892073947533,1.5746147767076384,1.7556156393827367,True,True,True
1,full,PM::Rob A. Guttschow,Rob A. Guttschow,7,7,2025-03-13,2026-03-13,251,2.1553903745015077,0.1917843092953977,-0.08897892073947533,1.5746147767076384,1.7556156393827367,True,True,True
1,full,PM::Jeffrey E. Gundlach,Jeffrey E. Gundlach,1,1,2025-03-13,2026-03-13,251,2.0114857850632912,0.04559687707797844,-0.022668257174158324,1.5746147767076384,1.7556156393827367,True,True,True
1,full,PM::Jeffrey J. Sherman,Jeffrey J. Sherman,1,1,2025-03-13,2026-03-13,251,2.0114857850632912,0.04559687707797844,-0.022668257174158324,1.5746147767076384,1.7556156393827367,True,True,True
1,full,PM::Jeffrey A. Schwarte,Jeffrey A. Schwarte,1,1,2025-03-13,2026-03-13,251,1.9964767610910512,0.12059639341865758,-0.06040460663952485,1.5746147767076384,1.7556156393827367,True,True,True
1,full,PM::Qiao Duan,Qiao Duan,6,6,2025-03-13,2026-03-13,251,1.9661138187201421,0.198215160990854,-0.10081571021146873,1.5746147767076384,1.7556156393827367,True,True,True
1,full,PM::Christopher P. Mullen,Christopher P. Mullen,2,2,2025-03-13,2026-03-13,251,1.8433130984001567,0.192512683955669,-0.1044384071934139,1.5746147767076384,1.7556156393827367,True,True,True
1,full,PM::Alexander D. Healy,Alexander D. Healy,1,1,2025-03-13,2026-03-13,251,1.8347174621331366,0.11006244228087847,-0.05998876914427698,1.5746147767076384,1.7556156393827367,True,True,True
1,full,PM::Kathryn M. Kaminski,Kathryn M. Kaminski,1,1,2025-03-13,2026-03-13,251,1.8347174621331366,0.11006244228087847,-0.05998876914427698,1.5746147767076384,1.7556156393827367,True,True,True
1,full,PM::Ken Miller,Ken Miller,2,2,2025-03-13,2026-03-13,251,1.793639385038324,0.10119124869978391,-0.05641671873614762,1.5746147767076384,1.7556156393827367,True,True,True
1,full,PM::Michael J. Venuto,Michael J. Venuto,3,3,2025-03-13,2026-03-13,251,1.7841040340983618,0.21080090778715443,-0.1181550536057655,1.5746147767076384,1.7556156393827367,True,True,True
1,full,PM::Matthew A. Heimann,Matthew A. Heimann,1,1,2025-03-13,2026-03-13,251,1.740350868004335,0.16381635853678178,-0.09412835167234435,1.5746147767076384,1.7556156393827367,True,False,True
1,full,PM::Kenneth R. Hyman,Kenneth R. Hyman,1,1,2025-03-13,2026-03-13,251,1.7403508680043331,0.16381635853678045,-0.09412835167234368,1.5746147767076384,1.7556156393827367,True,False,True
1,full,PM::Patrick Dwyer,Patrick Dwyer,6,6,2025-03-13,2026-03-13,251,1.7202890436366691,0.25407164057253917,-0.1476912507885506,1.5746147767076384,1.7556156393827367,True,False,True
1,full,PM::Shlomo Bassous,Shlomo Bassous,6,6,2025-03-13,2026-03-13,251,1.7202890436366665,0.25407164057253917,-0.14769125078855083,1.5746147767076384,1.7556156393827367,True,False,True
1,full,PM::Ashif Shaikh,Ashif Shaikh,6,6,2025-03-13,2026-03-13,251,1.7202890436366598,0.2540716405725376,-0.1476912507885505,1.5746147767076384,1.7556156393827367,True,False,True
1,full,PM::Raj Garigipati,Raj Garigipati,2,2,2025-03-13,2026-03-13,251,1.7073847589838762,0.23760576359604935,-0.13916357302934856,1.5746147767076384,1.7556156393827367,True,False,True
1,full,PM::Aron Kershner,Aron Kershner,2,2,2025-03-13,2026-03-13,251,1.7073847589838627,0.23760576359604824,-0.139163573029349,1.5746147767076384,1.7556156393827367,True,False,True
1,full,PM::John Sienkiewicz,John Sienkiewicz,2,2,2025-03-13,2026-03-13,251,1.7073847589838627,0.23760576359604824,-0.139163573029349,1.5746147767076384,1.7556156393827367,True,False,True
1,full,PM::Marlene Walker-Smith,Marlene Walker-Smith,2,2,2025-03-13,2026-03-13,251,1.6943137165624629,0.2721987904913443,-0.16065430376353174,1.5746147767076384,1.7556156393827367,True,False,True
1,full,PM::Robert T. Cummings,Robert T. Cummings,1,1,2025-03-13,2026-03-13,251,1.6875179280368628,0.1543209991512582,-0.09144850942756155,1.5746147767076384,1.7556156393827367,True,False,True
1,full,PM::Andrew Serowik,Andrew Serowik,2,2,2025-03-13,2026-03-13,251,1.661749088318506,0.1447932966407084,-0.08713306819817312,1.5746147767076384,1.7556156393827367,True,False,True
1,full,PM::Rafael Zayas,Rafael Zayas,4,4,2025-03-13,2026-03-13,251,1.657165756115362,0.2043906408958387,-0.12333747553108998,1.5746147767076384,1.7556156393827367,True,False,True
1,full,PM::Dustin Lewellyn,Dustin Lewellyn,3,3,2025-03-13,2026-03-13,251,1.6495545799385822,0.2254439235431911,-0.13666957509922772,1.5746147767076384,1.7556156393827367,True,False,True
1,full,PM::Brian Cooper,Brian Cooper,1,1,2025-03-13,2026-03-13,251,1.6326145695618786,0.14925452773390213,-0.09142055358109136,1.5746147767076384,1.7556156393827367,True,False,True
1,full,PM::Todd Alberico,Todd Alberico,1,1,2025-03-13,2026-03-13,251,1.6326145695618786,0.14925452773390213,-0.09142055358109136,1.5746147767076384,1.7556156393827367,True,False,True
1,full,PM::Garrett Paolella,Garrett Paolella,2,2,2025-03-13,2026-03-13,251,1.6227439103760157,0.2080851112712585,-0.12823040649897854,1.5746147767076384,1.7556156393827367,True,False,True
1,full,PM::Troy Cates,Troy Cates,2,2,2025-03-13,2026-03-13,251,1.6227439103760157,0.2080851112712585,-0.12823040649897854,1.5746147767076384,1.7556156393827367,True,False,True
1,full,PM::Eric Moreau,Eric Moreau,1,1,2025-03-13,2026-03-13,251,1.6209759839751205,0.22946338871269933,-0.1415587837088037,1.5746147767076384,1.7556156393827367,True,False,True
1,full,PM::Derek Devens,Derek Devens,1,1,2025-03-13,2026-03-13,251,1.5792315759335191,0.1608512373583817,-0.10185411678037082,1.5746147767076384,1.7556156393827367,True,False,True
1,full,PM::Eric Zhou,Eric Zhou,1,1,2025-03-13,2026-03-13,251,1.5792315759335191,0.1608512373583817,-0.10185411678037082,1.5746147767076384,1.7556156393827367,True,False,True
1,full,PM::Rory Ewing,Rory Ewing,1,1,2025-03-13,2026-03-13,251,1.5792315759335191,0.1608512373583817,-0.10185411678037082,1.5746147767076384,1.7556156393827367,True,False,True
1,full,PM::David France,David France,3,3,2025-03-13,2026-03-13,251,1.5581320812940225,0.19045514006914366,-0.1222329880474391,1.5746147767076384,1.7556156393827367,False,False,False
1,full,PM::Todd Frysinger,Todd Frysinger,3,3,2025-03-13,2026-03-13,251,1.5581320812940225,0.19045514006914366,-0.1222329880474391,1.5746147767076384,1.7556156393827367,False,False,False
1,full,PM::Ammie Weidner,Ammie Weidner,1,1,2025-03-13,2026-03-13,251,1.5560400245389596,0.13709933485144687,-0.08810784599969923,1.5746147767076384,1.7556156393827367,False,False,False
1,full,PM::Andrew Mies,Andrew Mies,1,1,2025-03-13,2026-03-13,251,1.5560400245389596,0.13709933485144687,-0.08810784599969923,1.5746147767076384,1.7556156393827367,False,False,False
1,full,PM::Bob Elliott,Bob Elliott,1,1,2025-03-13,2026-03-13,251,1.5282154690205079,0.15611072004054427,-0.10215229671808101,1.5746147767076384,1.7556156393827367,False,False,False
1,full,PM::Bruce McNevin,Bruce McNevin,1,1,2025-03-13,2026-03-13,251,1.5282154690205079,0.15611072004054427,-0.10215229671808101,1.5746147767076384,1.7556156393827367,False,False,False
1,full,PM::Vanessa Yang,Vanessa Yang,15,15,2025-03-13,2026-03-13,251,1.5067957839453598,0.1670823188749564,-0.11088584176780203,1.5746147767076384,1.7556156393827367,False,False,False
1,full,PM::Wayne Xie,Wayne Xie,15,15,2025-03-13,2026-03-13,251,1.5067957839453578,0.16708231887495684,-0.11088584176780247,1.5746147767076384,1.7556156393827367,False,False,False
1,full,PM::Robert J. Pascarella,Robert J. Pascarella,1,1,2025-03-13,2026-03-13,251,1.4872286080035644,0.21744381305506666,-0.14620738996337646,1.5746147767076384,1.7556156393827367,False,False,False
1,full,PM::Yin Bhuyan,Yin Bhuyan,2,2,2025-03-13,2026-03-13,251,1.4782644307744441,0.25276139435436007,-0.17098523720951708,1.5746147767076384,1.7556156393827367,False,False,False
1,full,PM::Alex Zweber,Alex Zweber,2,2,2025-03-13,2026-03-13,251,1.4270192685553529,0.14146922154988562,-0.09913616772189937,1.5746147767076384,1.7556156393827367,False,False,False
1,full,PM::Larry Berman,Larry Berman,2,2,2025-03-13,2026-03-13,251,1.4270192685553529,0.14146922154988562,-0.09913616772189937,1.5746147767076384,1.7556156393827367,False,False,False
1,full,PM::Michael Zaslavsky,Michael Zaslavsky,2,2,2025-03-13,2026-03-13,251,1.4270192685553529,0.14146922154988562,-0.09913616772189937,1.5746147767076384,1.7556156393827367,False,False,False
1,full,PM::Nam To,Nam To,1,1,2025-03-13,2026-03-13,251,1.4192835608411654,0.12962800417117037,-0.09133340774717624,1.5746147767076384,1.7556156393827367,False,False,False
1,full,PM::Vincent M. Lorusso,Vincent M. Lorusso,1,1,2025-03-13,2026-03-13,251,1.3691789764075357,0.12286647208734225,-0.08973733471260303,1.5746147767076384,1.7556156393827367,False,False,False
1,full,PM::Hamilton Reiner,Hamilton Reiner,3,3,2025-03-13,2026-03-13,251,1.3463845620674506,0.14274787987868987,-0.10602311100440154,1.5746147767076384,1.7556156393827367,False,False,False
1,full,PM::Matthew P Bensen,Matthew P Bensen,3,3,2025-03-13,2026-03-13,251,1.3463845620674464,0.14274787987868942,-0.10602311100440154,1.5746147767076384,1.7556156393827367,False,False,False
1,full,PM::Michael J. Winter,Michael J. Winter,1,1,2025-03-13,2026-03-13,251,1.279969320685223,0.11780424316788829,-0.09203677093199591,1.5746147767076384,1.7556156393827367,False,False,False
1,full,PM::Austin Wen,Austin Wen,4,4,2025-03-13,2026-03-13,251,1.2593623754815808,0.20056295388951573,-0.1592575400013998,1.5746147767076384,1.7556156393827367,False,False,False
1,full,PM::Tarak Davé,Tarak Davé,2,2,2025-03-13,2026-03-13,251,1.14662464508241,0.11936902459397758,-0.10410470863845622,1.5746147767076384,1.7556156393827367,False,False,False
1,full,PM::Michael Neches,Michael Neches,2,2,2025-03-13,2026-03-13,251,1.1466246450824096,0.11936902459397714,-0.10410470863845589,1.5746147767076384,1.7556156393827367,False,False,False
1,full,PM::Raffaele Zingone,Raffaele Zingone,2,2,2025-03-13,2026-03-13,251,1.1217049044729241,0.10008801923360755,-0.08922847607645767,1.5746147767076384,1.7556156393827367,False,False,False
1,full,PM::R. Matthew Freund,R. Matthew Freund,1,1,2025-03-13,2026-03-13,251,1.1090343255463722,0.1328572476897809,-0.11979543340493815,1.5746147767076384,1.7556156393827367,False,False,False
1,full,PM::Shaheen Iqubal,Shaheen Iqubal,1,1,2025-03-13,2026-03-13,251,1.1090343255463722,0.1328572476897809,-0.11979543340493815,1.5746147767076384,1.7556156393827367,False,False,False
1,full,PM::David Aspell,David Aspell,1,1,2025-03-13,2026-03-13,251,0.9343606881941801,0.07082620445414922,-0.07580178120617809,1.5746147767076384,1.7556156393827367,False,False,False
1,full,PM::Gerald L. Prior,Gerald L. Prior,1,1,2025-03-13,2026-03-13,251,0.9343606881941801,0.07082620445414922,-0.07580178120617809,1.5746147767076384,1.7556156393827367,False,False,False
1,full,PM::Timothy J. Rudderow,Timothy J. Rudderow,1,1,2025-03-13,2026-03-13,251,0.9343606881941801,0.07082620445414922,-0.07580178120617809,1.5746147767076384,1.7556156393827367,False,False,False
1,full,PM::Nancy Davis,Nancy Davis,1,1,2025-03-13,2026-03-13,251,0.9302316690704362,0.053255920552084834,-0.05725016931029936,1.5746147767076384,1.7556156393827367,False,False,False
1,full,PM::James Maund,James Maund,2,2,2025-03-13,2026-03-13,251,0.8602222556884938,0.11494586623633296,-0.13362345077242166,1.5746147767076384,1.7556156393827367,False,False,False
1,full,PM::Jonathan Shelon,Jonathan Shelon,2,2,2025-03-13,2026-03-13,251,0.8602222556884938,0.11494586623633296,-0.13362345077242166,1.5746147767076384,1.7556156393827367,False,False,False
1,full,PM::Drew Justman,Drew Justman,1,1,2025-03-13,2026-03-13,251,0.810646719195613,0.10869975477948524,-0.13409016801714269,1.5746147767076384,1.7556156393827367,False,False,False
1,full,PM::Ray DiBernardo,Ray DiBernardo,1,1,2025-03-13,2026-03-13,251,0.810646719195613,0.10869975477948524,-0.13409016801714269,1.5746147767076384,1.7556156393827367,False,False,False
1,full,PM::Peter Hubbard,Peter Hubbard,1,1,2025-03-13,2026-03-13,251,0.7936803732052293,0.07442109621298165,-0.09376708650667098,1.5746147767076384,1.7556156393827367,False,False,False
1,full,PM::Theodore Samulowitz,Theodore Samulowitz,1,1,2025-03-13,2026-03-13,251,0.7936803732052293,0.07442109621298165,-0.09376708650667098,1.5746147767076384,1.7556156393827367,False,False,False
1,full,PM::David Hemming,David Hemming,1,1,2025-03-13,2026-03-13,251,0.7936803732052284,0.07442109621298121,-0.09376708650667054,1.5746147767076384,1.7556156393827367,False,False,False
1,full,PM::Michael Green,Michael Green,1,1,2025-03-13,2026-03-13,251,0.7043182911927601,0.07518716198479636,-0.10675168162602622,1.5746147767076384,1.7556156393827367,False,False,False
1,full,PM::Gerry O’Donnell,Gerry O’Donnell,1,1,2025-03-13,2026-03-13,251,0.6974163594941593,0.11568350274598282,-0.16587437500016322,1.5746147767076384,1.7556156393827367,False,False,False
1,full,PM::Kevin Kelly,Kevin Kelly,1,1,2025-03-13,2026-03-13,251,0.6974163594941593,0.11568350274598282,-0.16587437500016322,1.5746147767076384,1.7556156393827367,False,False,False
1,full,PM::Andrew F. Ngim,Andrew F. Ngim,1,1,2025-03-13,2026-03-13,251,0.63272573910182,0.16599978727768772,-0.2623566215487475,1.5746147767076384,1.7556156393827367,False,False,False
1,full,PM::Darius Coby,Darius Coby,1,1,2025-03-13,2026-03-13,251,0.63272573910182,0.16599978727768772,-0.2623566215487475,1.5746147767076384,1.7556156393827367,False,False,False
1,full,PM::Seth Lancaster,Seth Lancaster,1,1,2025-03-13,2026-03-13,251,0.63272573910182,0.16599978727768772,-0.2623566215487475,1.5746147767076384,1.7556156393827367,False,False,False
1,full,PM::Jason England,Jason England,1,1,2025-03-13,2026-03-13,251,0.6171151118948958,0.03347902925270185,-0.05425086601736606,1.5746147767076384,1.7556156393827367,False,False,False
1,full,PM::Shailesh Gupta,Shailesh Gupta,1,1,2025-03-13,2026-03-13,251,0.6171151118948901,0.03347902925270141,-0.05425086601736584,1.5746147767076384,1.7556156393827367,False,False,False
1,full,PM::Jacob Hemmer,Jacob Hemmer,1,1,2025-03-13,2026-03-13,251,0.4056548078659015,0.05410389761385903,-0.13337422992344838,1.5746147767076384,1.7556156393827367,False,False,False
1,full,PM::Vlasta Sheremeta,Vlasta Sheremeta,1,1,2025-03-13,2026-03-13,251,0.3503147575037336,0.03305309460039796,-0.09435256121074398,1.5746147767076384,1.7556156393827367,False,False,False
1,full,PM::Peter simasek,Peter simasek,1,1,2025-03-13,2026-03-13,251,0.1197123124564858,0.010982285560766636,-0.09173898102384903,1.5746147767076384,1.7556156393827367,False,False,False
1,full,PM::David C. Pursell,David C. Pursell,1,1,2025-03-13,2026-03-13,251,0.11971231245647268,0.010982285560765526,-0.09173898102384981,1.5746147767076384,1.7556156393827367,False,False,False
1,full,PM::David P. Kalis,David P. Kalis,1,1,2025-03-13,2026-03-13,251,-0.06361599432835054,-0.005744717163202906,-0.09030303186887023,1.5746147767076384,1.7556156393827367,False,False,False
1,full,PM::Gary D. Black,Gary D. Black,1,1,2025-03-13,2026-03-13,251,-0.06361599432835054,-0.005744717163202906,-0.09030303186887023,1.5746147767076384,1.7556156393827367,False,False,False
1,full,PM::David Berns,David Berns,4,4,2025-03-13,2026-03-13,251,-0.6975915622160387,-0.06280815070965928,-0.09003570873210776,1.5746147767076384,1.7556156393827367,False,False,False
1,full,PM::Josh Belko,Josh Belko,1,1,2025-03-13,2026-03-13,251,-0.8078509139454515,-0.28222654228024147,-0.3493547353952715,1.5746147767076384,1.7556156393827367,False,False,False
1,full,PM::Philip Lee,Philip Lee,1,1,2025-03-13,2026-03-13,251,-0.807850913945454,-0.2822265422802429,-0.3493547353952722,1.5746147767076384,1.7556156393827367,False,False,False
1,full,PM::William H. DeRoche,William H. DeRoche,1,1,2025-03-13,2026-03-13,251,-0.807850913945455,-0.28222654228024135,-0.34935473539526984,1.5746147767076384,1.7556156393827367,False,False,False
1,full,PM::David Jackson,David Jackson,1,1,2025-03-13,2026-03-13,251,-0.9091391614485864,-0.42227679192068535,-0.46447981764182966,1.5746147767076384,1.7556156393827367,False,False,False
1,full,PM::Paisley Nardini,Paisley Nardini,1,1,2025-03-13,2026-03-13,251,-0.9091391614485899,-0.42227679192068646,-0.4644798176418291,1.5746147767076384,1.7556156393827367,False,False,False
1,partial,PM::Matt Brandt,Matt Brandt,2,2,2025-12-24,2026-03-13,53,31.826049957074286,1.1886494382936341,-0.037348318119805546,-3.75446531910088,-3.369729315791956,True,True,True
1,partial,PM::Giuliana Bordigoni,Giuliana Bordigoni,1,1,2025-08-14,2026-03-13,145,9.008745160661103,0.5824015894854542,-0.06464846980339212,1.136746778714816,0.5869222455047146,True,True,True
1,partial,PM::Tansu Demirbilek,Tansu Demirbilek,1,1,2025-09-17,2026-03-13,122,6.031534761444448,0.2331149063828546,-0.03864935138449366,0.4292575596679662,0.23094496560856312,True,True,True
1,partial,PM::Matthew Osowiecki,Matthew Osowiecki,1,1,2025-09-29,2026-03-13,114,2.1625141712979707,0.07232141644221324,-0.03344321040856113,0.0372566623108071,-0.19803697576215104,True,True,True
1,partial,PM::Jeff Greco,Jeff Greco,1,1,2025-07-21,2026-03-13,163,2.057802045784773,0.08432610165554766,-0.040978723793322236,1.8384068769938973,1.0942055529515975,True,True,True
1,partial,PM::Rebekah Lipp,Rebekah Lipp,1,1,2025-07-21,2026-03-13,163,2.057802045784773,0.08432610165554766,-0.040978723793322236,1.8384068769938973,1.0942055529515975,True,True,True
1,partial,PM::Scott Snyder,Scott Snyder,6,6,2025-11-26,2026-03-13,72,0.7928449309119435,0.06904763543139203,-0.08708844912708502,-1.6181041055290317,-1.7355998448081817,True,True,True
1,partial,PM::Kyler Kring,Kyler Kring,1,1,2025-09-03,2026-03-13,132,0.0012854397156187836,5.5316028507057524e-05,-0.04303276756967911,1.327501657362729,1.0881788810875557,False,False,False
1,partial,PM::Nicholas Quinn,Nicholas Quinn,4,4,2025-11-26,2026-03-13,72,-0.7211975794758213,-0.0794419768829775,-0.11015286121830481,-1.6181041055290317,-1.7355998448081817,True,True,True
1,partial,PM::John S. McNamara III,John S. McNamara III,1,1,2026-01-21,2026-03-13,36,-2.331078032329496,-0.05553146522694763,-0.02382222493489583,-4.471373208991388,-3.683288311915278,True,True,True
1,partial,PM::Andrew Hicks,Andrew Hicks,2,2,2026-03-02,2026-03-13,9,-14.617890403610506,-0.39633989686504323,-0.027113344396613503,-18.96587053802066,-17.504763266416077,True,True,True
1,partial,PM::Kimberly Chan,Kimberly Chan,2,2,2026-03-02,2026-03-13,9,-14.617890403610506,-0.39633989686504323,-0.027113344396613503,-18.96587053802066,-17.504763266416077,True,True,True
2,full,PM::Eric Becker,Eric Becker,2,2,2024-03-13,2026-03-13,501,2.5790340121098736,0.07942391463844567,-0.030795993486518625,0.7881149143201435,0.7412536460068084,True,True,True
2,full,PM::John S. Orrico,John S. Orrico,2,2,2024-03-13,2026-03-13,501,2.5790340121098736,0.07942391463844567,-0.030795993486518625,0.7881149143201435,0.7412536460068084,True,True,True
2,full,PM::Daniel Snover,Daniel Snover,1,1,2024-03-13,2026-03-13,501,2.3776693329824834,0.16023729367768946,-0.06739258964857497,0.7881149143201435,0.7412536460068084,True,True,True
2,full,PM::Jeffrey W. Kernagis,Jeffrey W. Kernagis,1,1,2024-03-13,2026-03-13,501,2.3776693329824834,0.16023729367768946,-0.06739258964857497,0.7881149143201435,0.7412536460068084,True,True,True
2,full,PM::Christopher Plunkett,Christopher Plunkett,1,1,2024-03-13,2026-03-13,501,2.1918933238759855,0.04668755306221284,-0.02130010277126715,0.7881149143201435,0.7412536460068084,True,True,True
2,full,PM::Brian Murphy,Brian Murphy,1,1,2024-03-13,2026-03-13,501,2.0845594942743038,0.050595937148725234,-0.02427176450837598,0.7881149143201435,0.7412536460068084,True,True,True
2,full,PM::Michael Grayson,Michael Grayson,1,1,2024-03-13,2026-03-13,501,2.0845594942743038,0.050595937148725234,-0.02427176450837598,0.7881149143201435,0.7412536460068084,True,True,True
2,full,PM::Michael Peck,Michael Peck,1,1,2024-03-13,2026-03-13,501,2.0845594942743038,0.050595937148725234,-0.02427176450837598,0.7881149143201435,0.7412536460068084,True,True,True
2,full,PM::Greg Barrato,Greg Barrato,2,2,2024-03-13,2026-03-13,501,1.9804156534892696,0.07420505124718457,-0.0374694328013635,0.7881149143201435,0.7412536460068084,True,True,True
2,full,PM::Francis J. Ok,Francis J. Ok,2,2,2024-03-13,2026-03-13,501,1.980415653489252,0.07420505124718457,-0.03746943280136383,0.7881149143201435,0.7412536460068084,True,True,True
2,full,PM::Daniel J. Lindquist,Daniel J. Lindquist,1,1,2024-03-13,2026-03-13,501,1.7742942956661718,0.12357636915907921,-0.06964818038412368,0.7881149143201435,0.7412536460068084,True,True,True
2,full,PM::Ken Miller,Ken Miller,2,2,2024-03-13,2026-03-13,501,1.568343793616481,0.13463129084028247,-0.08584297102986138,0.7881149143201435,0.7412536460068084,True,True,True
2,full,PM::Christopher W. Floyd,Christopher W. Floyd,1,1,2024-03-13,2026-03-13,501,1.436352574917317,0.09560136000429909,-0.0665584214306173,0.7881149143201435,0.7412536460068084,True,True,True
2,full,PM::Sundaram Chettiappan,Sundaram Chettiappan,1,1,2024-03-13,2026-03-13,501,1.436352574917302,0.09560136000429842,-0.06655842143061752,0.7881149143201435,0.7412536460068084,True,True,True
2,full,PM::Vaneet Chadha,Vaneet Chadha,1,1,2024-03-13,2026-03-13,501,1.436352574917302,0.09560136000429842,-0.06655842143061752,0.7881149143201435,0.7412536460068084,True,True,True
2,full,PM::Ryland Matthews,Ryland Matthews,1,1,2024-03-13,2026-03-13,501,1.4301905720787222,0.221036101722609,-0.1545501040475622,0.7881149143201435,0.7412536460068084,True,True,True
2,full,PM::Kevin G. Simpson,Kevin G. Simpson,2,2,2024-03-13,2026-03-13,501,1.4153816968377853,0.18736030664805714,-0.1323744026552367,0.7881149143201435,0.7412536460068084,True,True,True
2,full,PM::Michael Green,Michael Green,1,1,2024-03-13,2026-03-13,501,1.3341009280686267,0.14982690910405783,-0.1123055279790276,0.7881149143201435,0.7412536460068084,True,True,True
2,full,PM::Ammie Weidner,Ammie Weidner,1,1,2024-03-13,2026-03-13,501,1.2578768647166294,0.11451764698267208,-0.09104042708383087,0.7881149143201435,0.7412536460068084,True,True,True
2,full,PM::Andrew Mies,Andrew Mies,1,1,2024-03-13,2026-03-13,501,1.2578768647166294,0.11451764698267208,-0.09104042708383087,0.7881149143201435,0.7412536460068084,True,True,True
2,full,PM::Jeffrey E. Gundlach,Jeffrey E. Gundlach,1,1,2024-03-13,2026-03-13,501,1.2538371650735622,0.05155358017202172,-0.04111664704802165,0.7881149143201435,0.7412536460068084,True,True,True
2,full,PM::Jeffrey J. Sherman,Jeffrey J. Sherman,1,1,2024-03-13,2026-03-13,501,1.2538371650735622,0.05155358017202172,-0.04111664704802165,0.7881149143201435,0.7412536460068084,True,True,True
2,full,PM::Josh L. Smith,Josh L. Smith,1,1,2024-03-13,2026-03-13,501,1.2443364177150829,0.15084618826314466,-0.12122621030423308,0.7881149143201435,0.7412536460068084,True,True,True
2,full,PM::Patrick Dwyer,Patrick Dwyer,6,6,2024-03-13,2026-03-13,501,1.202651486833534,0.17762110235315487,-0.14769125078855072,0.7881149143201435,0.7412536460068084,True,True,True
2,full,PM::Shlomo Bassous,Shlomo Bassous,6,6,2024-03-13,2026-03-13,501,1.202651486833532,0.17762110235315487,-0.14769125078855094,0.7881149143201435,0.7412536460068084,True,True,True
2,full,PM::Ashif Shaikh,Ashif Shaikh,6,6,2024-03-13,2026-03-13,501,1.2026514868335294,0.1776211023531542,-0.14769125078855072,0.7881149143201435,0.7412536460068084,True,True,True
2,full,PM::Nam To,Nam To,1,1,2024-03-13,2026-03-13,501,1.1406136508114786,0.11499554233439646,-0.10081901286433315,0.7881149143201435,0.7412536460068084,True,True,True
2,full,PM::Marlene Walker-Smith,Marlene Walker-Smith,2,2,2024-03-13,2026-03-13,501,1.0678310457802949,0.1715516531969168,-0.1606543037635313,0.7881149143201435,0.7412536460068084,True,True,True
2,full,PM::David France,David France,3,3,2024-03-13,2026-03-13,501,1.0285511037510495,0.12572287477098243,-0.1222329880474392,0.7881149143201435,0.7412536460068084,True,True,True
2,full,PM::Todd Frysinger,Todd Frysinger,3,3,2024-03-13,2026-03-13,501,1.0285511037510495,0.12572287477098243,-0.1222329880474392,0.7881149143201435,0.7412536460068084,True,True,True
2,full,PM::R. Matthew Freund,R. Matthew Freund,1,1,2024-03-13,2026-03-13,501,0.9853440786113943,0.13057992273341656,-0.13252215704938075,0.7881149143201435,0.7412536460068084,True,True,True
2,full,PM::Shaheen Iqubal,Shaheen Iqubal,1,1,2024-03-13,2026-03-13,501,0.9853440786113943,0.13057992273341656,-0.13252215704938075,0.7881149143201435,0.7412536460068084,True,True,True
2,full,PM::Charles A. Ragauss,Charles A. Ragauss,6,6,2024-03-13,2026-03-13,501,0.9789335987107125,0.10506526420664342,-0.10732624188710838,0.7881149143201435,0.7412536460068084,True,True,True
2,full,PM::Andrew Serowik,Andrew Serowik,2,2,2024-03-13,2026-03-13,501,0.9721123280207931,0.09824732010296389,-0.10106581026803152,0.7881149143201435,0.7412536460068084,True,True,True
2,full,PM::Vincent M. Lorusso,Vincent M. Lorusso,1,1,2024-03-13,2026-03-13,501,0.9200007454028359,0.1404556299894637,-0.15266903933644438,0.7881149143201435,0.7412536460068084,True,True,True
2,full,PM::Matthew A. Heimann,Matthew A. Heimann,1,1,2024-03-13,2026-03-13,501,0.9090158198471245,0.10575130383475395,-0.11633604336230241,0.7881149143201435,0.7412536460068084,True,True,True
2,full,PM::Kenneth R. Hyman,Kenneth R. Hyman,1,1,2024-03-13,2026-03-13,501,0.9090158198471238,0.10575130383475306,-0.11633604336230152,0.7881149143201435,0.7412536460068084,True,True,True
2,full,PM::Garrett Paolella,Garrett Paolella,2,2,2024-03-13,2026-03-13,501,0.8959817423475775,0.2389852439813085,-0.2667300377741393,0.7881149143201435,0.7412536460068084,True,True,True
2,full,PM::Troy Cates,Troy Cates,2,2,2024-03-13,2026-03-13,501,0.8959817423475775,0.2389852439813085,-0.2667300377741393,0.7881149143201435,0.7412536460068084,True,True,True
2,full,PM::Michael J. Venuto,Michael J. Venuto,3,3,2024-03-13,2026-03-13,501,0.8890759693598099,0.11579889343293037,-0.1302463427465178,0.7881149143201435,0.7412536460068084,True,True,True
2,full,PM::Shailesh Gupta,Shailesh Gupta,1,1,2024-03-13,2026-03-13,501,0.8820679644430235,0.047852950957208984,-0.05425086601736573,0.7881149143201435,0.7412536460068084,True,True,True
2,full,PM::Dustin Lewellyn,Dustin Lewellyn,3,3,2024-03-13,2026-03-13,501,0.880711953059289,0.1355123149380173,-0.15386678296722822,0.7881149143201435,0.7412536460068084,True,True,True
2,full,PM::John W. Gambla,John W. Gambla,7,7,2024-03-13,2026-03-13,501,0.8707988555299647,0.10747553456762327,-0.12342176828219886,0.7881149143201435,0.7412536460068084,True,True,True
2,full,PM::Rob A. Guttschow,Rob A. Guttschow,7,7,2024-03-13,2026-03-13,501,0.8707988555299647,0.10747553456762327,-0.12342176828219886,0.7881149143201435,0.7412536460068084,True,True,True
2,full,PM::Derek Devens,Derek Devens,1,1,2024-03-13,2026-03-13,501,0.8530678764926197,0.10795915638880693,-0.1265540050959133,0.7881149143201435,0.7412536460068084,True,True,True
2,full,PM::Eric Zhou,Eric Zhou,1,1,2024-03-13,2026-03-13,501,0.8530678764926197,0.10795915638880693,-0.1265540050959133,0.7881149143201435,0.7412536460068084,True,True,True
2,full,PM::Rory Ewing,Rory Ewing,1,1,2024-03-13,2026-03-13,501,0.8530678764926197,0.10795915638880693,-0.1265540050959133,0.7881149143201435,0.7412536460068084,True,True,True
2,full,PM::Alex Zweber,Alex Zweber,2,2,2024-03-13,2026-03-13,501,0.8297279646826077,0.09887261471123265,-0.11916268815774334,0.7881149143201435,0.7412536460068084,True,True,True
2,full,PM::Larry Berman,Larry Berman,2,2,2024-03-13,2026-03-13,501,0.8297279646826077,0.09887261471123265,-0.11916268815774334,0.7881149143201435,0.7412536460068084,True,True,True
2,full,PM::Michael Zaslavsky,Michael Zaslavsky,2,2,2024-03-13,2026-03-13,501,0.8297279646826077,0.09887261471123265,-0.11916268815774334,0.7881149143201435,0.7412536460068084,True,True,True
2,full,PM::James H Stavena,James H Stavena,3,3,2024-03-13,2026-03-13,501,0.8272639776952577,0.09526420980786421,-0.11515575726295801,0.7881149143201435,0.7412536460068084,True,True,True
2,full,PM::Torrey Zaches,Torrey Zaches,3,3,2024-03-13,2026-03-13,501,0.8272639776952556,0.09526420980786443,-0.11515575726295857,0.7881149143201435,0.7412536460068084,True,True,True
2,full,PM::Jay Pestrichelli,Jay Pestrichelli,7,7,2024-03-13,2026-03-13,501,0.8120602893424421,0.15562062185792525,-0.19163678350032054,0.7881149143201435,0.7412536460068084,True,True,True
2,full,PM::Raj Garigipati,Raj Garigipati,2,2,2024-03-13,2026-03-13,501,0.7951078326310205,0.1533718584434387,-0.19289441274390362,0.7881149143201435,0.7412536460068084,True,True,True
2,full,PM::Charles Collins,Charles Collins,1,1,2024-03-13,2026-03-13,501,0.7915947151502504,0.09273767975419056,-0.11715297990157536,0.7881149143201435,0.7412536460068084,True,True,True
2,full,PM::Jason A. Graffius,Jason A. Graffius,1,1,2024-03-13,2026-03-13,501,0.7915947151502504,0.09273767975419056,-0.11715297990157536,0.7881149143201435,0.7412536460068084,True,True,True
2,full,PM::Randall D. Schroeder,Randall D. Schroeder,1,1,2024-03-13,2026-03-13,501,0.7915947151502504,0.09273767975419056,-0.11715297990157536,0.7881149143201435,0.7412536460068084,True,True,True
2,full,PM::Andrew Beer,Andrew Beer,1,1,2024-03-13,2026-03-13,501,0.7536290407008469,0.11758304007861176,-0.1560224377357644,0.7881149143201435,0.7412536460068084,False,True,True
2,full,PM::Mathias Mamou-Mani,Mathias Mamou-Mani,1,1,2024-03-13,2026-03-13,501,0.7536290407008469,0.11758304007861176,-0.1560224377357644,0.7881149143201435,0.7412536460068084,False,True,True
2,full,PM::Michael Neches,Michael Neches,2,2,2024-03-13,2026-03-13,501,0.7404371954331176,0.1061996887219454,-0.14342835473010518,0.7881149143201435,0.7412536460068084,False,False,False
2,full,PM::Tarak Davé,Tarak Davé,2,2,2024-03-13,2026-03-13,501,0.7404371954331166,0.10619968872194518,-0.14342835473010507,0.7881149143201435,0.7412536460068084,False,False,False
2,full,PM::Eric Moreau,Eric Moreau,1,1,2024-03-13,2026-03-13,501,0.7263897744368721,0.14578584786755666,-0.200699201720696,0.7881149143201435,0.7412536460068084,False,False,False
2,full,PM::Hamilton Reiner,Hamilton Reiner,3,3,2024-03-13,2026-03-13,501,0.7188253362644265,0.10631507936082785,-0.14790112979784964,0.7881149143201435,0.7412536460068084,False,False,False
2,full,PM::Raffaele Zingone,Raffaele Zingone,2,2,2024-03-13,2026-03-13,501,0.7091794548125228,0.0855658670876771,-0.12065474613939164,0.7881149143201435,0.7412536460068084,False,False,False
2,full,PM::Vanessa Yang,Vanessa Yang,15,15,2024-03-13,2026-03-13,501,0.6851550330091691,0.11091397294584238,-0.16188157074277532,0.7881149143201435,0.7412536460068084,False,False,False
2,full,PM::Wayne Xie,Wayne Xie,15,15,2024-03-13,2026-03-13,501,0.6851550330091691,0.1109139729458426,-0.16188157074277565,0.7881149143201435,0.7412536460068084,False,False,False
2,full,PM::Christopher Day,Christopher Day,1,1,2024-03-13,2026-03-13,501,0.6694193456977787,0.039769512203805535,-0.05940896757674552,0.7881149143201435,0.7412536460068084,False,False,False
2,full,PM::Bob Elliott,Bob Elliott,1,1,2024-03-13,2026-03-13,501,0.6629578984552307,0.08824162060092289,-0.13310290262252877,0.7881149143201435,0.7412536460068084,False,False,False
2,full,PM::Bruce McNevin,Bruce McNevin,1,1,2024-03-13,2026-03-13,501,0.6629578984552307,0.08824162060092289,-0.13310290262252877,0.7881149143201435,0.7412536460068084,False,False,False
2,full,PM::James Maund,James Maund,2,2,2024-03-13,2026-03-13,501,0.6576213106780847,0.08826338125864197,-0.134216120775697,0.7881149143201435,0.7412536460068084,False,False,False
2,full,PM::Jonathan Shelon,Jonathan Shelon,2,2,2024-03-13,2026-03-13,501,0.6576213106780847,0.08826338125864197,-0.134216120775697,0.7881149143201435,0.7412536460068084,False,False,False
2,full,PM::Qiao Duan,Qiao Duan,6,6,2024-03-13,2026-03-13,501,0.6129962345792228,0.1025886049731346,-0.1673560116459022,0.7881149143201435,0.7412536460068084,False,False,False
2,full,PM::Russell Korgaonkar,Russell Korgaonkar,1,1,2024-03-13,2026-03-13,501,0.5996198602908601,0.11828798853425138,-0.1972716321918906,0.7881149143201435,0.7412536460068084,False,False,False
2,full,PM::Rafael Zayas,Rafael Zayas,4,4,2024-03-13,2026-03-13,501,0.5462564571243007,0.09363941061294412,-0.17142023566347786,0.7881149143201435,0.7412536460068084,False,False,False
2,full,PM::David P. Kalis,David P. Kalis,1,1,2024-03-13,2026-03-13,501,0.5141623951128375,0.053254662024086796,-0.10357556781724497,0.7881149143201435,0.7412536460068084,False,False,False
2,full,PM::Gary D. Black,Gary D. Black,1,1,2024-03-13,2026-03-13,501,0.5141623951128375,0.053254662024086796,-0.10357556781724497,0.7881149143201435,0.7412536460068084,False,False,False
2,full,PM::Austin Wen,Austin Wen,4,4,2024-03-13,2026-03-13,501,0.39114384947595887,0.08894250385447355,-0.227390777008601,0.7881149143201435,0.7412536460068084,False,False,False
2,full,PM::Andrew F. Ngim,Andrew F. Ngim,1,1,2024-03-13,2026-03-13,501,0.36048252561270416,0.09457497754710875,-0.26235662154874706,0.7881149143201435,0.7412536460068084,False,False,False
2,full,PM::Darius Coby,Darius Coby,1,1,2024-03-13,2026-03-13,501,0.36048252561270416,0.09457497754710875,-0.26235662154874706,0.7881149143201435,0.7412536460068084,False,False,False
2,full,PM::Seth Lancaster,Seth Lancaster,1,1,2024-03-13,2026-03-13,501,0.36048252561270416,0.09457497754710875,-0.26235662154874706,0.7881149143201435,0.7412536460068084,False,False,False
2,full,PM::Jerry Ralph Parker,Jerry Ralph Parker,1,1,2024-03-13,2026-03-13,501,0.34498754712209967,0.05767704759650738,-0.1671858827301208,0.7881149143201435,0.7412536460068084,False,False,False
2,full,PM::Jon Robinson,Jon Robinson,1,1,2024-03-13,2026-03-13,501,0.34498754712209967,0.05767704759650738,-0.1671858827301208,0.7881149143201435,0.7412536460068084,False,False,False
2,full,PM::Michael J. Winter,Michael J. Winter,1,1,2024-03-13,2026-03-13,501,0.3298449042392512,0.04803936519406471,-0.14564228392390022,0.7881149143201435,0.7412536460068084,False,False,False
2,full,PM::Peter Hubbard,Peter Hubbard,1,1,2024-03-13,2026-03-13,501,0.3034752549874728,0.04486927620636694,-0.147851514971852,0.7881149143201435,0.7412536460068084,False,False,False
2,full,PM::Theodore Samulowitz,Theodore Samulowitz,1,1,2024-03-13,2026-03-13,501,0.3034752549874728,0.04486927620636694,-0.147851514971852,0.7881149143201435,0.7412536460068084,False,False,False
2,full,PM::David Hemming,David Hemming,1,1,2024-03-13,2026-03-13,501,0.3034752549874715,0.044869276206366715,-0.1478515149718519,0.7881149143201435,0.7412536460068084,False,False,False
2,full,PM::Nancy Davis,Nancy Davis,1,1,2024-03-13,2026-03-13,501,0.22385484622572374,0.02255243846573962,-0.10074581294969553,0.7881149143201435,0.7412536460068084,False,False,False
2,full,PM::Drew Justman,Drew Justman,1,1,2024-03-13,2026-03-13,501,0.21115438332600395,0.0379043811755162,-0.17951027385017693,0.7881149143201435,0.7412536460068084,False,False,False
2,full,PM::Ray DiBernardo,Ray DiBernardo,1,1,2024-03-13,2026-03-13,501,0.21115438332600395,0.0379043811755162,-0.17951027385017693,0.7881149143201435,0.7412536460068084,False,False,False
2,full,PM::Jacob Hemmer,Jacob Hemmer,1,1,2024-03-13,2026-03-13,501,0.1678363013512145,0.03134931240930383,-0.1867850527979773,0.7881149143201435,0.7412536460068084,False,False,False
2,full,PM::Gerry O’Donnell,Gerry O’Donnell,1,1,2024-03-13,2026-03-13,501,0.1395304025756085,0.033691673846417025,-0.24146475050955463,0.7881149143201435,0.7412536460068084,False,False,False
2,full,PM::Kevin Kelly,Kevin Kelly,1,1,2024-03-13,2026-03-13,501,0.1395304025756085,0.033691673846417025,-0.24146475050955463,0.7881149143201435,0.7412536460068084,False,False,False
2,full,PM::David Berns,David Berns,4,4,2024-03-13,2026-03-13,501,0.09739409985047369,0.010396714107809846,-0.10674891111239404,0.7881149143201435,0.7412536460068084,False,False,False
2,full,PM::Peter simasek,Peter simasek,1,1,2024-03-13,2026-03-13,501,0.06215484700879075,0.0057119293741012545,-0.0918983739641962,0.7881149143201435,0.7412536460068084,False,False,False
2,full,PM::David C. Pursell,David C. Pursell,1,1,2024-03-13,2026-03-13,501,0.06215484700878049,0.005711929374100366,-0.09189837396419709,0.7881149143201435,0.7412536460068084,False,False,False
2,full,PM::David Aspell,David Aspell,1,1,2024-03-13,2026-03-13,501,0.01682357154500436,0.0030980080962832446,-0.18414687321273204,0.7881149143201435,0.7412536460068084,False,False,False
2,full,PM::Gerald L. Prior,Gerald L. Prior,1,1,2024-03-13,2026-03-13,501,0.01682357154500436,0.0030980080962832446,-0.18414687321273204,0.7881149143201435,0.7412536460068084,False,False,False
2,full,PM::Timothy J. Rudderow,Timothy J. Rudderow,1,1,2024-03-13,2026-03-13,501,0.01682357154500436,0.0030980080962832446,-0.18414687321273204,0.7881149143201435,0.7412536460068084,False,False,False
2,full,PM::Josh Belko,Josh Belko,1,1,2024-03-13,2026-03-13,501,-0.2426596265205076,-0.08477428961418731,-0.3493547353952714,0.7881149143201435,0.7412536460068084,False,False,False
2,full,PM::William H. DeRoche,William H. DeRoche,1,1,2024-03-13,2026-03-13,501,-0.24265962652050885,-0.08477428961418743,-0.34935473539527007,0.7881149143201435,0.7412536460068084,False,False,False
2,full,PM::Philip Lee,Philip Lee,1,1,2024-03-13,2026-03-13,501,-0.2426596265205093,-0.08477428961418809,-0.3493547353952722,0.7881149143201435,0.7412536460068084,False,False,False
2,full,PM::David Jackson,David Jackson,1,1,2024-03-13,2026-03-13,501,-0.545215341837045,-0.25532457181921286,-0.46830041678380496,0.7881149143201435,0.7412536460068084,False,False,False
2,partial,PM::Greg Stoner,Greg Stoner,1,1,2024-08-21,2026-03-13,390,6.04659179275051,0.04133509448136907,-0.006836098069482266,0.6760785036609239,0.656209733959744,True,True,True
2,partial,PM::Zachary Wainwright,Zachary Wainwright,1,1,2024-08-21,2026-03-13,390,6.04659179275051,0.04133509448136907,-0.006836098069482266,0.6760785036609239,0.656209733959744,True,True,True
2,partial,PM::David Orr,David Orr,1,1,2025-01-16,2026-03-13,289,3.9444333095243644,0.3406807427451899,-0.08637000958352381,0.6113113354389889,0.6182447465317363,True,True,True
2,partial,PM::Ali Toyran,Ali Toyran,1,1,2024-12-23,2026-03-13,304,2.391137490486671,0.1394217486355116,-0.05830770885832037,0.5544229441919155,0.5084070821767306,True,True,True
2,partial,PM::Clifford Stanton,Clifford Stanton,1,1,2024-12-23,2026-03-13,304,2.391137490486671,0.1394217486355116,-0.05830770885832037,0.5544229441919155,0.5084070821767306,True,True,True
2,partial,PM::Paul Wright,Paul Wright,1,1,2024-12-23,2026-03-13,304,2.391137490486671,0.1394217486355116,-0.05830770885832037,0.5544229441919155,0.5084070821767306,True,True,True
2,partial,PM::Aron Kershner,Aron Kershner,2,2,2025-03-11,2026-03-13,253,1.629231491031274,0.2267296755838455,-0.13916357302934879,1.4895892633715049,1.6841181993634171,True,False,True
2,partial,PM::John Sienkiewicz,John Sienkiewicz,2,2,2025-03-11,2026-03-13,253,1.629231491031274,0.2267296755838455,-0.13916357302934879,1.4895892633715049,1.6841181993634171,True,False,True
2,partial,PM::Jason England,Jason England,1,1,2024-11-04,2026-03-13,338,0.8675369534573817,0.047064631027130543,-0.054250866017366284,0.6999193424607935,0.7323591776750803,True,True,True
2,partial,PM::Jeffrey A. Schwarte,Jeffrey A. Schwarte,1,1,2024-11-04,2026-03-13,338,0.7836146138041964,0.08279700064218787,-0.10566035801736151,0.6999193424607935,0.7323591776750803,True,True,True
2,partial,PM::Christopher P. Mullen,Christopher P. Mullen,2,2,2024-05-17,2026-03-13,455,0.7279883702802811,0.10521158499471417,-0.14452371671020914,0.7754929828219284,0.7450587879200022,False,False,False
2,partial,PM::Robert T. Cummings,Robert T. Cummings,1,1,2024-08-21,2026-03-13,390,0.6752896579244789,0.10324082573086812,-0.15288376553578742,0.6760785036609239,0.656209733959744,False,True,True
2,partial,PM::Robert J. Pascarella,Robert J. Pascarella,1,1,2024-05-17,2026-03-13,455,0.6667895141124456,0.11633620215531115,-0.17447215304542496,0.7754929828219284,0.7450587879200022,False,False,False
2,partial,PM::Matthew P Bensen,Matthew P Bensen,3,3,2024-11-04,2026-03-13,338,0.6049764280281006,0.08947669720642382,-0.14790112979785008,0.6999193424607935,0.7323591776750803,False,False,False
2,partial,PM::Sam Jurrens,Sam Jurrens,1,1,2024-04-03,2026-03-13,487,0.5895638334594655,0.11177697137634235,-0.18959265313215212,0.7815052107741015,0.7496259216630029,False,False,False
2,partial,PM::Brian Cooper,Brian Cooper,1,1,2024-09-30,2026-03-13,363,0.4777129110837113,0.0672980994839294,-0.1408756136217062,0.6202849915176947,0.6633537642728716,False,False,False
2,partial,PM::Todd Alberico,Todd Alberico,1,1,2024-09-30,2026-03-13,363,0.4777129110837113,0.0672980994839294,-0.1408756136217062,0.6202849915176947,0.6633537642728716,False,False,False
2,partial,PM::Yin Bhuyan,Yin Bhuyan,2,2,2024-12-05,2026-03-13,316,0.17628648065719627,0.046954296637689685,-0.26635222657258795,0.455380124706492,0.5022550160635393,False,False,False
2,partial,PM::Vlasta Sheremeta,Vlasta Sheremeta,1,1,2024-05-10,2026-03-13,460,0.11279046474075569,0.016973065771253903,-0.15048316194339484,0.8215069145298524,0.7976613459250469,False,False,False
2,partial,PM::Alexander D. Healy,Alexander D. Healy,1,1,2024-05-17,2026-03-13,455,0.0714964356100273,0.010940220620184737,-0.15301770678271942,0.7754929828219284,0.7450587879200022,False,False,False
2,partial,PM::Kathryn M. Kaminski,Kathryn M. Kaminski,1,1,2024-05-17,2026-03-13,455,0.0714964356100273,0.010940220620184737,-0.15301770678271942,0.7754929828219284,0.7450587879200022,False,False,False
2,partial,PM::Paisley Nardini,Paisley Nardini,1,1,2024-11-04,2026-03-13,338,-0.7311290594206173,-0.3395946921923304,-0.4644798176418291,0.6999193424607935,0.7323591776750803,False,False,False
3,full,PM::Daniel Snover,Daniel Snover,1,1,2023-03-13,2026-03-13,753,2.0874379008280584,0.14067784586738763,-0.06739258964857475,1.144430973892357,1.21921245839972,True,True,True
3,full,PM::Jeffrey W. Kernagis,Jeffrey W. Kernagis,1,1,2023-03-13,2026-03-13,753,2.0874379008280584,0.14067784586738763,-0.06739258964857475,1.144430973892357,1.21921245839972,True,True,True
3,full,PM::Eric Becker,Eric Becker,2,2,2023-03-13,2026-03-13,753,1.996210386547597,0.08413948961162498,-0.04214961017067065,1.144430973892357,1.21921245839972,True,True,True
3,full,PM::John S. Orrico,John S. Orrico,2,2,2023-03-13,2026-03-13,753,1.996210386547597,0.08413948961162498,-0.04214961017067065,1.144430973892357,1.21921245839972,True,True,True
3,full,PM::Greg Barrato,Greg Barrato,2,2,2023-03-13,2026-03-13,753,1.9482179253496432,0.07299862063630091,-0.03746943280136383,1.144430973892357,1.21921245839972,True,True,True
3,full,PM::Ken Miller,Ken Miller,2,2,2023-03-13,2026-03-13,753,1.7483719152413375,0.15008543966948462,-0.08584297102986094,1.144430973892357,1.21921245839972,True,True,True
3,full,PM::David France,David France,3,3,2023-03-13,2026-03-13,753,1.7211120452183282,0.21037666805147537,-0.1222329880474391,1.144430973892357,1.21921245839972,True,True,True
3,full,PM::Todd Frysinger,Todd Frysinger,3,3,2023-03-13,2026-03-13,753,1.7211120452183282,0.21037666805147537,-0.1222329880474391,1.144430973892357,1.21921245839972,True,True,True
3,full,PM::Sundaram Chettiappan,Sundaram Chettiappan,1,1,2023-03-13,2026-03-13,753,1.6813580096694078,0.1124799772662255,-0.06689829091684141,1.144430973892357,1.21921245839972,True,True,True
3,full,PM::Vaneet Chadha,Vaneet Chadha,1,1,2023-03-13,2026-03-13,753,1.6813580096694078,0.1124799772662255,-0.06689829091684141,1.144430973892357,1.21921245839972,True,True,True
3,full,PM::Marlene Walker-Smith,Marlene Walker-Smith,2,2,2023-03-13,2026-03-13,753,1.5122028826323062,0.24294190125849902,-0.16065430376353185,1.144430973892357,1.21921245839972,True,True,True
3,full,PM::Daniel J. Lindquist,Daniel J. Lindquist,1,1,2023-03-13,2026-03-13,753,1.465523947100798,0.10207107622493061,-0.06964818038412457,1.144430973892357,1.21921245839972,True,True,True
3,full,PM::Kevin G. Simpson,Kevin G. Simpson,2,2,2023-03-13,2026-03-13,753,1.4531594045440295,0.19236110813935503,-0.13237440265523648,1.144430973892357,1.21921245839972,True,True,True
3,full,PM::Ryland Matthews,Ryland Matthews,1,1,2023-03-13,2026-03-13,753,1.444664963882117,0.22327312048184855,-0.15455010404756198,1.144430973892357,1.21921245839972,True,True,True
3,full,PM::Christopher Plunkett,Christopher Plunkett,1,1,2023-03-13,2026-03-13,753,1.4349234755671798,0.05886273313150192,-0.0410215137836778,1.144430973892357,1.21921245839972,True,True,True
3,full,PM::Ammie Weidner,Ammie Weidner,1,1,2023-03-13,2026-03-13,753,1.4230996267473108,0.12955959780191484,-0.09104042708383042,1.144430973892357,1.21921245839972,True,True,True
3,full,PM::Andrew Mies,Andrew Mies,1,1,2023-03-13,2026-03-13,753,1.4230996267473108,0.12955959780191484,-0.09104042708383042,1.144430973892357,1.21921245839972,True,True,True
3,full,PM::Michael Green,Michael Green,1,1,2023-03-13,2026-03-13,753,1.3630450904654687,0.15307749854394803,-0.11230552797902915,1.144430973892357,1.21921245839972,True,True,True
3,full,PM::Patrick Dwyer,Patrick Dwyer,6,6,2023-03-13,2026-03-13,753,1.3363789256407195,0.19737147505533748,-0.14769125078855072,1.144430973892357,1.21921245839972,True,True,True
3,full,PM::Ashif Shaikh,Ashif Shaikh,6,6,2023-03-13,2026-03-13,753,1.3363789256407186,0.19737147505533703,-0.1476912507885505,1.144430973892357,1.21921245839972,True,True,True
3,full,PM::Shlomo Bassous,Shlomo Bassous,6,6,2023-03-13,2026-03-13,753,1.3363789256407155,0.19737147505533748,-0.14769125078855116,1.144430973892357,1.21921245839972,True,True,True
3,full,PM::Josh L. Smith,Josh L. Smith,1,1,2023-03-13,2026-03-13,753,1.3091832697208492,0.15870732638196317,-0.12122621030423308,1.144430973892357,1.21921245839972,True,True,True
3,full,PM::Andrew Serowik,Andrew Serowik,2,2,2023-03-13,2026-03-13,753,1.1731093032719917,0.11856124226814924,-0.10106581026803108,1.144430973892357,1.21921245839972,True,False,True
3,full,PM::Kenneth R. Hyman,Kenneth R. Hyman,1,1,2023-03-13,2026-03-13,753,1.1554021299502681,0.13441491229079006,-0.11633604336230163,1.144430973892357,1.21921245839972,True,False,True
3,full,PM::Eric Moreau,Eric Moreau,1,1,2023-03-13,2026-03-13,753,1.1383968665871371,0.22847534236537959,-0.20069920172069555,1.144430973892357,1.21921245839972,False,False,False
3,full,PM::Nam To,Nam To,1,1,2023-03-13,2026-03-13,753,1.1325477710519856,0.11418234829916196,-0.10081901286433315,1.144430973892357,1.21921245839972,False,False,False
3,full,PM::Torrey Zaches,Torrey Zaches,3,3,2023-03-13,2026-03-13,753,1.114447511408567,0.12833504710607468,-0.1151557572629599,1.144430973892357,1.21921245839972,False,False,False
3,full,PM::James H Stavena,James H Stavena,3,3,2023-03-13,2026-03-13,753,1.1144475114085661,0.12833504710607446,-0.11515575726295979,1.144430973892357,1.21921245839972,False,False,False
3,full,PM::Brian Murphy,Brian Murphy,1,1,2023-03-13,2026-03-13,753,1.1027822254536808,0.040464285489483,-0.03669290686367033,1.144430973892357,1.21921245839972,False,False,False
3,full,PM::Michael Grayson,Michael Grayson,1,1,2023-03-13,2026-03-13,753,1.1027822254536808,0.040464285489483,-0.03669290686367033,1.144430973892357,1.21921245839972,False,False,False
3,full,PM::Michael Peck,Michael Peck,1,1,2023-03-13,2026-03-13,753,1.1027822254536808,0.040464285489483,-0.03669290686367033,1.144430973892357,1.21921245839972,False,False,False
3,full,PM::Hamilton Reiner,Hamilton Reiner,3,3,2023-03-13,2026-03-13,753,1.0965623954548065,0.16218281718160177,-0.1479011297978492,1.144430973892357,1.21921245839972,False,False,False
3,full,PM::Charles Collins,Charles Collins,1,1,2023-03-13,2026-03-13,753,1.0556112045862196,0.12903089492405462,-0.12223335103252564,1.144430973892357,1.21921245839972,False,False,False
3,full,PM::Jason A. Graffius,Jason A. Graffius,1,1,2023-03-13,2026-03-13,753,1.0556112045862196,0.12903089492405462,-0.12223335103252564,1.144430973892357,1.21921245839972,False,False,False
3,full,PM::Randall D. Schroeder,Randall D. Schroeder,1,1,2023-03-13,2026-03-13,753,1.0556112045862196,0.12903089492405462,-0.12223335103252564,1.144430973892357,1.21921245839972,False,False,False
3,full,PM::Garrett Paolella,Garrett Paolella,2,2,2023-03-13,2026-03-13,753,1.0463099230048922,0.27908228528655155,-0.2667300377741392,1.144430973892357,1.21921245839972,False,False,False
3,full,PM::Troy Cates,Troy Cates,2,2,2023-03-13,2026-03-13,753,1.0463099230048922,0.27908228528655155,-0.2667300377741392,1.144430973892357,1.21921245839972,False,False,False
3,full,PM::Dustin Lewellyn,Dustin Lewellyn,3,3,2023-03-13,2026-03-13,753,1.021638868180006,0.15719628600113733,-0.1538667829672279,1.144430973892357,1.21921245839972,False,False,False
3,full,PM::James Maund,James Maund,2,2,2023-03-13,2026-03-13,753,1.0104126805180567,0.13561367036170746,-0.13421612077569722,1.144430973892357,1.21921245839972,False,False,False
3,full,PM::Jonathan Shelon,Jonathan Shelon,2,2,2023-03-13,2026-03-13,753,1.0104126805180567,0.13561367036170746,-0.13421612077569722,1.144430973892357,1.21921245839972,False,False,False
3,full,PM::Raffaele Zingone,Raffaele Zingone,2,2,2023-03-13,2026-03-13,753,0.9914224196114744,0.1196198203551242,-0.12065474613939198,1.144430973892357,1.21921245839972,False,False,False
3,full,PM::John W. Gambla,John W. Gambla,7,7,2023-03-13,2026-03-13,753,0.984736649494367,0.12153793857288275,-0.12342176828219897,1.144430973892357,1.21921245839972,False,False,False
3,full,PM::Rob A. Guttschow,Rob A. Guttschow,7,7,2023-03-13,2026-03-13,753,0.984736649494367,0.12153793857288275,-0.12342176828219897,1.144430973892357,1.21921245839972,False,False,False
3,full,PM::Charles A. Ragauss,Charles A. Ragauss,6,6,2023-03-13,2026-03-13,753,0.9820926474242447,0.10540431303300535,-0.1073262418871086,1.144430973892357,1.21921245839972,False,False,False
3,full,PM::Tarak Davé,Tarak Davé,2,2,2023-03-13,2026-03-13,753,0.9525501549855204,0.13662270152747968,-0.14342835473010496,1.144430973892357,1.21921245839972,False,False,False
3,full,PM::Michael Neches,Michael Neches,2,2,2023-03-13,2026-03-13,753,0.9525501549855128,0.1366227015274788,-0.14342835473010518,1.144430973892357,1.21921245839972,False,False,False
3,full,PM::Vanessa Yang,Vanessa Yang,15,15,2023-03-13,2026-03-13,753,0.9412376935259766,0.15236903627029164,-0.16188157074277487,1.144430973892357,1.21921245839972,False,False,False
3,full,PM::Wayne Xie,Wayne Xie,15,15,2023-03-13,2026-03-13,753,0.9412376935259754,0.15236903627029186,-0.16188157074277532,1.144430973892357,1.21921245839972,False,False,False
3,full,PM::Jay Pestrichelli,Jay Pestrichelli,7,7,2023-03-13,2026-03-13,753,0.8667366714502511,0.16609862785849994,-0.1916367835003202,1.144430973892357,1.21921245839972,False,False,False
3,full,PM::Michael J. Venuto,Michael J. Venuto,3,3,2023-03-13,2026-03-13,753,0.823007599959093,0.10719372994726095,-0.1302463427465177,1.144430973892357,1.21921245839972,False,False,False
3,full,PM::Vincent M. Lorusso,Vincent M. Lorusso,1,1,2023-03-13,2026-03-13,753,0.8040965380910859,0.12276064600412684,-0.1526690393364445,1.144430973892357,1.21921245839972,False,False,False
3,full,PM::Jeffrey E. Gundlach,Jeffrey E. Gundlach,1,1,2023-03-13,2026-03-13,753,0.6706441667066967,0.045625941353426125,-0.06803301007966633,1.144430973892357,1.21921245839972,False,False,False
3,full,PM::Jeffrey J. Sherman,Jeffrey J. Sherman,1,1,2023-03-13,2026-03-13,753,0.6706441667066967,0.045625941353426125,-0.06803301007966633,1.144430973892357,1.21921245839972,False,False,False
3,full,PM::Bob Elliott,Bob Elliott,1,1,2023-03-13,2026-03-13,753,0.6549369993337966,0.08717401564621774,-0.1331029026225291,1.144430973892357,1.21921245839972,False,False,False
3,full,PM::Bruce McNevin,Bruce McNevin,1,1,2023-03-13,2026-03-13,753,0.6549369993337966,0.08717401564621774,-0.1331029026225291,1.144430973892357,1.21921245839972,False,False,False
3,full,PM::Andrew Beer,Andrew Beer,1,1,2023-03-13,2026-03-13,753,0.6506322019133887,0.10151322221191461,-0.15602243773576385,1.144430973892357,1.21921245839972,False,False,False
3,full,PM::Mathias Mamou-Mani,Mathias Mamou-Mani,1,1,2023-03-13,2026-03-13,753,0.6506322019133887,0.10151322221191461,-0.15602243773576385,1.144430973892357,1.21921245839972,False,False,False
3,full,PM::Peter Hubbard,Peter Hubbard,1,1,2023-03-13,2026-03-13,753,0.5514382062702704,0.08153097421042022,-0.14785151497185223,1.144430973892357,1.21921245839972,False,False,False
3,full,PM::Theodore Samulowitz,Theodore Samulowitz,1,1,2023-03-13,2026-03-13,753,0.5514382062702704,0.08153097421042022,-0.14785151497185223,1.144430973892357,1.21921245839972,False,False,False
3,full,PM::David Hemming,David Hemming,1,1,2023-03-13,2026-03-13,753,0.5514382062702693,0.08153097421041999,-0.14785151497185212,1.144430973892357,1.21921245839972,False,False,False
3,full,PM::David Berns,David Berns,4,4,2023-03-13,2026-03-13,753,0.46961677503511184,0.05013107937511241,-0.10674891111239426,1.144430973892357,1.21921245839972,False,False,False
3,full,PM::Michael J. Winter,Michael J. Winter,1,1,2023-03-13,2026-03-13,753,0.25458866536359415,0.03707887468469151,-0.14564228392390066,1.144430973892357,1.21921245839972,False,False,False
3,full,PM::David Aspell,David Aspell,1,1,2023-03-13,2026-03-13,753,0.016447073461268558,0.0036649301855951055,-0.2228317514496242,1.144430973892357,1.21921245839972,False,False,False
3,full,PM::Gerald L. Prior,Gerald L. Prior,1,1,2023-03-13,2026-03-13,753,0.016447073461268558,0.0036649301855951055,-0.2228317514496242,1.144430973892357,1.21921245839972,False,False,False
3,full,PM::Timothy J. Rudderow,Timothy J. Rudderow,1,1,2023-03-13,2026-03-13,753,0.016447073461268558,0.0036649301855951055,-0.2228317514496242,1.144430973892357,1.21921245839972,False,False,False
3,full,PM::Nancy Davis,Nancy Davis,1,1,2023-03-13,2026-03-13,753,-0.10409142809243584,-0.024174598169992012,-0.23224388994379397,1.144430973892357,1.21921245839972,False,False,False
3,full,PM::Peter simasek,Peter simasek,1,1,2023-03-13,2026-03-13,753,-0.19253861454232146,-0.03187693821838877,-0.16556127348356908,1.144430973892357,1.21921245839972,False,False,False
3,full,PM::David C. Pursell,David C. Pursell,1,1,2023-03-13,2026-03-13,753,-0.1925386145423241,-0.031876938218389106,-0.16556127348356853,1.144430973892357,1.21921245839972,False,False,False
3,full,PM::Josh Belko,Josh Belko,1,1,2023-03-13,2026-03-13,753,-0.20741072593123114,-0.07245991927584639,-0.3493547353952713,1.144430973892357,1.21921245839972,False,False,False
3,full,PM::William H. DeRoche,William H. DeRoche,1,1,2023-03-13,2026-03-13,753,-0.20741072593123147,-0.07245991927584627,-0.3493547353952702,1.144430973892357,1.21921245839972,False,False,False
3,full,PM::Philip Lee,Philip Lee,1,1,2023-03-13,2026-03-13,753,-0.20741072593123297,-0.07245991927584716,-0.34935473539527195,1.144430973892357,1.21921245839972,False,False,False
3,partial,PM::Francis J. Ok,Francis J. Ok,2,2,2023-10-03,2026-03-13,612,2.052503713365619,0.07690614996250211,-0.0374694328013635,1.16554572392287,1.0666854959624565,True,True,True
3,partial,PM::Christopher W. Floyd,Christopher W. Floyd,1,1,2023-10-03,2026-03-13,612,1.6846778358075956,0.11270206796101112,-0.0668982909168413,1.16554572392287,1.0666854959624565,True,True,True
3,partial,PM::Christopher Day,Christopher Day,1,1,2023-08-04,2026-03-13,653,1.3723230811854765,0.0815282974349687,-0.05940896757674641,0.9516402253199291,0.8986163249805853,True,True,True
3,partial,PM::Raj Garigipati,Raj Garigipati,2,2,2023-10-30,2026-03-13,593,1.154189003978738,0.22263661011795022,-0.19289441274390406,1.2467856470437468,1.1429303553521488,False,True,True
3,partial,PM::R. Matthew Freund,R. Matthew Freund,1,1,2024-01-17,2026-03-13,540,1.1489741957249755,0.1522645388115509,-0.13252215704938053,0.9828426379286045,0.8719580295346524,True,True,True
3,partial,PM::Shaheen Iqubal,Shaheen Iqubal,1,1,2024-01-17,2026-03-13,540,1.1489741957249755,0.1522645388115509,-0.13252215704938053,0.9828426379286045,0.8719580295346524,True,True,True
3,partial,PM::Alex Zweber,Alex Zweber,2,2,2023-10-20,2026-03-13,599,1.118205903497573,0.13324842137462856,-0.119162688157743,1.1960906463608056,1.0945856988279903,False,True,True
3,partial,PM::Larry Berman,Larry Berman,2,2,2023-10-20,2026-03-13,599,1.118205903497573,0.13324842137462856,-0.119162688157743,1.1960906463608056,1.0945856988279903,False,True,True
3,partial,PM::Michael Zaslavsky,Michael Zaslavsky,2,2,2023-10-20,2026-03-13,599,1.118205903497573,0.13324842137462856,-0.119162688157743,1.1960906463608056,1.0945856988279903,False,True,True
3,partial,PM::Shailesh Gupta,Shailesh Gupta,1,1,2023-11-20,2026-03-13,578,1.0161837713990782,0.0551288496311928,-0.05425086601736573,1.0310906843880983,0.9099624377020913,False,True,True
3,partial,PM::Matthew A. Heimann,Matthew A. Heimann,1,1,2023-08-01,2026-03-13,656,0.9592391814251657,0.11159409100509765,-0.11633604336230252,0.8954910290145853,0.8365860051678978,True,True,True
3,partial,PM::Derek Devens,Derek Devens,1,1,2024-01-30,2026-03-13,531,0.8894675577154416,0.11256568183176996,-0.12655400509591375,0.8859438385551772,0.7803371275609542,True,True,True
3,partial,PM::Eric Zhou,Eric Zhou,1,1,2024-01-30,2026-03-13,531,0.8894675577154416,0.11256568183176996,-0.12655400509591375,0.8859438385551772,0.7803371275609542,True,True,True
3,partial,PM::Rory Ewing,Rory Ewing,1,1,2024-01-30,2026-03-13,531,0.8894675577154416,0.11256568183176996,-0.12655400509591375,0.8859438385551772,0.7803371275609542,True,True,True
3,partial,PM::Rafael Zayas,Rafael Zayas,4,4,2023-11-03,2026-03-13,589,0.7737066555600627,0.13262897723050715,-0.17142023566347775,1.1307367782349371,1.0304694761168325,False,False,False
3,partial,PM::David P. Kalis,David P. Kalis,1,1,2023-06-22,2026-03-13,683,0.7535805002868002,0.07805252821320896,-0.10357556781724508,0.9603894504624574,0.886417163182256,False,False,False
3,partial,PM::Gary D. Black,Gary D. Black,1,1,2023-06-22,2026-03-13,683,0.7535805002868002,0.07805252821320896,-0.10357556781724508,0.9603894504624574,0.886417163182256,False,False,False
3,partial,PM::Qiao Duan,Qiao Duan,6,6,2023-07-13,2026-03-13,669,0.683308402633225,0.11435576898882815,-0.1673560116459012,0.9125597205261634,0.8376893859723947,False,False,False
3,partial,PM::Austin Wen,Austin Wen,4,4,2023-10-12,2026-03-13,605,0.6365332448328258,0.1447417891343421,-0.22739077700860066,1.1043049207958204,0.986826428043251,False,False,False
3,partial,PM::Andrew F. Ngim,Andrew F. Ngim,1,1,2023-05-05,2026-03-13,715,0.5669972133814831,0.14875547333032002,-0.26235662154874717,1.0473339723655448,1.0831247722845279,False,False,False
3,partial,PM::Darius Coby,Darius Coby,1,1,2023-05-05,2026-03-13,715,0.5669972133814831,0.14875547333032002,-0.26235662154874717,1.0473339723655448,1.0831247722845279,False,False,False
3,partial,PM::Seth Lancaster,Seth Lancaster,1,1,2023-05-05,2026-03-13,715,0.5669972133814831,0.14875547333032002,-0.26235662154874717,1.0473339723655448,1.0831247722845279,False,False,False
3,partial,PM::Jacob Hemmer,Jacob Hemmer,1,1,2023-11-03,2026-03-13,589,0.41501029594125854,0.07751772003909152,-0.18678505279797575,1.1307367782349371,1.0304694761168325,False,False,False
3,partial,PM::Russell Korgaonkar,Russell Korgaonkar,1,1,2023-09-01,2026-03-13,633,0.3423684850036961,0.06910435206238152,-0.20184203596202932,0.959847452398586,0.898544846281557,False,False,False
3,partial,PM::Gerry O’Donnell,Gerry O’Donnell,1,1,2023-09-21,2026-03-13,620,0.3095797518817206,0.07475259755092956,-0.24146475050955485,1.088743331114752,1.0331716139691518,False,False,False
3,partial,PM::Kevin Kelly,Kevin Kelly,1,1,2023-09-21,2026-03-13,620,0.3095797518817206,0.07475259755092956,-0.24146475050955485,1.088743331114752,1.0331716139691518,False,False,False
3,partial,PM::Drew Justman,Drew Justman,1,1,2023-08-23,2026-03-13,640,0.3048254458750405,0.05471929926553054,-0.17951027385017604,0.9937619522861839,0.935218582990916,False,False,False
3,partial,PM::Ray DiBernardo,Ray DiBernardo,1,1,2023-08-23,2026-03-13,640,0.3048254458750405,0.05471929926553054,-0.17951027385017604,0.9937619522861839,0.935218582990916,False,False,False
3,partial,PM::Jerry Ralph Parker,Jerry Ralph Parker,1,1,2023-07-13,2026-03-13,669,0.27704896301290033,0.046318675440775836,-0.16718588273011903,0.9125597205261634,0.8376893859723947,False,False,False
3,partial,PM::Jon Robinson,Jon Robinson,1,1,2023-07-13,2026-03-13,669,0.27704896301290033,0.046318675440775836,-0.16718588273011903,0.9125597205261634,0.8376893859723947,False,False,False
3,partial,PM::David Jackson,David Jackson,1,1,2023-07-12,2026-03-13,670,-0.4003976495419599,-0.18750638615975557,-0.46830041678380463,0.9296781295833706,0.8695406886541116,False,False,False
4,full,PM::David France,David France,3,3,2022-03-14,2026-03-13,1003,1.6177895253585424,0.19774724771642305,-0.1222329880474392,0.629357807391203,0.5991391925223617,True,True,True
4,full,PM::Todd Frysinger,Todd Frysinger,3,3,2022-03-14,2026-03-13,1003,1.6177895253585424,0.19774724771642305,-0.1222329880474392,0.629357807391203,0.5991391925223617,True,True,True
4,full,PM::Marlene Walker-Smith,Marlene Walker-Smith,2,2,2022-03-14,2026-03-13,1003,1.38097885852398,0.2218601970283265,-0.16065430376353151,0.629357807391203,0.5991391925223617,True,True,True
4,full,PM::Patrick Dwyer,Patrick Dwyer,6,6,2022-03-14,2026-03-13,1003,1.116697600731925,0.1649264654046716,-0.14769125078855072,0.629357807391203,0.5991391925223617,True,True,True
4,full,PM::Shlomo Bassous,Shlomo Bassous,6,6,2022-03-14,2026-03-13,1003,1.1166976007319243,0.16492646540467137,-0.1476912507885506,0.629357807391203,0.5991391925223617,True,True,True
4,full,PM::Kevin G. Simpson,Kevin G. Simpson,2,2,2022-03-14,2026-03-13,1003,1.115824544429287,0.15121032233039844,-0.13551442570905115,0.629357807391203,0.5991391925223617,True,True,True
4,full,PM::Ammie Weidner,Ammie Weidner,1,1,2022-03-14,2026-03-13,1003,0.980496144698386,0.11453975626789559,-0.1168181607721972,0.629357807391203,0.5991391925223617,True,True,True
4,full,PM::Andrew Mies,Andrew Mies,1,1,2022-03-14,2026-03-13,1003,0.980496144698386,0.11453975626789559,-0.1168181607721972,0.629357807391203,0.5991391925223617,True,True,True
4,full,PM::Andrew Serowik,Andrew Serowik,2,2,2022-03-14,2026-03-13,1003,0.910668615324102,0.10638263271512516,-0.1168181607721972,0.629357807391203,0.5991391925223617,True,True,True
4,full,PM::Sundaram Chettiappan,Sundaram Chettiappan,1,1,2022-03-14,2026-03-13,1003,0.8922825980152951,0.08490437292363451,-0.0951541284257783,0.629357807391203,0.5991391925223617,True,True,True
4,full,PM::Vaneet Chadha,Vaneet Chadha,1,1,2022-03-14,2026-03-13,1003,0.8922825980152951,0.08490437292363451,-0.0951541284257783,0.629357807391203,0.5991391925223617,True,True,True
4,full,PM::Brian Murphy,Brian Murphy,1,1,2022-03-14,2026-03-13,1003,0.8685239921168295,0.03186866995160664,-0.036692906863671104,0.629357807391203,0.5991391925223617,True,True,True
4,full,PM::Michael Grayson,Michael Grayson,1,1,2022-03-14,2026-03-13,1003,0.8685239921168295,0.03186866995160664,-0.036692906863671104,0.629357807391203,0.5991391925223617,True,True,True
4,full,PM::Michael Peck,Michael Peck,1,1,2022-03-14,2026-03-13,1003,0.8685239921168295,0.03186866995160664,-0.036692906863671104,0.629357807391203,0.5991391925223617,True,True,True
4,full,PM::Josh L. Smith,Josh L. Smith,1,1,2022-03-14,2026-03-13,1003,0.8601844521148785,0.11802121305187319,-0.1372045411442886,0.629357807391203,0.5991391925223617,True,True,True
4,full,PM::Dustin Lewellyn,Dustin Lewellyn,3,3,2022-03-14,2026-03-13,1003,0.8164638927010779,0.12562667257881488,-0.153866782967228,0.629357807391203,0.5991391925223617,True,True,True
4,full,PM::Eric Becker,Eric Becker,2,2,2022-03-14,2026-03-13,1003,0.7969541282120703,0.054159043799171025,-0.06795754219966754,0.629357807391203,0.5991391925223617,True,True,True
4,full,PM::John S. Orrico,John S. Orrico,2,2,2022-03-14,2026-03-13,1003,0.7969541282120703,0.054159043799171025,-0.06795754219966754,0.629357807391203,0.5991391925223617,True,True,True
4,full,PM::Christopher Plunkett,Christopher Plunkett,1,1,2022-03-14,2026-03-13,1003,0.7051314802510203,0.03945769032850377,-0.055957919102487375,0.629357807391203,0.5991391925223617,True,True,True
4,full,PM::Greg Barrato,Greg Barrato,2,2,2022-03-14,2026-03-13,1003,0.6714560019907481,0.04707722343088272,-0.0701121492567005,0.629357807391203,0.5991391925223617,True,True,True
4,full,PM::Hamilton Reiner,Hamilton Reiner,3,3,2022-03-14,2026-03-13,1003,0.666370287906494,0.11071799964627438,-0.16615086485040054,0.629357807391203,0.5991391925223617,True,True,True
4,full,PM::Michael Green,Michael Green,1,1,2022-03-14,2026-03-13,1003,0.6655612294956543,0.12029727007651436,-0.18074560948760887,0.629357807391203,0.5991391925223617,True,True,True
4,full,PM::Raffaele Zingone,Raffaele Zingone,2,2,2022-03-14,2026-03-13,1003,0.6391642247095599,0.08764157962004249,-0.13711903174785378,0.629357807391203,0.5991391925223617,True,True,True
4,full,PM::Torrey Zaches,Torrey Zaches,3,3,2022-03-14,2026-03-13,1003,0.6334966861023086,0.07559756063069933,-0.11933379019837598,0.629357807391203,0.5991391925223617,True,True,True
4,full,PM::James H Stavena,James H Stavena,3,3,2022-03-14,2026-03-13,1003,0.6334966861023007,0.07559756063069889,-0.11933379019837675,0.629357807391203,0.5991391925223617,True,True,True
4,full,PM::John W. Gambla,John W. Gambla,7,7,2022-03-14,2026-03-13,1003,0.6278366080711836,0.07748870436044353,-0.1234217682821992,0.629357807391203,0.5991391925223617,False,True,True
4,full,PM::Rob A. Guttschow,Rob A. Guttschow,7,7,2022-03-14,2026-03-13,1003,0.6278366080711836,0.07748870436044353,-0.1234217682821992,0.629357807391203,0.5991391925223617,False,True,True
4,full,PM::Charles Collins,Charles Collins,1,1,2022-03-14,2026-03-13,1003,0.622717364993018,0.07611683026924165,-0.12223335103252675,0.629357807391203,0.5991391925223617,False,True,True
4,full,PM::Jason A. Graffius,Jason A. Graffius,1,1,2022-03-14,2026-03-13,1003,0.622717364993018,0.07611683026924165,-0.12223335103252675,0.629357807391203,0.5991391925223617,False,True,True
4,full,PM::Randall D. Schroeder,Randall D. Schroeder,1,1,2022-03-14,2026-03-13,1003,0.622717364993018,0.07611683026924165,-0.12223335103252675,0.629357807391203,0.5991391925223617,False,True,True
4,full,PM::Garrett Paolella,Garrett Paolella,2,2,2022-03-14,2026-03-13,1003,0.5918182193818606,0.15785569601114746,-0.2667300377741392,0.629357807391203,0.5991391925223617,False,False,False
4,full,PM::Troy Cates,Troy Cates,2,2,2022-03-14,2026-03-13,1003,0.5918182193818606,0.15785569601114746,-0.2667300377741392,0.629357807391203,0.5991391925223617,False,False,False
4,full,PM::Wayne Xie,Wayne Xie,15,15,2022-03-14,2026-03-13,1003,0.5484113023022608,0.09561949507991074,-0.17435726557511644,0.629357807391203,0.5991391925223617,False,False,False
4,full,PM::Vanessa Yang,Vanessa Yang,15,15,2022-03-14,2026-03-13,1003,0.5484113023022551,0.0956194950799103,-0.17435726557511744,0.629357807391203,0.5991391925223617,False,False,False
4,full,PM::David Berns,David Berns,4,4,2022-03-14,2026-03-13,1003,0.48187878056386835,0.05144003511336148,-0.1067489111123946,0.629357807391203,0.5991391925223617,False,False,False
4,full,PM::Nam To,Nam To,1,1,2022-03-14,2026-03-13,1003,0.4618237707723641,0.07763610360282924,-0.1681076387059699,0.629357807391203,0.5991391925223617,False,False,False
4,full,PM::Jay Pestrichelli,Jay Pestrichelli,7,7,2022-03-14,2026-03-13,1003,0.43649223910336354,0.08579100128166206,-0.19654645282558236,0.629357807391203,0.5991391925223617,False,False,False
4,full,PM::Kenneth R. Hyman,Kenneth R. Hyman,1,1,2022-03-14,2026-03-13,1003,0.4325297325475387,0.08440133109022008,-0.19513417168597458,0.629357807391203,0.5991391925223617,False,False,False
4,full,PM::Andrew Beer,Andrew Beer,1,1,2022-03-14,2026-03-13,1003,0.3915194177848323,0.07984307978723248,-0.20393134072116936,0.629357807391203,0.5991391925223617,False,False,False
4,full,PM::Mathias Mamou-Mani,Mathias Mamou-Mani,1,1,2022-03-14,2026-03-13,1003,0.3915194177848323,0.07984307978723248,-0.20393134072116936,0.629357807391203,0.5991391925223617,False,False,False
4,full,PM::Vincent M. Lorusso,Vincent M. Lorusso,1,1,2022-03-14,2026-03-13,1003,0.3667534514912463,0.07493502148638576,-0.2043198807855645,0.629357807391203,0.5991391925223617,False,False,False
4,full,PM::Michael J. Venuto,Michael J. Venuto,3,3,2022-03-14,2026-03-13,1003,0.35721503602110805,0.06407534395091741,-0.17937471127931792,0.629357807391203,0.5991391925223617,False,False,False
4,full,PM::Charles A. Ragauss,Charles A. Ragauss,6,6,2022-03-14,2026-03-13,1003,0.3272253259271281,0.058695948361459305,-0.17937471127931792,0.629357807391203,0.5991391925223617,False,False,False
4,full,PM::Michael Neches,Michael Neches,2,2,2022-03-14,2026-03-13,1003,0.23349125349543656,0.06503451882746258,-0.2785308565262109,0.629357807391203,0.5991391925223617,False,False,False
4,full,PM::Tarak Davé,Tarak Davé,2,2,2022-03-14,2026-03-13,1003,0.23349125349543495,0.06503451882746236,-0.2785308565262119,0.629357807391203,0.5991391925223617,False,False,False
4,full,PM::Peter Hubbard,Peter Hubbard,1,1,2022-03-14,2026-03-13,1003,0.22707572949938407,0.0335734906198224,-0.147851514971852,0.629357807391203,0.5991391925223617,False,False,False
4,full,PM::Theodore Samulowitz,Theodore Samulowitz,1,1,2022-03-14,2026-03-13,1003,0.22707572949938407,0.0335734906198224,-0.147851514971852,0.629357807391203,0.5991391925223617,False,False,False
4,full,PM::David Hemming,David Hemming,1,1,2022-03-14,2026-03-13,1003,0.22707572949937926,0.03357349061982151,-0.14785151497185123,0.629357807391203,0.5991391925223617,False,False,False
4,full,PM::Michael J. Winter,Michael J. Winter,1,1,2022-03-14,2026-03-13,1003,0.21791845578236366,0.034845852746303585,-0.15990317397028697,0.629357807391203,0.5991391925223617,False,False,False
4,full,PM::David Aspell,David Aspell,1,1,2022-03-14,2026-03-13,1003,0.017559853550915192,0.005444586355330072,-0.31005875644368963,0.629357807391203,0.5991391925223617,False,False,False
4,full,PM::Gerald L. Prior,Gerald L. Prior,1,1,2022-03-14,2026-03-13,1003,0.017559853550915192,0.005444586355330072,-0.31005875644368963,0.629357807391203,0.5991391925223617,False,False,False
4,full,PM::Timothy J. Rudderow,Timothy J. Rudderow,1,1,2022-03-14,2026-03-13,1003,0.017559853550915192,0.005444586355330072,-0.31005875644368963,0.629357807391203,0.5991391925223617,False,False,False
4,full,PM::Peter simasek,Peter simasek,1,1,2022-03-14,2026-03-13,1003,-0.06614295025631299,-0.01520788476619972,-0.2299244999998803,0.629357807391203,0.5991391925223617,False,False,False
4,full,PM::David C. Pursell,David C. Pursell,1,1,2022-03-14,2026-03-13,1003,-0.06614295025631421,-0.015207884766199942,-0.2299244999998794,0.629357807391203,0.5991391925223617,False,False,False
4,full,PM::Josh Belko,Josh Belko,1,1,2022-03-14,2026-03-13,1003,-0.1186617075270663,-0.04145502943466928,-0.34935473539527095,0.629357807391203,0.5991391925223617,False,False,False
4,full,PM::William H. DeRoche,William H. DeRoche,1,1,2022-03-14,2026-03-13,1003,-0.11866170752706648,-0.04145502943466928,-0.3493547353952704,0.629357807391203,0.5991391925223617,False,False,False
4,full,PM::Philip Lee,Philip Lee,1,1,2022-03-14,2026-03-13,1003,-0.11866170752706803,-0.041455029434670054,-0.3493547353952724,0.629357807391203,0.5991391925223617,False,False,False
4,full,PM::Nancy Davis,Nancy Davis,1,1,2022-03-14,2026-03-13,1003,-0.17736170221205355,-0.04962341884200627,-0.2797865504396013,0.629357807391203,0.5991391925223617,False,False,False
4,partial,PM::Daniel Snover,Daniel Snover,1,1,2022-12-23,2026-03-13,805,1.880899265129361,0.12675867234516947,-0.06739258964857509,1.0763755528292047,1.2776758397958856,True,True,True
4,partial,PM::Jeffrey W. Kernagis,Jeffrey W. Kernagis,1,1,2022-12-23,2026-03-13,805,1.880899265129361,0.12675867234516947,-0.06739258964857509,1.0763755528292047,1.2776758397958856,True,True,True
4,partial,PM::Daniel J. Lindquist,Daniel J. Lindquist,1,1,2023-02-03,2026-03-13,778,1.4053984285306242,0.09788344326186471,-0.06964818038412357,0.9645078506808565,1.0823776936344434,True,True,True
4,partial,PM::Ashif Shaikh,Ashif Shaikh,6,6,2022-10-04,2026-03-13,862,1.353513459643692,0.19990209581391527,-0.1476912507885506,1.0315225763631368,1.099635204713018,True,True,True
4,partial,PM::Ryland Matthews,Ryland Matthews,1,1,2022-09-09,2026-03-13,879,1.312038188136146,0.20277563849081592,-0.15455010404756186,0.885729091167154,0.9474122882530829,True,True,True
4,partial,PM::Eric Moreau,Eric Moreau,1,1,2022-05-05,2026-03-13,966,0.7661199687386621,0.15375966614813397,-0.20069920172069589,0.7790790465946335,0.8308948054469626,False,False,False
4,partial,PM::James Maund,James Maund,2,2,2023-01-13,2026-03-13,792,0.7614954752835031,0.10220496868079754,-0.1342161207756971,1.014645892332673,1.2122473807836591,False,False,False
4,partial,PM::Jonathan Shelon,Jonathan Shelon,2,2,2023-01-13,2026-03-13,792,0.7614954752835031,0.10220496868079754,-0.1342161207756971,1.014645892332673,1.2122473807836591,False,False,False
4,partial,PM::Bob Elliott,Bob Elliott,1,1,2022-10-12,2026-03-13,856,0.5945385028918196,0.07913480045575372,-0.13310290262252844,1.1497337959032004,1.2252582309584492,False,False,False
4,partial,PM::Bruce McNevin,Bruce McNevin,1,1,2022-10-12,2026-03-13,856,0.5945385028918196,0.07913480045575372,-0.13310290262252844,1.1497337959032004,1.2252582309584492,False,False,False
4,partial,PM::Ken Miller,Ken Miller,2,2,2022-06-01,2026-03-13,948,0.5558235446381926,0.10046266534319348,-0.1807456094876092,0.8116404104206081,0.8797070505466675,False,False,False
4,partial,PM::Jeffrey E. Gundlach,Jeffrey E. Gundlach,1,1,2022-04-11,2026-03-13,983,0.2922679017746795,0.026867218588354502,-0.09192668242121049,0.6541242965792174,0.6526367645739506,False,False,False
4,partial,PM::Jeffrey J. Sherman,Jeffrey J. Sherman,1,1,2022-04-11,2026-03-13,983,0.2922679017746795,0.026867218588354502,-0.09192668242121049,0.6541242965792174,0.6526367645739506,False,False,False
5,full,PM::Marlene Walker-Smith,Marlene Walker-Smith,2,2,2021-03-15,2026-03-13,1255,1.1133007850159626,0.1788565624961327,-0.16065430376353163,0.5061459116496492,0.3981434598715766,True,True,True
5,full,PM::Kevin G. Simpson,Kevin G. Simpson,2,2,2021-03-15,2026-03-13,1255,1.0215741972916375,0.13843804066516197,-0.13551442570905192,0.5061459116496492,0.3981434598715766,True,True,True
5,full,PM::Ammie Weidner,Ammie Weidner,1,1,2021-03-15,2026-03-13,1255,0.942211101721085,0.11006736796220329,-0.11681816077219775,0.5061459116496492,0.3981434598715766,True,True,True
5,full,PM::Andrew Mies,Andrew Mies,1,1,2021-03-15,2026-03-13,1255,0.942211101721085,0.11006736796220329,-0.11681816077219775,0.5061459116496492,0.3981434598715766,True,True,True
5,full,PM::Sundaram Chettiappan,Sundaram Chettiappan,1,1,2021-03-15,2026-03-13,1255,0.9371033956505952,0.0891692568579705,-0.0951541284257792,0.5061459116496492,0.3981434598715766,True,True,True
5,full,PM::Vaneet Chadha,Vaneet Chadha,1,1,2021-03-15,2026-03-13,1255,0.9371033956505952,0.0891692568579705,-0.0951541284257792,0.5061459116496492,0.3981434598715766,True,True,True
5,full,PM::Andrew Serowik,Andrew Serowik,2,2,2021-03-15,2026-03-13,1255,0.8865876936705728,0.10356954373786098,-0.11681816077219775,0.5061459116496492,0.3981434598715766,True,True,True
5,full,PM::Josh L. Smith,Josh L. Smith,1,1,2021-03-15,2026-03-13,1255,0.817251879385176,0.11213066911035119,-0.13720454114428937,0.5061459116496492,0.3981434598715766,True,True,True
5,full,PM::Brian Murphy,Brian Murphy,1,1,2021-03-15,2026-03-13,1255,0.7890476900853578,0.02895245340329633,-0.03669290686367044,0.5061459116496492,0.3981434598715766,True,True,True
5,full,PM::Michael Grayson,Michael Grayson,1,1,2021-03-15,2026-03-13,1255,0.7890476900853578,0.02895245340329633,-0.03669290686367044,0.5061459116496492,0.3981434598715766,True,True,True
5,full,PM::Michael Peck,Michael Peck,1,1,2021-03-15,2026-03-13,1255,0.7890476900853578,0.02895245340329633,-0.03669290686367044,0.5061459116496492,0.3981434598715766,True,True,True
5,full,PM::Dustin Lewellyn,Dustin Lewellyn,3,3,2021-03-15,2026-03-13,1255,0.7680204341359225,0.11817283345358787,-0.15386678296722756,0.5061459116496492,0.3981434598715766,True,True,True
5,full,PM::Christopher Plunkett,Christopher Plunkett,1,1,2021-03-15,2026-03-13,1255,0.7357405584053059,0.041170510647664305,-0.05595791910248915,0.5061459116496492,0.3981434598715766,True,True,True
5,full,PM::John W. Gambla,John W. Gambla,7,7,2021-03-15,2026-03-13,1255,0.6902667344140696,0.08519394094776378,-0.12342176828219942,0.5061459116496492,0.3981434598715766,True,True,True
5,full,PM::Rob A. Guttschow,Rob A. Guttschow,7,7,2021-03-15,2026-03-13,1255,0.6902667344140696,0.08519394094776378,-0.12342176828219942,0.5061459116496492,0.3981434598715766,True,True,True
5,full,PM::Patrick Dwyer,Patrick Dwyer,6,6,2021-03-15,2026-03-13,1255,0.6850930698966163,0.1200145181309149,-0.1751798746833414,0.5061459116496492,0.3981434598715766,True,True,True
5,full,PM::Shlomo Bassous,Shlomo Bassous,6,6,2021-03-15,2026-03-13,1255,0.6850930698966051,0.12001451813091446,-0.17517987468334362,0.5061459116496492,0.3981434598715766,True,True,True
5,full,PM::Raffaele Zingone,Raffaele Zingone,2,2,2021-03-15,2026-03-13,1255,0.6668789391054405,0.09144179442317468,-0.1371190317478549,0.5061459116496492,0.3981434598715766,True,True,True
5,full,PM::Hamilton Reiner,Hamilton Reiner,3,3,2021-03-15,2026-03-13,1255,0.6615065757244416,0.10990988966084259,-0.16615086485039998,0.5061459116496492,0.3981434598715766,True,True,True
5,full,PM::Eric Becker,Eric Becker,2,2,2021-03-15,2026-03-13,1255,0.5285902082361632,0.04378065511931273,-0.08282532373311091,0.5061459116496492,0.3981434598715766,True,True,True
5,full,PM::John S. Orrico,John S. Orrico,2,2,2021-03-15,2026-03-13,1255,0.5285902082361632,0.04378065511931273,-0.08282532373311091,0.5061459116496492,0.3981434598715766,True,True,True
5,full,PM::Charles Collins,Charles Collins,1,1,2021-03-15,2026-03-13,1255,0.5255493868327327,0.07725796562969256,-0.14700419706565382,0.5061459116496492,0.3981434598715766,True,True,True
5,full,PM::Jason A. Graffius,Jason A. Graffius,1,1,2021-03-15,2026-03-13,1255,0.5255493868327327,0.07725796562969256,-0.14700419706565382,0.5061459116496492,0.3981434598715766,True,True,True
5,full,PM::Randall D. Schroeder,Randall D. Schroeder,1,1,2021-03-15,2026-03-13,1255,0.5255493868327327,0.07725796562969256,-0.14700419706565382,0.5061459116496492,0.3981434598715766,True,True,True
5,full,PM::James H Stavena,James H Stavena,3,3,2021-03-15,2026-03-13,1255,0.5250513061685708,0.06933421508201976,-0.13205226664031877,0.5061459116496492,0.3981434598715766,True,True,True
5,full,PM::Andrew Beer,Andrew Beer,1,1,2021-03-15,2026-03-13,1255,0.42485645148913775,0.08664154576621841,-0.20393134072116958,0.5061459116496492,0.3981434598715766,False,True,True
5,full,PM::Mathias Mamou-Mani,Mathias Mamou-Mani,1,1,2021-03-15,2026-03-13,1255,0.42485645148913775,0.08664154576621841,-0.20393134072116958,0.5061459116496492,0.3981434598715766,False,True,True
5,full,PM::Michael J. Venuto,Michael J. Venuto,3,3,2021-03-15,2026-03-13,1255,0.42000389469523713,0.07533807734714726,-0.17937471127931803,0.5061459116496492,0.3981434598715766,False,True,True
5,full,PM::Michael J. Winter,Michael J. Winter,1,1,2021-03-15,2026-03-13,1255,0.4197496692033912,0.06711930437860003,-0.15990317397028642,0.5061459116496492,0.3981434598715766,False,True,True
5,full,PM::Charles A. Ragauss,Charles A. Ragauss,6,6,2021-03-15,2026-03-13,1255,0.39577001537769196,0.07099113224138476,-0.17937471127931803,0.5061459116496492,0.3981434598715766,False,False,False
5,full,PM::Nam To,Nam To,1,1,2021-03-15,2026-03-13,1255,0.3553518390306077,0.06566525535339474,-0.18478940627556106,0.5061459116496492,0.3981434598715766,False,False,False
5,full,PM::Garrett Paolella,Garrett Paolella,2,2,2021-03-15,2026-03-13,1255,0.35434901632811494,0.11067862039014797,-0.31234352372990193,0.5061459116496492,0.3981434598715766,False,False,False
5,full,PM::Troy Cates,Troy Cates,2,2,2021-03-15,2026-03-13,1255,0.35434901632811494,0.11067862039014797,-0.31234352372990193,0.5061459116496492,0.3981434598715766,False,False,False
5,full,PM::Wayne Xie,Wayne Xie,15,15,2021-03-15,2026-03-13,1255,0.3423695682528205,0.07202033727053392,-0.21035846625641386,0.5061459116496492,0.3981434598715766,False,False,False
5,full,PM::Vanessa Yang,Vanessa Yang,15,15,2021-03-15,2026-03-13,1255,0.3423695682528146,0.07202033727053325,-0.21035846625641552,0.5061459116496492,0.3981434598715766,False,False,False
5,full,PM::Kenneth R. Hyman,Kenneth R. Hyman,1,1,2021-03-15,2026-03-13,1255,0.28284914444825715,0.0644401441656175,-0.22782513375219282,0.5061459116496492,0.3981434598715766,False,False,False
5,full,PM::Greg Barrato,Greg Barrato,2,2,2021-03-15,2026-03-13,1255,0.24803832387918895,0.027351660821047785,-0.11027191440936301,0.5061459116496492,0.3981434598715766,False,False,False
5,full,PM::Peter Hubbard,Peter Hubbard,1,1,2021-03-15,2026-03-13,1255,0.24196632118438488,0.041281400878173224,-0.17060804444233246,0.5061459116496492,0.3981434598715766,False,False,False
5,full,PM::Theodore Samulowitz,Theodore Samulowitz,1,1,2021-03-15,2026-03-13,1255,0.24196632118438488,0.041281400878173224,-0.17060804444233246,0.5061459116496492,0.3981434598715766,False,False,False
5,full,PM::David Hemming,David Hemming,1,1,2021-03-15,2026-03-13,1255,0.2419663211843773,0.041281400878172336,-0.17060804444233413,0.5061459116496492,0.3981434598715766,False,False,False
5,full,PM::David Aspell,David Aspell,1,1,2021-03-15,2026-03-13,1255,0.11981967124108477,0.03715113826250249,-0.31005875644368985,0.5061459116496492,0.3981434598715766,False,False,False
5,full,PM::Gerald L. Prior,Gerald L. Prior,1,1,2021-03-15,2026-03-13,1255,0.11981967124108477,0.03715113826250249,-0.31005875644368985,0.5061459116496492,0.3981434598715766,False,False,False
5,full,PM::Timothy J. Rudderow,Timothy J. Rudderow,1,1,2021-03-15,2026-03-13,1255,0.11981967124108477,0.03715113826250249,-0.31005875644368985,0.5061459116496492,0.3981434598715766,False,False,False
5,full,PM::Vincent M. Lorusso,Vincent M. Lorusso,1,1,2021-03-15,2026-03-13,1255,0.035516497108031495,0.0116432682526324,-0.32782704378803895,0.5061459116496492,0.3981434598715766,False,False,False
5,full,PM::William H. DeRoche,William H. DeRoche,1,1,2021-03-15,2026-03-13,1255,-0.004140083817743519,-0.0014463578866620308,-0.34935473539527107,0.5061459116496492,0.3981434598715766,False,False,False
5,full,PM::Josh Belko,Josh Belko,1,1,2021-03-15,2026-03-13,1255,-0.004140083817744788,-0.0014463578866624749,-0.3493547353952713,0.5061459116496492,0.3981434598715766,False,False,False
5,full,PM::Philip Lee,Philip Lee,1,1,2021-03-15,2026-03-13,1255,-0.004140083817745736,-0.001446357886662808,-0.34935473539527173,0.5061459116496492,0.3981434598715766,False,False,False
5,full,PM::David C. Pursell,David C. Pursell,1,1,2021-03-15,2026-03-13,1255,-0.02818815211517611,-0.006481146781002423,-0.22992449999987985,0.5061459116496492,0.3981434598715766,False,False,False
5,full,PM::Michael Neches,Michael Neches,2,2,2021-03-15,2026-03-13,1255,-0.07003921425881365,-0.03263453470930677,-0.465946613688632,0.5061459116496492,0.3981434598715766,False,False,False
5,full,PM::Tarak Davé,Tarak Davé,2,2,2021-03-15,2026-03-13,1255,-0.07003921425881417,-0.032634534709307106,-0.4659466136886333,0.5061459116496492,0.3981434598715766,False,False,False
5,full,PM::Nancy Davis,Nancy Davis,1,1,2021-03-15,2026-03-13,1255,-0.14684186686414408,-0.04575754012641253,-0.3116109942183365,0.5061459116496492,0.3981434598715766,False,False,False
5,partial,PM::David France,David France,3,3,2021-07-01,2026-03-13,1179,1.0909201081316608,0.15758091837657529,-0.14444771638360632,0.45385840442312425,0.3504913092285576,True,True,True
5,partial,PM::Todd Frysinger,Todd Frysinger,3,3,2021-07-01,2026-03-13,1179,1.0909201081316608,0.15758091837657529,-0.14444771638360632,0.45385840442312425,0.3504913092285576,True,True,True
5,partial,PM::Michael Green,Michael Green,1,1,2022-03-09,2026-03-13,1006,0.6382303012845949,0.11535732479914484,-0.18074560948760965,0.5956246439175661,0.5461746694330479,True,True,True
5,partial,PM::Torrey Zaches,Torrey Zaches,3,3,2021-09-02,2026-03-13,1135,0.465020071055325,0.061406954416098225,-0.13205226664031977,0.4206245463233667,0.3151513799456683,True,True,True
5,partial,PM::David Berns,David Berns,4,4,2021-11-03,2026-03-13,1092,0.27200215068771044,0.029035933406142744,-0.10674891111239526,0.40859894619026277,0.3033204099574954,False,False,False
5,partial,PM::Jay Pestrichelli,Jay Pestrichelli,7,7,2021-07-08,2026-03-13,1175,0.26730841860002114,0.06218997452270858,-0.23265250996738962,0.45437931543597315,0.34368598372314474,False,False,False
5,partial,PM::Peter simasek,Peter simasek,1,1,2021-09-01,2026-03-13,1136,-0.07898288732637276,-0.01816010087706299,-0.2299244999998784,0.42330506856077177,0.31452740741046775,False,False,False
