2025-12-18	HAL
2025-12-18	MS
2025-12-18	PG
2025-12-18	RBLX
2025-12-18	SHOP
2025-12-18	UPST
2025-12-18	WFC
2025-12-19	ALLY
2025-12-19	BMY
2025-12-19	CME
2025-12-19	CVX
2025-12-19	ETN
2025-12-19	HAL
2025-12-19	KEY
2025-12-19	LOW
2025-12-19	MO
2025-12-19	NKE
2025-12-19	PEP
2025-12-19	PSX
2025-12-19	SBUX
2025-12-19	SPGI
2025-12-19	USB
2025-12-19	XOM
2025-12-22	ABNB
2025-12-22	AXP
2025-12-22	CME
2025-12-22	CRM
2025-12-22	CVX
2025-12-22	ETN
2025-12-22	HAL
2025-12-22	JNJ
2025-12-22	LMT
2025-12-22	MMM
2025-12-22	NOC
2025-12-22	PG
2025-12-22	QCOM
2025-12-22	SBUX
2025-12-22	SNOW
2025-12-22	UPST
2025-12-22	WFC
2025-12-23	AFRM
2025-12-23	BLK
2025-12-23	CME
2025-12-23	CMG
2025-12-23	CVX
2025-12-23	EOG
2025-12-23	GIS
2025-12-23	ICE
2025-12-23	KO
2025-12-23	MCD
2025-12-23	MRK
2025-12-23	OXY
2025-12-23	PNC
2025-12-23	RF
2025-12-23	SLB
2025-12-23	UPST
2025-12-23	WFC
2025-12-23	XOM
2025-12-26	ALLY
2025-12-26	BMY
2025-12-26	CMG
2025-12-26	COP
2025-12-26	DE
2025-12-26	GILD
2025-12-26	HON
2025-12-26	KHC
2025-12-26	MCD
2025-12-26	MRK
2025-12-26	OXY
2025-12-26	PM
2025-12-26	RBLX
2025-12-26	SCHW
2025-12-26	SPGI
2025-12-26	V
2025-12-29	ABNB
2025-12-29	AXP
2025-12-29	CL
2025-12-29	CVS
2025-12-29	ETN
2025-12-29	GS
2025-12-29	HAL
2025-12-29	JNJ
2025-12-29	KO
2025-12-29	MCD
2025-12-29	MRK
2025-12-29	OXY
2025-12-29	PNC
2025-12-29	RF
2025-12-29	SHOP
2025-12-29	TFC
2025-12-29	VLO
2025-12-30	AFRM
2025-12-30	BLK
2025-12-30	CL
2025-12-30	CSCO
2025-12-30	DIS
2025-12-30	GILD
2025-12-30	HON
2025-12-30	KHC
2025-12-30	MA
2025-12-30	MPC
2025-12-30	NOW
2025-12-30	PM
2025-12-30	RBLX
2025-12-30	SCHW
2025-12-30	SPGI
2025-12-30	USB
2025-12-31	ABBV
2025-12-31	ALLY
2025-12-31	BAC
2025-12-31	BMY
2025-12-31	CME
2025-12-31	CRM
2025-12-31	CVX
2025-12-31	ETN
2025-12-31	HAL
2025-12-31	JPM
2025-12-31	LMT
2025-12-31	MMM
2025-12-31	MS
2025-12-31	PEP
2025-12-31	PNC
2025-12-31	RF
2025-12-31	SHOP
2025-12-31	TFC
2025-12-31	USB
2025-12-31	XOM
2026-01-02	ABBV
2026-01-02	AFRM
2026-01-02	BLK
2026-01-02	CME
2026-01-02	CVX
2026-01-02	ETN
2026-01-02	HAL
2026-01-02	JNJ
2026-01-02	LOW
2026-01-02	MO
2026-01-02	NOC
2026-01-02	PM
2026-01-02	RBLX
2026-01-02	SCHW
2026-01-02	TFC
2026-01-02	VLO
2026-01-05	ALLY
2026-01-05	BMY
2026-01-05	COP
2026-01-05	EOG
2026-01-05	HD
2026-01-05	KHC
2026-01-05	MCD
2026-01-05	MRK
2026-01-05	PEP
2026-01-05	PSX
2026-01-05	SCHW
2026-01-05	TGT
2026-01-05	WFC
2026-01-05	XOM
2026-01-06	ALLY
2026-01-06	BMY
2026-01-06	COP
2026-01-06	DE
2026-01-06	GE
2026-01-06	HD
2026-01-06	KEY
2026-01-06	LOW
2026-01-06	MO
2026-01-06	NOC
2026-01-06	PFE
2026-01-06	PSX
2026-01-06	SCHW
2026-01-06	SPGI
2026-01-06	V
2026-01-07	ABNB
2026-01-07	AXP
2026-01-07	CL
2026-01-07	CMG
2026-01-07	CVS
2026-01-07	ETN
2026-01-07	HAL
2026-01-07	JNJ
2026-01-07	LOW
2026-01-07	MO
2026-01-07	NOC
2026-01-07	ORCL
2026-01-07	PG
2026-01-07	RBLX
2026-01-07	SHOP
2026-01-07	TFC
2026-01-07	V
2026-01-08	ABNB
2026-01-08	AXP
2026-01-08	CL
2026-01-08	DE
2026-01-08	GILD
2026-01-08	ICE
2026-01-08	KO
2026-01-08	MMM
2026-01-08	MS
2026-01-08	PG
2026-01-08	RF
2026-01-08	SLB
2026-01-08	TGT
2026-01-08	VLO
2026-01-09	AFRM
2026-01-09	BLK
2026-01-09	CME
2026-01-09	DE
2026-01-09	GIS
2026-01-09	JNJ
2026-01-09	LOW
2026-01-09	MO
2026-01-09	NOC
2026-01-09	PNC
2026-01-09	RTX
2026-01-09	SNOW
2026-01-09	USB
2026-01-09	XOM
2026-01-12	ABBV
2026-01-12	AMGN
2026-01-12	CL
2026-01-12	CVS
2026-01-12	ETN
2026-01-12	HAL
2026-01-12	KEY
2026-01-12	LOW
2026-01-12	MO
2026-01-12	NOC
2026-01-12	PFE
2026-01-12	PSX
2026-01-12	SCHW
2026-01-12	TFC
2026-01-12	VLO
2026-01-13	AFRM
2026-01-13	BLK
2026-01-13	CME
2026-01-13	DE
2026-01-13	GE
2026-01-13	GS
2026-01-13	HD
2026-01-13	KEY
2026-01-13	LOW
2026-01-13	MO
2026-01-13	NOC
2026-01-13	PG
2026-01-13	RBLX
2026-01-13	SCHW
2026-01-13	TFC
2026-01-13	USB
2026-01-14	ALLY
2026-01-14	BMY
2026-01-14	COP
2026-01-14	DIS
2026-01-14	GILD
2026-01-14	HON
2026-01-14	KO
2026-01-14	MMM
2026-01-14	NOC
2026-01-14	PM
2026-01-14	RF
2026-01-14	TFC
2026-01-14	VLO
2026-01-14	XOM
2026-01-15	AFRM
2026-01-15	BLK
2026-01-15	CME
2026-01-15	DE
2026-01-15	GE
2026-01-15	HD
2026-01-15	KEY
2026-01-15	LOW
2026-01-15	MO
2026-01-15	OXY
2026-01-15	PNC
2026-01-15	RTX
2026-01-15	SPGI
2026-01-15	VLO
2026-01-16	AFRM
2026-01-16	BMY
2026-01-16	CME
2026-01-16	DE
2026-01-16	GILD
2026-01-16	HON
2026-01-16	KHC
2026-01-16	MA
2026-01-16	MPC
2026-01-16	OXY
2026-01-16	PM
2026-01-16	RTX
2026-01-16	SLB
2026-01-16	UPST
2026-01-20	ABBV
2026-01-20	AMGN
2026-01-20	C
2026-01-20	COP
2026-01-20	DIS
2026-01-20	GILD
2026-01-20	HON
2026-01-20	KHC
2026-01-20	MA
2026-01-20	MPC
2026-01-20	ORCL
2026-01-20	OXY
2026-01-20	PM
2026-01-20	RF
2026-01-20	SNOW
2026-01-20	UBER
2026-01-20	VLO
2026-01-21	AFRM
2026-01-21	BLK
2026-01-21	CME
2026-01-21	CVX
2026-01-21	ETN
2026-01-21	HON
2026-01-21	KO
2026-01-21	MCD
2026-01-21	MRK
2026-01-21	PEP
2026-01-21	PSX
2026-01-21	SBUX
2026-01-21	SPGI
2026-01-21	V
2026-01-22	ABNB
2026-01-22	AXP
2026-01-22	CAT
2026-01-22	CSCO
2026-01-22	ETN
2026-01-22	HD
2026-01-22	KEY
2026-01-22	LOW
2026-01-22	MO
2026-01-22	NOC
2026-01-22	PNC
2026-01-22	RF
2026-01-22	SNOW
2026-01-22	UPST
2026-01-23	ABBV
2026-01-23	AMGN
2026-01-23	C
2026-01-23	CSCO
2026-01-23	DIS
2026-01-23	GIS
2026-01-23	ICE
2026-01-23	LMT
2026-01-23	MMM
2026-01-23	MS
2026-01-23	PG
2026-01-23	RBLX
2026-01-23	SCHW
2026-01-23	SPGI
2026-01-23	USB
2026-01-23	XOM
2026-01-26	ABNB
2026-01-26	AXP
2026-01-26	CAT
2026-01-26	COST
2026-01-26	DE
2026-01-26	GE
2026-01-26	HD
2026-01-26	KEY
2026-01-26	MA
2026-01-26	MPC
2026-01-26	OXY
2026-01-26	PNC
2026-01-26	RF
2026-01-26	SLB
2026-01-26	TGT
2026-01-26	VLO
2026-01-26	XOM
2026-01-27	ABBV
2026-01-27	AMGN
2026-01-27	C
2026-01-27	CMG
2026-01-27	COP
2026-01-27	DIS
2026-01-27	GIS
2026-01-27	GS
2026-01-27	ICE
2026-01-27	LMT
2026-01-27	MMM
2026-01-27	MS
2026-01-27	PFE
2026-01-27	PSX
2026-01-27	SCHW
2026-01-27	SPGI
2026-01-27	USB
2026-01-28	ABBV
2026-01-28	ALLY
2026-01-28	BMY
2026-01-28	CME
2026-01-28	CVX
2026-01-28	ETN
2026-01-28	HAL
2026-01-28	JNJ
2026-01-28	LMT
2026-01-28	MMM
2026-01-28	MS
2026-01-28	PG
2026-01-28	QCOM
2026-01-28	SCHW
2026-01-28	SPGI
2026-01-28	USB
2026-01-29	ABBV
2026-01-29	AMGN
2026-01-29	C
2026-01-29	CMG
2026-01-29	CSCO
2026-01-29	DIS
2026-01-29	GILD
2026-01-29	GS
2026-01-29	HON
2026-01-29	KHC
2026-01-29	MCD
2026-01-29	MRK
2026-01-29	PFE
2026-01-29	PSX
2026-01-29	RTX
2026-01-29	TFC
2026-01-29	VLO
2026-01-30	AFRM
2026-01-30	BMY
2026-01-30	CSCO
2026-01-30	EOG
2026-01-30	HAL
2026-01-30	JNJ
2026-01-30	LOW
2026-01-30	MO
2026-01-30	NOC
2026-01-30	PM
2026-01-30	RTX
2026-01-30	TFC
2026-01-30	VLO
2026-02-02	AFRM
2026-02-02	BLK
2026-02-02	CME
2026-02-02	EOG
2026-02-02	GIS
2026-02-02	ICE
2026-02-02	LMT
2026-02-02	MMM
2026-02-02	MS
2026-02-02	ORCL
2026-02-02	PM
2026-02-02	RBLX
2026-02-02	SCHW
2026-02-02	SPGI
2026-02-02	V
2026-02-02	XOM
2026-02-06	ABNB
2026-02-06	C
2026-02-06	CVX
2026-02-06	HD
2026-02-06	KHC
2026-02-06	MO
2026-02-06	PM
2026-02-06	SLB
2026-02-09	AMGN
2026-02-09	DE
2026-02-09	GILD
2026-02-09	ICE
2026-02-09	MA
2026-02-09	MRK
2026-02-09	PSX
2026-02-09	VLO
2026-02-10	BMY
2026-02-10	CVX
2026-02-10	ETN
2026-02-10	KEY
2026-02-10	LOW
2026-02-10	MRK
2026-02-10	PFE
2026-02-10	SPGI
2026-02-11	AXP
2026-02-11	DIS
2026-02-11	HAL
2026-02-11	JNJ
2026-02-11	MO
2026-02-11	PEP
2026-02-11	RF
2026-02-11	TFC
2026-02-12	AMGN
2026-02-12	CMG
2026-02-12	COP
2026-02-12	EOG
2026-02-12	HAL
2026-02-12	KEY
2026-02-12	MA
2026-02-12	MRK
2026-02-12	PG
2026-02-12	SCHW
2026-02-12	USB
2026-02-13	C
2026-02-13	DE
2026-02-13	HON
2026-02-13	LOW
2026-02-13	NOC
2026-02-13	ORCL
2026-02-13	RF
2026-02-13	TFC
2026-02-17	BMY
2026-02-17	CVS
2026-02-17	ETN
2026-02-17	HAL
2026-02-17	KEY
2026-02-17	MCD
2026-02-17	OXY
2026-02-17	SBUX
2026-02-17	V
2026-02-18	AXP
2026-02-18	CME
2026-02-18	GE
2026-02-18	JNJ
2026-02-18	MPC
2026-02-18	PG
2026-02-18	RBLX
2026-02-18	SNOW
2026-02-19	ABBV
2026-02-19	C
2026-02-19	CVS
2026-02-19	GE
2026-02-19	HON
2026-02-19	LMT
2026-02-19	PNC
2026-02-19	RTX
2026-02-19	USB
2026-02-20	ABNB
2026-02-20	AXP
2026-02-20	COP
2026-02-20	EOG
2026-02-20	ICE
2026-02-20	KO
2026-02-20	MMM
2026-02-20	MS
2026-02-20	RBLX
2026-02-20	SCHW
2026-02-23	ABBV
2026-02-23	BMY
2026-02-23	CVS
2026-02-23	ETN
2026-02-23	JNJ
2026-02-23	LOW
2026-02-23	PG
2026-02-23	RF
2026-02-23	SPGI
2026-02-23	WFC
2026-02-24	BLK
2026-02-24	CL
2026-02-24	GE
2026-02-24	JNJ
2026-02-24	MA
2026-02-24	NOC
2026-02-24	PNC
2026-02-24	SBUX
2026-02-24	UBER
2026-02-25	ABNB
2026-02-25	CL
2026-02-25	EOG
2026-02-25	ICE
2026-02-25	MMM
2026-02-25	OXY
2026-02-25	PM
2026-02-25	RF
2026-02-25	SPGI
2026-02-25	UPST
2026-02-26	AFRM
2026-02-26	BMY
2026-02-26	DIS
2026-02-26	GILD
2026-02-26	JNJ
2026-02-26	LMT
2026-02-26	PFE
2026-02-26	RTX
2026-02-26	SPGI
2026-02-26	USB
2026-02-27	AXP
2026-02-27	CVS
2026-02-27	GIS
2026-02-27	KEY
2026-02-27	MS
2026-02-27	ORCL
2026-02-27	PSX
2026-02-27	UBER
2026-03-02	ALLY
2026-03-02	BMY
2026-03-02	CME
2026-03-02	GE
2026-03-02	ICE
2026-03-02	LOW
2026-03-02	MPC
2026-03-02	RF
2026-03-02	TFC
2026-03-03	AFRM
2026-03-03	C
2026-03-03	DE
2026-03-03	GIS
2026-03-03	KEY
2026-03-03	MCD
2026-03-03	OXY
2026-03-03	QCOM
2026-03-03	SHOP
2026-03-03	USB
2026-03-04	BLK
2026-03-04	CMG
2026-03-04	COST
2026-03-04	ETN
2026-03-04	ICE
2026-03-04	LMT
2026-03-04	MRK
2026-03-04	PG
2026-03-04	SLB
