2025-12-05	SPY
2025-12-05	WMT
2025-12-08	CL
2025-12-08	CMG
2025-12-08	COST
2025-12-08	PFE
2025-12-08	QQQ
2025-12-08	SPGI
2025-12-09	CAT
2025-12-09	CVS
2025-12-09	DIS
2025-12-09	GOOGL
2025-12-09	HOOD
2025-12-09	JNJ
2025-12-09	KHC
2025-12-09	KO
2025-12-09	LOW
2025-12-09	MCD
2025-12-09	MO
2025-12-09	MPC
2025-12-09	MRK
2025-12-09	NFLX
2025-12-09	NOC
2025-12-09	RF
2025-12-09	SHOP
2025-12-09	UPST
2025-12-10	AAPL
2025-12-10	AMD
2025-12-10	AMZN
2025-12-10	BMY
2025-12-10	CSCO
2025-12-10	HD
2025-12-10	MA
2025-12-10	MSFT
2025-12-10	NOC
2025-12-10	OXY
2025-12-10	SPY
2025-12-10	TSLA
2025-12-10	WFC
2025-12-10	XOM
2025-12-11	AMGN
2025-12-11	CME
2025-12-11	LMT
2025-12-11	NVDA
2025-12-11	PEP
2025-12-11	PFE
2025-12-11	PG
2025-12-11	PNC
2025-12-11	QQQ
2025-12-11	SOFI
2025-12-11	SPY
2025-12-11	TFC
2025-12-11	TGT
2025-12-11	TSLA
2025-12-11	VLO
2025-12-11	XOM
2025-12-12	ABNB
2025-12-12	ADBE
2025-12-12	AFRM
2025-12-12	CAT
2025-12-12	CSCO
2025-12-12	CVX
2025-12-12	DIS
2025-12-12	EOG
2025-12-12	GIS
2025-12-12	GOOGL
2025-12-12	GS
2025-12-12	HON
2025-12-12	HOOD
2025-12-12	KO
2025-12-12	MU
2025-12-12	NFLX
2025-12-12	NKE
2025-12-12	OXY
2025-12-12	PLTR
2025-12-12	RF
2025-12-12	RTX
2025-12-12	SCHW
2025-12-12	SHOP
2025-12-12	SPY
2025-12-12	UBER
2025-12-12	UPST
2025-12-12	WFC
2025-12-15	ABBV
2025-12-15	AMGN
2025-12-15	AVGO
2025-12-15	AXP
2025-12-15	BA
2025-12-15	BLK
2025-12-15	C
2025-12-15	CAT
2025-12-15	CL
2025-12-15	CMG
2025-12-15	COIN
2025-12-15	COP
2025-12-15	COST
2025-12-15	CVS
2025-12-15	CVX
2025-12-15	DE
2025-12-15	DIS
2025-12-15	ETN
2025-12-15	GOOGL
2025-12-15	HAL
2025-12-15	ICE
2025-12-15	JNJ
2025-12-15	JPM
2025-12-15	KEY
2025-12-15	MMM
2025-12-15	MU
2025-12-15	PG
2025-12-15	PLTR
2025-12-15	PM
2025-12-15	PNC
2025-12-15	PYPL
2025-12-15	QQQ
2025-12-15	SCHW
2025-12-15	SLB
2025-12-15	SNOW
2025-12-15	SPGI
2025-12-15	SPY
2025-12-15	TFC
2025-12-15	TSLA
2025-12-15	UNH
2025-12-15	UPST
2025-12-15	USB
2025-12-15	V
2025-12-15	WFC
2025-12-15	XOM
2025-12-16	AAPL
2025-12-16	ABNB
2025-12-16	AMZN
2025-12-16	AVGO
2025-12-16	AXP
2025-12-16	BAC
2025-12-16	BMY
2025-12-16	CL
2025-12-16	COIN
2025-12-16	COP
2025-12-16	CSCO
2025-12-16	CVS
2025-12-16	GE
2025-12-16	GILD
2025-12-16	GIS
2025-12-16	HON
2025-12-16	JNJ
2025-12-16	JPM
2025-12-16	LLY
2025-12-16	LOW
2025-12-16	MA
2025-12-16	MCD
2025-12-16	MMM
2025-12-16	MO
2025-12-16	MPC
2025-12-16	MS
2025-12-16	MSFT
2025-12-16	NFLX
2025-12-16	NKE
2025-12-16	NOC
2025-12-16	NVDA
2025-12-16	ORCL
2025-12-16	PSX
2025-12-16	PYPL
2025-12-16	QCOM
2025-12-16	RBLX
2025-12-16	RF
2025-12-16	RTX
2025-12-16	SBUX
2025-12-16	SHOP
2025-12-16	SPY
2025-12-16	TGT
2025-12-16	TSLA
2025-12-16	USB
2025-12-16	V
2025-12-16	VLO
2025-12-16	WFC
2025-12-16	WMT
2025-12-16	XOM
2025-12-17	ABBV
2025-12-17	ADBE
2025-12-17	AMGN
2025-12-17	BA
2025-12-17	C
2025-12-17	CL
2025-12-17	CME
2025-12-17	CMG
2025-12-17	COST
2025-12-17	CSCO
2025-12-17	CVX
2025-12-17	DE
2025-12-17	EOG
2025-12-17	GE
2025-12-17	GS
2025-12-17	HAL
2025-12-17	HOOD
2025-12-17	JPM
2025-12-17	KEY
2025-12-17	KO
2025-12-17	LLY
2025-12-17	LMT
2025-12-17	LOW
2025-12-17	META
2025-12-17	MMM
2025-12-17	MS
2025-12-17	ORCL
2025-12-17	PEP
2025-12-17	PFE
2025-12-17	PG
2025-12-17	PNC
2025-12-17	PSX
2025-12-17	PYPL
2025-12-17	QCOM
2025-12-17	SCHW
2025-12-17	SLB
2025-12-17	SNOW
2025-12-17	SOFI
2025-12-17	SPGI
2025-12-17	SPY
2025-12-17	TGT
2025-12-17	UBER
2025-12-17	VLO
2025-12-17	WFC
2025-12-18	AAPL
2025-12-18	ADBE
2025-12-18	AMD
2025-12-18	AMGN
2025-12-18	AMZN
2025-12-18	AVGO
2025-12-18	BAC
2025-12-18	BLK
2025-12-18	BMY
2025-12-18	CL
2025-12-18	CME
2025-12-18	CMG
2025-12-18	COIN
2025-12-18	CSCO
2025-12-18	CVS
2025-12-18	CVX
2025-12-18	ETN
2025-12-18	GE
2025-12-18	GS
2025-12-18	HAL
2025-12-18	HD
2025-12-18	HON
2025-12-18	ICE
2025-12-18	JNJ
2025-12-18	JPM
2025-12-18	KHC
2025-12-18	KO
2025-12-18	LOW
2025-12-18	MA
2025-12-18	MRK
2025-12-18	MS
2025-12-18	MSFT
2025-12-18	NKE
2025-12-18	NOC
2025-12-18	OXY
2025-12-18	PEP
2025-12-18	PFE
2025-12-18	PLTR
2025-12-18	PM
2025-12-18	PNC
2025-12-18	PYPL
2025-12-18	QCOM
2025-12-18	QQQ
2025-12-18	RBLX
2025-12-18	RTX
2025-12-18	SBUX
2025-12-18	SLB
2025-12-18	SNOW
2025-12-18	SPGI
2025-12-18	SPY
2025-12-18	TFC
2025-12-18	TGT
2025-12-18	TSLA
2025-12-18	UBER
2025-12-18	UNH
2025-12-18	V
2025-12-18	WFC
2025-12-18	XOM
2025-12-19	AAPL
2025-12-19	ABBV
2025-12-19	ABNB
2025-12-19	ADBE
2025-12-19	AFRM
2025-12-19	AMD
2025-12-19	AMGN
2025-12-19	AMZN
2025-12-19	AVGO
2025-12-19	AXP
2025-12-19	BA
2025-12-19	BAC
2025-12-19	BLK
2025-12-19	BMY
2025-12-19	C
2025-12-19	CAT
2025-12-19	CME
2025-12-19	CMG
2025-12-19	COIN
2025-12-19	COP
2025-12-19	COST
2025-12-19	CSCO
2025-12-19	CVX
2025-12-19	DE
2025-12-19	DIS
2025-12-19	EOG
2025-12-19	ETN
2025-12-19	GE
2025-12-19	GIS
2025-12-19	GOOGL
2025-12-19	GS
2025-12-19	HAL
2025-12-19	HD
2025-12-19	HON
2025-12-19	HOOD
2025-12-19	ICE
2025-12-19	JNJ
2025-12-19	JPM
2025-12-19	KEY
2025-12-19	KHC
2025-12-19	KO
2025-12-19	LLY
2025-12-19	LMT
2025-12-19	LOW
2025-12-19	MA
2025-12-19	META
2025-12-19	MMM
2025-12-19	MO
2025-12-19	MPC
2025-12-19	MRK
2025-12-19	MS
2025-12-19	MU
2025-12-19	NFLX
2025-12-19	NKE
2025-12-19	NOC
2025-12-19	NVDA
2025-12-19	PEP
2025-12-19	PFE
2025-12-19	PG
2025-12-19	PLTR
2025-12-19	PM
2025-12-19	PSX
2025-12-19	PYPL
2025-12-19	QCOM
2025-12-19	QQQ
2025-12-19	RBLX
2025-12-19	RF
2025-12-19	RTX
2025-12-19	SBUX
2025-12-19	SCHW
2025-12-19	SHOP
2025-12-19	SLB
2025-12-19	SNOW
2025-12-19	SOFI
2025-12-19	SPGI
2025-12-19	SPY
2025-12-19	TFC
2025-12-19	TGT
2025-12-19	TSLA
2025-12-19	UBER
2025-12-19	UNH
2025-12-19	UPST
2025-12-19	V
2025-12-19	VLO
2025-12-19	WFC
2025-12-19	XOM
2025-12-22	AAPL
2025-12-22	ABBV
2025-12-22	ABNB
2025-12-22	ADBE
2025-12-22	AFRM
2025-12-22	AMD
2025-12-22	AMGN
2025-12-22	AMZN
2025-12-22	AVGO
2025-12-22	AXP
2025-12-22	BA
2025-12-22	BAC
2025-12-22	BLK
2025-12-22	BMY
2025-12-22	C
2025-12-22	CAT
2025-12-22	CL
2025-12-22	CME
2025-12-22	CMG
2025-12-22	COIN
2025-12-22	COP
2025-12-22	COST
2025-12-22	CRM
2025-12-22	CSCO
2025-12-22	CVS
2025-12-22	CVX
2025-12-22	DE
2025-12-22	DIS
2025-12-22	EOG
2025-12-22	ETN
2025-12-22	GE
2025-12-22	GILD
2025-12-22	GIS
2025-12-22	GOOGL
2025-12-22	GS
2025-12-22	HAL
2025-12-22	HD
2025-12-22	HON
2025-12-22	HOOD
2025-12-22	ICE
2025-12-22	JNJ
2025-12-22	JPM
2025-12-22	KEY
2025-12-22	KHC
2025-12-22	KO
2025-12-22	LLY
2025-12-22	LMT
2025-12-22	LOW
2025-12-22	MA
2025-12-22	META
2025-12-22	MMM
2025-12-22	MO
2025-12-22	MPC
2025-12-22	MS
2025-12-22	MSFT
2025-12-22	MU
2025-12-22	NFLX
2025-12-22	NKE
2025-12-22	NOC
2025-12-22	NOW
2025-12-22	NVDA
2025-12-22	ORCL
2025-12-22	OXY
2025-12-22	PEP
2025-12-22	PFE
2025-12-22	PG
2025-12-22	PLTR
2025-12-22	PM
2025-12-22	PNC
2025-12-22	PSX
2025-12-22	PYPL
2025-12-22	QCOM
2025-12-22	QQQ
2025-12-22	RBLX
2025-12-22	RF
2025-12-22	RTX
2025-12-22	SBUX
2025-12-22	SCHW
2025-12-22	SHOP
2025-12-22	SLB
2025-12-22	SNOW
2025-12-22	SOFI
2025-12-22	SPGI
2025-12-22	SPY
2025-12-22	TFC
2025-12-22	TGT
2025-12-22	TSLA
2025-12-22	UBER
2025-12-22	UNH
2025-12-22	UPST
2025-12-22	USB
2025-12-22	V
2025-12-22	VLO
2025-12-22	WFC
2025-12-22	WMT
2025-12-22	XOM
2025-12-23	AAPL
2025-12-23	ABBV
2025-12-23	ABNB
2025-12-23	ADBE
2025-12-23	AFRM
2025-12-23	ALLY
2025-12-23	AMD
2025-12-23	AMGN
2025-12-23	AMZN
2025-12-23	AVGO
2025-12-23	AXP
2025-12-23	BA
2025-12-23	BAC
2025-12-23	BLK
2025-12-23	BMY
2025-12-23	C
2025-12-23	CAT
2025-12-23	CL
2025-12-23	CME
2025-12-23	CMG
2025-12-23	COIN
2025-12-23	COP
2025-12-23	COST
2025-12-23	CRM
2025-12-23	CSCO
2025-12-23	CVS
2025-12-23	CVX
2025-12-23	DE
2025-12-23	DIS
2025-12-23	EOG
2025-12-23	ETN
2025-12-23	GE
2025-12-23	GILD
2025-12-23	GIS
2025-12-23	GOOGL
2025-12-23	GS
2025-12-23	HAL
2025-12-23	HD
2025-12-23	HON
2025-12-23	HOOD
2025-12-23	ICE
2025-12-23	INTC
2025-12-23	JNJ
2025-12-23	JPM
2025-12-23	KEY
2025-12-23	KHC
2025-12-23	KO
2025-12-23	LLY
2025-12-23	LMT
2025-12-23	LOW
2025-12-23	MA
2025-12-23	MCD
2025-12-23	META
2025-12-23	MMM
2025-12-23	MO
2025-12-23	MPC
2025-12-23	MRK
2025-12-23	MS
2025-12-23	MSFT
2025-12-23	MU
2025-12-23	NFLX
2025-12-23	NKE
2025-12-23	NOC
2025-12-23	NOW
2025-12-23	NVDA
2025-12-23	ORCL
2025-12-23	OXY
2025-12-23	PEP
2025-12-23	PFE
2025-12-23	PG
2025-12-23	PLTR
2025-12-23	PM
2025-12-23	PNC
2025-12-23	PSX
2025-12-23	PYPL
2025-12-23	QCOM
2025-12-23	QQQ
2025-12-23	RBLX
2025-12-23	RF
2025-12-23	RTX
2025-12-23	SBUX
2025-12-23	SCHW
2025-12-23	SHOP
2025-12-23	SLB
2025-12-23	SNOW
2025-12-23	SOFI
2025-12-23	SPGI
2025-12-23	SPY
2025-12-23	TFC
2025-12-23	TGT
2025-12-23	TSLA
2025-12-23	UBER
2025-12-23	UNH
2025-12-23	UPST
2025-12-23	USB
2025-12-23	V
2025-12-23	VLO
2025-12-23	WFC
2025-12-23	WMT
2025-12-23	XOM
2025-12-26	AAPL
2025-12-26	ABBV
2025-12-26	ABNB
2025-12-26	ADBE
2025-12-26	AFRM
2025-12-26	ALLY
2025-12-26	AMD
2025-12-26	AMGN
2025-12-26	AMZN
2025-12-26	AVGO
2025-12-26	AXP
2025-12-26	BA
2025-12-26	BAC
2025-12-26	BLK
2025-12-26	BMY
2025-12-26	C
2025-12-26	CAT
2025-12-26	CL
2025-12-26	CME
2025-12-26	CMG
2025-12-26	COIN
2025-12-26	COP
2025-12-26	COST
2025-12-26	CRM
2025-12-26	CSCO
2025-12-26	CVS
2025-12-26	CVX
2025-12-26	DE
2025-12-26	DIS
2025-12-26	EOG
2025-12-26	ETN
2025-12-26	GE
2025-12-26	GILD
2025-12-26	GIS
2025-12-26	GOOGL
2025-12-26	GS
2025-12-26	HAL
2025-12-26	HD
2025-12-26	HON
2025-12-26	HOOD
2025-12-26	ICE
2025-12-26	INTC
2025-12-26	JNJ
2025-12-26	JPM
2025-12-26	KEY
2025-12-26	KHC
2025-12-26	KO
2025-12-26	LLY
2025-12-26	LMT
2025-12-26	LOW
2025-12-26	MA
2025-12-26	MCD
2025-12-26	META
2025-12-26	MMM
2025-12-26	MO
2025-12-26	MPC
2025-12-26	MRK
2025-12-26	MS
2025-12-26	MSFT
2025-12-26	MU
2025-12-26	NFLX
2025-12-26	NKE
2025-12-26	NOC
2025-12-26	NOW
2025-12-26	NVDA
2025-12-26	ORCL
2025-12-26	OXY
2025-12-26	PEP
2025-12-26	PFE
2025-12-26	PG
2025-12-26	PLTR
2025-12-26	PM
2025-12-26	PNC
2025-12-26	PSX
2025-12-26	PYPL
2025-12-26	QCOM
2025-12-26	QQQ
2025-12-26	RBLX
2025-12-26	RF
2025-12-26	RTX
2025-12-26	SBUX
2025-12-26	SCHW
2025-12-26	SHOP
2025-12-26	SLB
2025-12-26	SNOW
2025-12-26	SOFI
2025-12-26	SPGI
2025-12-26	SPY
2025-12-26	TFC
2025-12-26	TGT
2025-12-26	TSLA
2025-12-26	UBER
2025-12-26	UNH
2025-12-26	UPST
2025-12-26	USB
2025-12-26	V
2025-12-26	VLO
2025-12-26	WFC
2025-12-26	WMT
2025-12-26	XOM
2025-12-29	AAPL
2025-12-29	ABBV
2025-12-29	ABNB
2025-12-29	ADBE
2025-12-29	AFRM
2025-12-29	ALLY
2025-12-29	AMD
2025-12-29	AMGN
2025-12-29	AMZN
2025-12-29	AVGO
2025-12-29	AXP
2025-12-29	BA
2025-12-29	BAC
2025-12-29	BLK
2025-12-29	BMY
2025-12-29	C
2025-12-29	CAT
2025-12-29	CL
2025-12-29	CME
2025-12-29	CMG
2025-12-29	COIN
2025-12-29	COP
2025-12-29	COST
2025-12-29	CRM
2025-12-29	CSCO
2025-12-29	CVS
2025-12-29	CVX
2025-12-29	DE
2025-12-29	DIS
2025-12-29	EOG
2025-12-29	ETN
2025-12-29	GE
2025-12-29	GILD
2025-12-29	GIS
2025-12-29	GOOGL
2025-12-29	GS
2025-12-29	HAL
2025-12-29	HD
2025-12-29	HON
2025-12-29	HOOD
2025-12-29	ICE
2025-12-29	INTC
2025-12-29	JNJ
2025-12-29	JPM
2025-12-29	KEY
2025-12-29	KHC
2025-12-29	KO
2025-12-29	LLY
2025-12-29	LMT
2025-12-29	LOW
2025-12-29	MA
2025-12-29	MCD
2025-12-29	META
2025-12-29	MMM
2025-12-29	MO
2025-12-29	MPC
2025-12-29	MRK
2025-12-29	MS
2025-12-29	MSFT
2025-12-29	MU
2025-12-29	NFLX
2025-12-29	NKE
2025-12-29	NOC
2025-12-29	NOW
2025-12-29	NVDA
2025-12-29	ORCL
2025-12-29	OXY
2025-12-29	PEP
2025-12-29	PFE
2025-12-29	PG
2025-12-29	PLTR
2025-12-29	PM
2025-12-29	PNC
2025-12-29	PSX
2025-12-29	PYPL
2025-12-29	QCOM
2025-12-29	QQQ
2025-12-29	RBLX
2025-12-29	RF
2025-12-29	RTX
2025-12-29	SBUX
2025-12-29	SCHW
2025-12-29	SHOP
2025-12-29	SLB
2025-12-29	SNOW
2025-12-29	SOFI
2025-12-29	SPGI
2025-12-29	SPY
2025-12-29	TFC
2025-12-29	TGT
2025-12-29	TSLA
2025-12-29	UBER
2025-12-29	UNH
2025-12-29	UPST
2025-12-29	USB
2025-12-29	V
2025-12-29	VLO
2025-12-29	WFC
2025-12-29	WMT
2025-12-29	XOM
2025-12-30	AAPL
2025-12-30	ABBV
2025-12-30	ABNB
2025-12-30	ADBE
2025-12-30	AFRM
2025-12-30	ALLY
2025-12-30	AMD
2025-12-30	AMGN
2025-12-30	AMZN
2025-12-30	AVGO
2025-12-30	AXP
2025-12-30	BA
2025-12-30	BAC
2025-12-30	BLK
2025-12-30	BMY
2025-12-30	C
2025-12-30	CAT
2025-12-30	CL
2025-12-30	CME
2025-12-30	CMG
2025-12-30	COIN
2025-12-30	COP
2025-12-30	COST
2025-12-30	CRM
2025-12-30	CSCO
2025-12-30	CVS
2025-12-30	CVX
2025-12-30	DE
2025-12-30	DIS
2025-12-30	EOG
2025-12-30	ETN
2025-12-30	GE
2025-12-30	GILD
2025-12-30	GIS
2025-12-30	GOOGL
2025-12-30	GS
2025-12-30	HAL
2025-12-30	HD
2025-12-30	HON
2025-12-30	HOOD
2025-12-30	ICE
2025-12-30	INTC
2025-12-30	JNJ
2025-12-30	JPM
2025-12-30	KEY
2025-12-30	KHC
2025-12-30	KO
2025-12-30	LLY
2025-12-30	LMT
2025-12-30	LOW
2025-12-30	MA
2025-12-30	MCD
2025-12-30	META
2025-12-30	MMM
2025-12-30	MO
2025-12-30	MPC
2025-12-30	MRK
2025-12-30	MS
2025-12-30	MSFT
2025-12-30	MU
2025-12-30	NFLX
2025-12-30	NKE
2025-12-30	NOC
2025-12-30	NOW
2025-12-30	NVDA
2025-12-30	ORCL
2025-12-30	OXY
2025-12-30	PEP
2025-12-30	PFE
2025-12-30	PG
2025-12-30	PLTR
2025-12-30	PM
2025-12-30	PNC
2025-12-30	PSX
2025-12-30	PYPL
2025-12-30	QCOM
2025-12-30	QQQ
2025-12-30	RBLX
2025-12-30	RF
2025-12-30	RTX
2025-12-30	SBUX
2025-12-30	SCHW
2025-12-30	SHOP
2025-12-30	SLB
2025-12-30	SNOW
2025-12-30	SOFI
2025-12-30	SPGI
2025-12-30	SPY
2025-12-30	TFC
2025-12-30	TGT
2025-12-30	TSLA
2025-12-30	UBER
2025-12-30	UNH
2025-12-30	UPST
2025-12-30	USB
2025-12-30	V
2025-12-30	VLO
2025-12-30	WFC
2025-12-30	WMT
2025-12-30	XOM
2025-12-31	AAPL
2025-12-31	ABBV
2025-12-31	ABNB
2025-12-31	ADBE
2025-12-31	AFRM
2025-12-31	ALLY
2025-12-31	AMD
2025-12-31	AMGN
2025-12-31	AMZN
2025-12-31	AVGO
2025-12-31	AXP
2025-12-31	BA
2025-12-31	BAC
2025-12-31	BLK
2025-12-31	BMY
2025-12-31	C
2025-12-31	CAT
2025-12-31	CL
2025-12-31	CME
2025-12-31	CMG
2025-12-31	COIN
2025-12-31	COP
2025-12-31	COST
2025-12-31	CRM
2025-12-31	CSCO
2025-12-31	CVS
2025-12-31	CVX
2025-12-31	DE
2025-12-31	DIS
2025-12-31	EOG
2025-12-31	ETN
2025-12-31	GE
2025-12-31	GILD
2025-12-31	GIS
2025-12-31	GOOGL
2025-12-31	GS
2025-12-31	HAL
2025-12-31	HD
2025-12-31	HON
2025-12-31	HOOD
2025-12-31	ICE
2025-12-31	INTC
2025-12-31	JNJ
2025-12-31	JPM
2025-12-31	KEY
2025-12-31	KHC
2025-12-31	KO
2025-12-31	LLY
2025-12-31	LMT
2025-12-31	LOW
2025-12-31	MA
2025-12-31	MCD
2025-12-31	META
2025-12-31	MMM
2025-12-31	MO
2025-12-31	MPC
2025-12-31	MRK
2025-12-31	MS
2025-12-31	MSFT
2025-12-31	MU
2025-12-31	NFLX
2025-12-31	NKE
2025-12-31	NOC
2025-12-31	NOW
2025-12-31	NVDA
2025-12-31	ORCL
2025-12-31	OXY
2025-12-31	PEP
2025-12-31	PFE
2025-12-31	PG
2025-12-31	PLTR
2025-12-31	PM
2025-12-31	PNC
2025-12-31	PSX
2025-12-31	PYPL
2025-12-31	QCOM
2025-12-31	QQQ
2025-12-31	RBLX
2025-12-31	RF
2025-12-31	RTX
2025-12-31	SBUX
2025-12-31	SCHW
2025-12-31	SHOP
2025-12-31	SLB
2025-12-31	SNOW
2025-12-31	SOFI
2025-12-31	SPGI
2025-12-31	SPY
2025-12-31	TFC
2025-12-31	TGT
2025-12-31	TSLA
2025-12-31	UBER
2025-12-31	UNH
2025-12-31	UPST
2025-12-31	USB
2025-12-31	V
2025-12-31	VLO
2025-12-31	WFC
2025-12-31	WMT
2025-12-31	XOM
2026-01-02	AAPL
2026-01-02	ABBV
2026-01-02	ABNB
2026-01-02	ADBE
2026-01-02	AFRM
2026-01-02	ALLY
2026-01-02	AMD
2026-01-02	AMGN
2026-01-02	AMZN
2026-01-02	AVGO
2026-01-02	AXP
2026-01-02	BA
2026-01-02	BAC
2026-01-02	BLK
2026-01-02	BMY
2026-01-02	C
2026-01-02	CAT
2026-01-02	CL
2026-01-02	CME
2026-01-02	CMG
2026-01-02	COIN
2026-01-02	COP
2026-01-02	COST
2026-01-02	CRM
2026-01-02	CSCO
2026-01-02	CVS
2026-01-02	CVX
2026-01-02	DE
2026-01-02	DIS
2026-01-02	EOG
2026-01-02	ETN
2026-01-02	GE
2026-01-02	GILD
2026-01-02	GIS
2026-01-02	GOOGL
2026-01-02	GS
2026-01-02	HAL
2026-01-02	HD
2026-01-02	HON
2026-01-02	HOOD
2026-01-02	ICE
2026-01-02	INTC
2026-01-02	JNJ
2026-01-02	JPM
2026-01-02	KEY
2026-01-02	KHC
2026-01-02	KO
2026-01-02	LLY
2026-01-02	LMT
2026-01-02	LOW
2026-01-02	MA
2026-01-02	MCD
2026-01-02	META
2026-01-02	MMM
2026-01-02	MO
2026-01-02	MPC
2026-01-02	MRK
2026-01-02	MS
2026-01-02	MSFT
2026-01-02	MU
2026-01-02	NFLX
2026-01-02	NKE
2026-01-02	NOC
2026-01-02	NOW
2026-01-02	NVDA
2026-01-02	ORCL
2026-01-02	OXY
2026-01-02	PEP
2026-01-02	PFE
2026-01-02	PG
2026-01-02	PLTR
2026-01-02	PM
2026-01-02	PNC
2026-01-02	PSX
2026-01-02	PYPL
2026-01-02	QCOM
2026-01-02	QQQ
2026-01-02	RBLX
2026-01-02	RF
2026-01-02	RTX
2026-01-02	SBUX
2026-01-02	SCHW
2026-01-02	SHOP
2026-01-02	SLB
2026-01-02	SNOW
2026-01-02	SOFI
2026-01-02	SPGI
2026-01-02	SPY
2026-01-02	TFC
2026-01-02	TGT
2026-01-02	TSLA
2026-01-02	UBER
2026-01-02	UNH
2026-01-02	UPST
2026-01-02	USB
2026-01-02	V
2026-01-02	VLO
2026-01-02	WFC
2026-01-02	WMT
2026-01-02	XOM
2026-01-05	AAPL
2026-01-05	ABBV
2026-01-05	ABNB
2026-01-05	ADBE
2026-01-05	AFRM
2026-01-05	ALLY
2026-01-05	AMD
2026-01-05	AMGN
2026-01-05	AMZN
2026-01-05	AVGO
2026-01-05	AXP
2026-01-05	BA
2026-01-05	BAC
2026-01-05	BLK
2026-01-05	BMY
2026-01-05	C
2026-01-05	CAT
2026-01-05	CL
2026-01-05	CME
2026-01-05	CMG
2026-01-05	COIN
2026-01-05	COP
2026-01-05	COST
2026-01-05	CRM
2026-01-05	CSCO
2026-01-05	CVS
2026-01-05	CVX
2026-01-05	DE
2026-01-05	DIS
2026-01-05	EOG
2026-01-05	ETN
2026-01-05	GE
2026-01-05	GILD
2026-01-05	GIS
2026-01-05	GOOGL
2026-01-05	GS
2026-01-05	HAL
2026-01-05	HD
2026-01-05	HON
2026-01-05	HOOD
2026-01-05	ICE
2026-01-05	INTC
2026-01-05	JNJ
2026-01-05	JPM
2026-01-05	KEY
2026-01-05	KHC
2026-01-05	KO
2026-01-05	LLY
2026-01-05	LMT
2026-01-05	LOW
2026-01-05	MA
2026-01-05	MCD
2026-01-05	META
2026-01-05	MMM
2026-01-05	MO
2026-01-05	MPC
2026-01-05	MRK
2026-01-05	MS
2026-01-05	MSFT
2026-01-05	MU
2026-01-05	NFLX
2026-01-05	NKE
2026-01-05	NOC
2026-01-05	NOW
2026-01-05	NVDA
2026-01-05	ORCL
2026-01-05	OXY
2026-01-05	PEP
2026-01-05	PFE
2026-01-05	PG
2026-01-05	PLTR
2026-01-05	PM
2026-01-05	PNC
2026-01-05	PSX
2026-01-05	PYPL
2026-01-05	QCOM
2026-01-05	QQQ
2026-01-05	RBLX
2026-01-05	RF
2026-01-05	RTX
2026-01-05	SBUX
2026-01-05	SCHW
2026-01-05	SHOP
2026-01-05	SLB
2026-01-05	SNOW
2026-01-05	SOFI
2026-01-05	SPGI
2026-01-05	SPY
2026-01-05	TFC
2026-01-05	TGT
2026-01-05	TSLA
2026-01-05	UBER
2026-01-05	UNH
2026-01-05	UPST
2026-01-05	USB
2026-01-05	V
2026-01-05	VLO
2026-01-05	WFC
2026-01-05	WMT
2026-01-05	XOM
2026-01-06	AAPL
2026-01-06	ABBV
2026-01-06	ABNB
2026-01-06	ADBE
2026-01-06	AFRM
2026-01-06	ALLY
2026-01-06	AMD
2026-01-06	AMGN
2026-01-06	AMZN
2026-01-06	AVGO
2026-01-06	AXP
2026-01-06	BA
2026-01-06	BAC
2026-01-06	BLK
2026-01-06	BMY
2026-01-06	C
2026-01-06	CAT
2026-01-06	CL
2026-01-06	CME
2026-01-06	CMG
2026-01-06	COIN
2026-01-06	COP
2026-01-06	COST
2026-01-06	CRM
2026-01-06	CSCO
2026-01-06	CVS
2026-01-06	CVX
2026-01-06	DE
2026-01-06	DIS
2026-01-06	EOG
2026-01-06	ETN
2026-01-06	GE
2026-01-06	GILD
2026-01-06	GIS
2026-01-06	GOOGL
2026-01-06	GS
2026-01-06	HAL
2026-01-06	HD
2026-01-06	HON
2026-01-06	HOOD
2026-01-06	ICE
2026-01-06	INTC
2026-01-06	JNJ
2026-01-06	JPM
2026-01-06	KEY
2026-01-06	KHC
2026-01-06	KO
2026-01-06	LLY
2026-01-06	LMT
2026-01-06	LOW
2026-01-06	MA
2026-01-06	MCD
2026-01-06	META
2026-01-06	MMM
2026-01-06	MO
2026-01-06	MPC
2026-01-06	MRK
2026-01-06	MS
2026-01-06	MSFT
2026-01-06	MU
2026-01-06	NFLX
2026-01-06	NKE
2026-01-06	NOC
2026-01-06	NOW
2026-01-06	NVDA
2026-01-06	ORCL
2026-01-06	OXY
2026-01-06	PEP
2026-01-06	PFE
2026-01-06	PG
2026-01-06	PLTR
2026-01-06	PM
2026-01-06	PNC
2026-01-06	PSX
2026-01-06	PYPL
2026-01-06	QCOM
2026-01-06	QQQ
2026-01-06	RBLX
2026-01-06	RF
2026-01-06	RTX
2026-01-06	SBUX
2026-01-06	SCHW
2026-01-06	SHOP
2026-01-06	SLB
2026-01-06	SNOW
2026-01-06	SOFI
2026-01-06	SPGI
2026-01-06	SPY
2026-01-06	TFC
2026-01-06	TGT
2026-01-06	TSLA
2026-01-06	UBER
2026-01-06	UNH
2026-01-06	UPST
2026-01-06	USB
2026-01-06	V
2026-01-06	VLO
2026-01-06	WFC
2026-01-06	WMT
2026-01-06	XOM
2026-01-07	AAPL
2026-01-07	ABBV
2026-01-07	ABNB
2026-01-07	ADBE
2026-01-07	AFRM
2026-01-07	ALLY
2026-01-07	AMD
2026-01-07	AMGN
2026-01-07	AMZN
2026-01-07	AVGO
2026-01-07	AXP
2026-01-07	BA
2026-01-07	BAC
2026-01-07	BLK
2026-01-07	BMY
2026-01-07	C
2026-01-07	CAT
2026-01-07	CL
2026-01-07	CME
2026-01-07	CMG
2026-01-07	COIN
2026-01-07	COP
2026-01-07	COST
2026-01-07	CRM
2026-01-07	CSCO
2026-01-07	CVS
2026-01-07	CVX
2026-01-07	DE
2026-01-07	DIS
2026-01-07	EOG
2026-01-07	ETN
2026-01-07	GE
2026-01-07	GILD
2026-01-07	GIS
2026-01-07	GOOGL
2026-01-07	GS
2026-01-07	HAL
2026-01-07	HD
2026-01-07	HON
2026-01-07	HOOD
2026-01-07	ICE
2026-01-07	INTC
2026-01-07	JNJ
2026-01-07	JPM
2026-01-07	KEY
2026-01-07	KHC
2026-01-07	KO
2026-01-07	LLY
2026-01-07	LMT
2026-01-07	LOW
2026-01-07	MA
2026-01-07	MCD
2026-01-07	META
2026-01-07	MMM
2026-01-07	MO
2026-01-07	MPC
2026-01-07	MRK
2026-01-07	MS
2026-01-07	MSFT
2026-01-07	MU
2026-01-07	NFLX
2026-01-07	NKE
2026-01-07	NOC
2026-01-07	NOW
2026-01-07	NVDA
2026-01-07	ORCL
2026-01-07	OXY
2026-01-07	PEP
2026-01-07	PFE
2026-01-07	PG
2026-01-07	PLTR
2026-01-07	PM
2026-01-07	PNC
2026-01-07	PSX
2026-01-07	PYPL
2026-01-07	QCOM
2026-01-07	QQQ
2026-01-07	RBLX
2026-01-07	RF
2026-01-07	RTX
2026-01-07	SBUX
2026-01-07	SCHW
2026-01-07	SHOP
2026-01-07	SLB
2026-01-07	SNOW
2026-01-07	SOFI
2026-01-07	SPGI
2026-01-07	SPY
2026-01-07	TFC
2026-01-07	TGT
2026-01-07	TSLA
2026-01-07	UBER
2026-01-07	UNH
2026-01-07	UPST
2026-01-07	USB
2026-01-07	V
2026-01-07	VLO
2026-01-07	WFC
2026-01-07	WMT
2026-01-07	XOM
2026-01-08	AAPL
2026-01-08	ABBV
2026-01-08	ABNB
2026-01-08	ADBE
2026-01-08	AFRM
2026-01-08	ALLY
2026-01-08	AMD
2026-01-08	AMGN
2026-01-08	AMZN
2026-01-08	AVGO
2026-01-08	AXP
2026-01-08	BA
2026-01-08	BAC
2026-01-08	BLK
2026-01-08	BMY
2026-01-08	C
2026-01-08	CAT
2026-01-08	CL
2026-01-08	CME
2026-01-08	CMG
2026-01-08	COIN
2026-01-08	COP
2026-01-08	COST
2026-01-08	CRM
2026-01-08	CSCO
2026-01-08	CVS
2026-01-08	CVX
2026-01-08	DE
2026-01-08	DIS
2026-01-08	EOG
2026-01-08	ETN
2026-01-08	GE
2026-01-08	GILD
2026-01-08	GIS
2026-01-08	GOOGL
2026-01-08	GS
2026-01-08	HAL
2026-01-08	HD
2026-01-08	HON
2026-01-08	HOOD
2026-01-08	ICE
2026-01-08	INTC
2026-01-08	JNJ
2026-01-08	JPM
2026-01-08	KEY
2026-01-08	KHC
2026-01-08	KO
2026-01-08	LLY
2026-01-08	LMT
2026-01-08	LOW
2026-01-08	MA
2026-01-08	MCD
2026-01-08	META
2026-01-08	MMM
2026-01-08	MO
2026-01-08	MPC
2026-01-08	MRK
2026-01-08	MS
2026-01-08	MSFT
2026-01-08	MU
2026-01-08	NFLX
2026-01-08	NKE
2026-01-08	NOC
2026-01-08	NOW
2026-01-08	NVDA
2026-01-08	ORCL
2026-01-08	OXY
2026-01-08	PEP
2026-01-08	PFE
2026-01-08	PG
2026-01-08	PLTR
2026-01-08	PM
2026-01-08	PNC
2026-01-08	PSX
2026-01-08	PYPL
2026-01-08	QCOM
2026-01-08	QQQ
2026-01-08	RBLX
2026-01-08	RF
2026-01-08	RTX
2026-01-08	SBUX
2026-01-08	SCHW
2026-01-08	SHOP
2026-01-08	SLB
2026-01-08	SNOW
2026-01-08	SOFI
2026-01-08	SPGI
2026-01-08	SPY
2026-01-08	TFC
2026-01-08	TGT
2026-01-08	TSLA
2026-01-08	UBER
2026-01-08	UNH
2026-01-08	UPST
2026-01-08	USB
2026-01-08	V
2026-01-08	VLO
2026-01-08	WFC
2026-01-08	WMT
2026-01-08	XOM
2026-01-09	AAPL
2026-01-09	ABBV
2026-01-09	ABNB
2026-01-09	ADBE
2026-01-09	AFRM
2026-01-09	ALLY
2026-01-09	AMD
2026-01-09	AMGN
2026-01-09	AMZN
2026-01-09	AVGO
2026-01-09	AXP
2026-01-09	BA
2026-01-09	BAC
2026-01-09	BLK
2026-01-09	BMY
2026-01-09	C
2026-01-09	CAT
2026-01-09	CL
2026-01-09	CME
2026-01-09	CMG
2026-01-09	COIN
2026-01-09	COP
2026-01-09	COST
2026-01-09	CRM
2026-01-09	CSCO
2026-01-09	CVS
2026-01-09	CVX
2026-01-09	DE
2026-01-09	DIS
2026-01-09	EOG
2026-01-09	ETN
2026-01-09	GE
2026-01-09	GILD
2026-01-09	GIS
2026-01-09	GOOGL
2026-01-09	GS
2026-01-09	HAL
2026-01-09	HD
2026-01-09	HON
2026-01-09	HOOD
2026-01-09	ICE
2026-01-09	INTC
2026-01-09	JNJ
2026-01-09	JPM
2026-01-09	KEY
2026-01-09	KHC
2026-01-09	KO
2026-01-09	LLY
2026-01-09	LMT
2026-01-09	LOW
2026-01-09	MA
2026-01-09	MCD
2026-01-09	META
2026-01-09	MMM
2026-01-09	MO
2026-01-09	MPC
2026-01-09	MRK
2026-01-09	MS
2026-01-09	MSFT
2026-01-09	MU
2026-01-09	NFLX
2026-01-09	NKE
2026-01-09	NOC
2026-01-09	NOW
2026-01-09	NVDA
2026-01-09	ORCL
2026-01-09	OXY
2026-01-09	PEP
2026-01-09	PFE
2026-01-09	PG
2026-01-09	PLTR
2026-01-09	PM
2026-01-09	PNC
2026-01-09	PSX
2026-01-09	PYPL
2026-01-09	QCOM
2026-01-09	QQQ
2026-01-09	RBLX
2026-01-09	RF
2026-01-09	RTX
2026-01-09	SBUX
2026-01-09	SCHW
2026-01-09	SHOP
2026-01-09	SLB
2026-01-09	SNOW
2026-01-09	SOFI
2026-01-09	SPGI
2026-01-09	SPY
2026-01-09	TFC
2026-01-09	TGT
2026-01-09	TSLA
2026-01-09	UBER
2026-01-09	UNH
2026-01-09	UPST
2026-01-09	USB
2026-01-09	V
2026-01-09	VLO
2026-01-09	WFC
2026-01-09	WMT
2026-01-09	XOM
2026-01-12	AAPL
2026-01-12	ABBV
2026-01-12	ABNB
2026-01-12	ADBE
2026-01-12	AFRM
2026-01-12	ALLY
2026-01-12	AMD
2026-01-12	AMGN
2026-01-12	AMZN
2026-01-12	AVGO
2026-01-12	AXP
2026-01-12	BA
2026-01-12	BAC
2026-01-12	BLK
2026-01-12	BMY
2026-01-12	C
2026-01-12	CAT
2026-01-12	CL
2026-01-12	CME
2026-01-12	CMG
2026-01-12	COIN
2026-01-12	COP
2026-01-12	COST
2026-01-12	CRM
2026-01-12	CSCO
2026-01-12	CVS
2026-01-12	CVX
2026-01-12	DE
2026-01-12	DIS
2026-01-12	EOG
2026-01-12	ETN
2026-01-12	GE
2026-01-12	GILD
2026-01-12	GIS
2026-01-12	GOOGL
2026-01-12	GS
2026-01-12	HAL
2026-01-12	HD
2026-01-12	HON
2026-01-12	HOOD
2026-01-12	ICE
2026-01-12	INTC
2026-01-12	JNJ
2026-01-12	JPM
2026-01-12	KEY
2026-01-12	KHC
2026-01-12	KO
2026-01-12	LLY
2026-01-12	LMT
2026-01-12	LOW
2026-01-12	MA
2026-01-12	MCD
2026-01-12	META
2026-01-12	MMM
2026-01-12	MO
2026-01-12	MPC
2026-01-12	MRK
2026-01-12	MS
2026-01-12	MSFT
2026-01-12	MU
2026-01-12	NFLX
2026-01-12	NKE
2026-01-12	NOC
2026-01-12	NOW
2026-01-12	NVDA
2026-01-12	ORCL
2026-01-12	OXY
2026-01-12	PEP
2026-01-12	PFE
2026-01-12	PG
2026-01-12	PLTR
2026-01-12	PM
2026-01-12	PNC
2026-01-12	PSX
2026-01-12	PYPL
2026-01-12	QCOM
2026-01-12	QQQ
2026-01-12	RBLX
2026-01-12	RF
2026-01-12	RTX
2026-01-12	SBUX
2026-01-12	SCHW
2026-01-12	SHOP
2026-01-12	SLB
2026-01-12	SNOW
2026-01-12	SOFI
2026-01-12	SPGI
2026-01-12	SPY
2026-01-12	TFC
2026-01-12	TGT
2026-01-12	TSLA
2026-01-12	UBER
2026-01-12	UNH
2026-01-12	UPST
2026-01-12	USB
2026-01-12	V
2026-01-12	VLO
2026-01-12	WFC
2026-01-12	WMT
2026-01-12	XOM
2026-01-13	AAPL
2026-01-13	ABBV
2026-01-13	ABNB
2026-01-13	ADBE
2026-01-13	AFRM
2026-01-13	ALLY
2026-01-13	AMD
2026-01-13	AMGN
2026-01-13	AMZN
2026-01-13	AVGO
2026-01-13	AXP
2026-01-13	BA
2026-01-13	BAC
2026-01-13	BLK
2026-01-13	BMY
2026-01-13	C
2026-01-13	CAT
2026-01-13	CL
2026-01-13	CME
2026-01-13	CMG
2026-01-13	COIN
2026-01-13	COP
2026-01-13	COST
2026-01-13	CRM
2026-01-13	CSCO
2026-01-13	CVS
2026-01-13	CVX
2026-01-13	DE
2026-01-13	DIS
2026-01-13	EOG
2026-01-13	ETN
2026-01-13	GE
2026-01-13	GILD
2026-01-13	GIS
2026-01-13	GOOGL
2026-01-13	GS
2026-01-13	HAL
2026-01-13	HD
2026-01-13	HON
2026-01-13	HOOD
2026-01-13	ICE
2026-01-13	INTC
2026-01-13	JNJ
2026-01-13	JPM
2026-01-13	KEY
2026-01-13	KHC
2026-01-13	KO
2026-01-13	LLY
2026-01-13	LMT
2026-01-13	LOW
2026-01-13	MA
2026-01-13	MCD
2026-01-13	META
2026-01-13	MMM
2026-01-13	MO
2026-01-13	MPC
2026-01-13	MRK
2026-01-13	MS
2026-01-13	MSFT
2026-01-13	MU
2026-01-13	NFLX
2026-01-13	NKE
2026-01-13	NOC
2026-01-13	NOW
2026-01-13	NVDA
2026-01-13	ORCL
2026-01-13	OXY
2026-01-13	PEP
2026-01-13	PFE
2026-01-13	PG
2026-01-13	PLTR
2026-01-13	PM
2026-01-13	PNC
2026-01-13	PSX
2026-01-13	PYPL
2026-01-13	QCOM
2026-01-13	QQQ
2026-01-13	RBLX
2026-01-13	RF
2026-01-13	RTX
2026-01-13	SBUX
2026-01-13	SCHW
2026-01-13	SHOP
2026-01-13	SLB
2026-01-13	SNOW
2026-01-13	SOFI
2026-01-13	SPGI
2026-01-13	SPY
2026-01-13	TFC
2026-01-13	TGT
2026-01-13	TSLA
2026-01-13	UBER
2026-01-13	UNH
2026-01-13	UPST
2026-01-13	USB
2026-01-13	V
2026-01-13	VLO
2026-01-13	WFC
2026-01-13	WMT
2026-01-13	XOM
2026-01-14	AAPL
2026-01-14	ABBV
2026-01-14	ABNB
2026-01-14	ADBE
2026-01-14	AFRM
2026-01-14	ALLY
2026-01-14	AMD
2026-01-14	AMGN
2026-01-14	AMZN
2026-01-14	AVGO
2026-01-14	AXP
2026-01-14	BA
2026-01-14	BAC
2026-01-14	BLK
2026-01-14	BMY
2026-01-14	C
2026-01-14	CAT
2026-01-14	CL
2026-01-14	CME
2026-01-14	CMG
2026-01-14	COIN
2026-01-14	COP
2026-01-14	COST
2026-01-14	CRM
2026-01-14	CSCO
2026-01-14	CVS
2026-01-14	CVX
2026-01-14	DE
2026-01-14	DIS
2026-01-14	EOG
2026-01-14	ETN
2026-01-14	GE
2026-01-14	GILD
2026-01-14	GIS
2026-01-14	GOOGL
2026-01-14	GS
2026-01-14	HAL
2026-01-14	HD
2026-01-14	HON
2026-01-14	HOOD
2026-01-14	ICE
2026-01-14	INTC
2026-01-14	JNJ
2026-01-14	JPM
2026-01-14	KEY
2026-01-14	KHC
2026-01-14	KO
2026-01-14	LLY
2026-01-14	LMT
2026-01-14	LOW
2026-01-14	MA
2026-01-14	MCD
2026-01-14	META
2026-01-14	MMM
2026-01-14	MO
2026-01-14	MPC
2026-01-14	MRK
2026-01-14	MS
2026-01-14	MSFT
2026-01-14	MU
2026-01-14	NFLX
2026-01-14	NKE
2026-01-14	NOC
2026-01-14	NOW
2026-01-14	NVDA
2026-01-14	ORCL
2026-01-14	OXY
2026-01-14	PEP
2026-01-14	PFE
2026-01-14	PG
2026-01-14	PLTR
2026-01-14	PM
2026-01-14	PNC
2026-01-14	PSX
2026-01-14	PYPL
2026-01-14	QCOM
2026-01-14	QQQ
2026-01-14	RBLX
2026-01-14	RF
2026-01-14	RTX
2026-01-14	SBUX
2026-01-14	SCHW
2026-01-14	SHOP
2026-01-14	SLB
2026-01-14	SNOW
2026-01-14	SOFI
2026-01-14	SPGI
2026-01-14	SPY
2026-01-14	TFC
2026-01-14	TGT
2026-01-14	TSLA
2026-01-14	UBER
2026-01-14	UNH
2026-01-14	UPST
2026-01-14	USB
2026-01-14	V
2026-01-14	VLO
2026-01-14	WFC
2026-01-14	WMT
2026-01-14	XOM
2026-01-15	AAPL
2026-01-15	ABBV
2026-01-15	ABNB
2026-01-15	ADBE
2026-01-15	AFRM
2026-01-15	ALLY
2026-01-15	AMD
2026-01-15	AMGN
2026-01-15	AMZN
2026-01-15	AVGO
2026-01-15	AXP
2026-01-15	BA
2026-01-15	BAC
2026-01-15	BLK
2026-01-15	BMY
2026-01-15	C
2026-01-15	CAT
2026-01-15	CL
2026-01-15	CME
2026-01-15	CMG
2026-01-15	COIN
2026-01-15	COP
2026-01-15	COST
2026-01-15	CRM
2026-01-15	CSCO
2026-01-15	CVS
2026-01-15	CVX
2026-01-15	DE
2026-01-15	DIS
2026-01-15	EOG
2026-01-15	ETN
2026-01-15	GE
2026-01-15	GILD
2026-01-15	GIS
2026-01-15	GOOGL
2026-01-15	GS
2026-01-15	HAL
2026-01-15	HD
2026-01-15	HON
2026-01-15	HOOD
2026-01-15	ICE
2026-01-15	INTC
2026-01-15	JNJ
2026-01-15	JPM
2026-01-15	KEY
2026-01-15	KHC
2026-01-15	KO
2026-01-15	LLY
2026-01-15	LMT
2026-01-15	LOW
2026-01-15	MA
2026-01-15	MCD
2026-01-15	META
2026-01-15	MMM
2026-01-15	MO
2026-01-15	MPC
2026-01-15	MRK
2026-01-15	MS
2026-01-15	MSFT
2026-01-15	MU
2026-01-15	NFLX
2026-01-15	NKE
2026-01-15	NOC
2026-01-15	NOW
2026-01-15	NVDA
2026-01-15	ORCL
2026-01-15	OXY
2026-01-15	PEP
2026-01-15	PFE
2026-01-15	PG
2026-01-15	PLTR
2026-01-15	PM
2026-01-15	PNC
2026-01-15	PSX
2026-01-15	PYPL
2026-01-15	QCOM
2026-01-15	QQQ
2026-01-15	RBLX
2026-01-15	RF
2026-01-15	RTX
2026-01-15	SBUX
2026-01-15	SCHW
2026-01-15	SHOP
2026-01-15	SLB
2026-01-15	SNOW
2026-01-15	SOFI
2026-01-15	SPGI
2026-01-15	SPY
2026-01-15	TFC
2026-01-15	TGT
2026-01-15	TSLA
2026-01-15	UBER
2026-01-15	UNH
2026-01-15	UPST
2026-01-15	USB
2026-01-15	V
2026-01-15	VLO
2026-01-15	WFC
2026-01-15	WMT
2026-01-15	XOM
2026-01-16	AAPL
2026-01-16	ABBV
2026-01-16	ABNB
2026-01-16	ADBE
2026-01-16	AFRM
2026-01-16	ALLY
2026-01-16	AMD
2026-01-16	AMGN
2026-01-16	AMZN
2026-01-16	AVGO
2026-01-16	AXP
2026-01-16	BA
2026-01-16	BAC
2026-01-16	BLK
2026-01-16	BMY
2026-01-16	C
2026-01-16	CAT
2026-01-16	CL
2026-01-16	CME
2026-01-16	CMG
2026-01-16	COIN
2026-01-16	COP
2026-01-16	COST
2026-01-16	CRM
2026-01-16	CSCO
2026-01-16	CVS
2026-01-16	CVX
2026-01-16	DE
2026-01-16	DIS
2026-01-16	EOG
2026-01-16	ETN
2026-01-16	GE
2026-01-16	GILD
2026-01-16	GIS
2026-01-16	GOOGL
2026-01-16	GS
2026-01-16	HAL
2026-01-16	HD
2026-01-16	HON
2026-01-16	HOOD
2026-01-16	ICE
2026-01-16	INTC
2026-01-16	JNJ
2026-01-16	JPM
2026-01-16	KEY
2026-01-16	KHC
2026-01-16	KO
2026-01-16	LLY
2026-01-16	LMT
2026-01-16	LOW
2026-01-16	MA
2026-01-16	MCD
2026-01-16	META
2026-01-16	MMM
2026-01-16	MO
2026-01-16	MPC
2026-01-16	MRK
2026-01-16	MS
2026-01-16	MSFT
2026-01-16	MU
2026-01-16	NFLX
2026-01-16	NKE
2026-01-16	NOC
2026-01-16	NOW
2026-01-16	NVDA
2026-01-16	ORCL
2026-01-16	OXY
2026-01-16	PEP
2026-01-16	PFE
2026-01-16	PG
2026-01-16	PLTR
2026-01-16	PM
2026-01-16	PNC
2026-01-16	PSX
2026-01-16	PYPL
2026-01-16	QCOM
2026-01-16	QQQ
2026-01-16	RBLX
2026-01-16	RF
2026-01-16	RTX
2026-01-16	SBUX
2026-01-16	SCHW
2026-01-16	SHOP
2026-01-16	SLB
2026-01-16	SNOW
2026-01-16	SOFI
2026-01-16	SPGI
2026-01-16	SPY
2026-01-16	TFC
2026-01-16	TGT
2026-01-16	TSLA
2026-01-16	UBER
2026-01-16	UNH
2026-01-16	UPST
2026-01-16	USB
2026-01-16	V
2026-01-16	VLO
2026-01-16	WFC
2026-01-16	WMT
2026-01-16	XOM
2026-01-20	AAPL
2026-01-20	ABBV
2026-01-20	ABNB
2026-01-20	ADBE
2026-01-20	AFRM
2026-01-20	ALLY
2026-01-20	AMD
2026-01-20	AMGN
2026-01-20	AMZN
2026-01-20	AVGO
2026-01-20	AXP
2026-01-20	BA
2026-01-20	BAC
2026-01-20	BLK
2026-01-20	BMY
2026-01-20	C
2026-01-20	CAT
2026-01-20	CL
2026-01-20	CME
2026-01-20	CMG
2026-01-20	COIN
2026-01-20	COP
2026-01-20	COST
2026-01-20	CRM
2026-01-20	CSCO
2026-01-20	CVS
2026-01-20	CVX
2026-01-20	DE
2026-01-20	DIS
2026-01-20	EOG
2026-01-20	ETN
2026-01-20	GE
2026-01-20	GILD
2026-01-20	GIS
2026-01-20	GOOGL
2026-01-20	GS
2026-01-20	HAL
2026-01-20	HD
2026-01-20	HON
2026-01-20	HOOD
2026-01-20	ICE
2026-01-20	INTC
2026-01-20	JNJ
2026-01-20	JPM
2026-01-20	KEY
2026-01-20	KHC
2026-01-20	KO
2026-01-20	LLY
2026-01-20	LMT
2026-01-20	LOW
2026-01-20	MA
2026-01-20	MCD
2026-01-20	META
2026-01-20	MMM
2026-01-20	MO
2026-01-20	MPC
2026-01-20	MRK
2026-01-20	MS
2026-01-20	MSFT
2026-01-20	MU
2026-01-20	NFLX
2026-01-20	NKE
2026-01-20	NOC
2026-01-20	NOW
2026-01-20	NVDA
2026-01-20	ORCL
2026-01-20	OXY
2026-01-20	PEP
2026-01-20	PFE
2026-01-20	PG
2026-01-20	PLTR
2026-01-20	PM
2026-01-20	PNC
2026-01-20	PSX
2026-01-20	PYPL
2026-01-20	QCOM
2026-01-20	QQQ
2026-01-20	RBLX
2026-01-20	RF
2026-01-20	RTX
2026-01-20	SBUX
2026-01-20	SCHW
2026-01-20	SHOP
2026-01-20	SLB
2026-01-20	SNOW
2026-01-20	SOFI
2026-01-20	SPGI
2026-01-20	SPY
2026-01-20	TFC
2026-01-20	TGT
2026-01-20	TSLA
2026-01-20	UBER
2026-01-20	UNH
2026-01-20	UPST
2026-01-20	USB
2026-01-20	V
2026-01-20	VLO
2026-01-20	WFC
2026-01-20	WMT
2026-01-20	XOM
2026-01-21	AAPL
2026-01-21	ABBV
2026-01-21	ABNB
2026-01-21	ADBE
2026-01-21	AFRM
2026-01-21	ALLY
2026-01-21	AMD
2026-01-21	AMGN
2026-01-21	AMZN
2026-01-21	AVGO
2026-01-21	AXP
2026-01-21	BA
2026-01-21	BAC
2026-01-21	BLK
2026-01-21	BMY
2026-01-21	C
2026-01-21	CAT
2026-01-21	CL
2026-01-21	CME
2026-01-21	CMG
2026-01-21	COIN
2026-01-21	COP
2026-01-21	COST
2026-01-21	CRM
2026-01-21	CSCO
2026-01-21	CVS
2026-01-21	CVX
2026-01-21	DE
2026-01-21	DIS
2026-01-21	EOG
2026-01-21	ETN
2026-01-21	GE
2026-01-21	GILD
2026-01-21	GIS
2026-01-21	GOOGL
2026-01-21	GS
2026-01-21	HAL
2026-01-21	HD
2026-01-21	HON
2026-01-21	HOOD
2026-01-21	ICE
2026-01-21	INTC
2026-01-21	JNJ
2026-01-21	JPM
2026-01-21	KEY
2026-01-21	KHC
2026-01-21	KO
2026-01-21	LLY
2026-01-21	LMT
2026-01-21	LOW
2026-01-21	MA
2026-01-21	MCD
2026-01-21	META
2026-01-21	MMM
2026-01-21	MO
2026-01-21	MPC
2026-01-21	MRK
2026-01-21	MS
2026-01-21	MSFT
2026-01-21	MU
2026-01-21	NFLX
2026-01-21	NKE
2026-01-21	NOC
2026-01-21	NOW
2026-01-21	NVDA
2026-01-21	ORCL
2026-01-21	OXY
2026-01-21	PEP
2026-01-21	PFE
2026-01-21	PG
2026-01-21	PLTR
2026-01-21	PM
2026-01-21	PNC
2026-01-21	PSX
2026-01-21	PYPL
2026-01-21	QCOM
2026-01-21	QQQ
2026-01-21	RBLX
2026-01-21	RF
2026-01-21	RTX
2026-01-21	SBUX
2026-01-21	SCHW
2026-01-21	SHOP
2026-01-21	SLB
2026-01-21	SNOW
2026-01-21	SOFI
2026-01-21	SPGI
2026-01-21	SPY
2026-01-21	TFC
2026-01-21	TGT
2026-01-21	TSLA
2026-01-21	UBER
2026-01-21	UNH
2026-01-21	UPST
2026-01-21	USB
2026-01-21	V
2026-01-21	VLO
2026-01-21	WFC
2026-01-21	WMT
2026-01-21	XOM
2026-01-22	AAPL
2026-01-22	ABBV
2026-01-22	ABNB
2026-01-22	ADBE
2026-01-22	AFRM
2026-01-22	ALLY
2026-01-22	AMD
2026-01-22	AMGN
2026-01-22	AMZN
2026-01-22	AVGO
2026-01-22	AXP
2026-01-22	BA
2026-01-22	BAC
2026-01-22	BLK
2026-01-22	BMY
2026-01-22	C
2026-01-22	CAT
2026-01-22	CL
2026-01-22	CME
2026-01-22	CMG
2026-01-22	COIN
2026-01-22	COP
2026-01-22	COST
2026-01-22	CRM
2026-01-22	CSCO
2026-01-22	CVS
2026-01-22	CVX
2026-01-22	DE
2026-01-22	DIS
2026-01-22	EOG
2026-01-22	ETN
2026-01-22	GE
2026-01-22	GILD
2026-01-22	GIS
2026-01-22	GOOGL
2026-01-22	GS
2026-01-22	HAL
2026-01-22	HD
2026-01-22	HON
2026-01-22	HOOD
2026-01-22	ICE
2026-01-22	INTC
2026-01-22	JNJ
2026-01-22	JPM
2026-01-22	KEY
2026-01-22	KHC
2026-01-22	KO
2026-01-22	LLY
2026-01-22	LMT
2026-01-22	LOW
2026-01-22	MA
2026-01-22	MCD
2026-01-22	META
2026-01-22	MMM
2026-01-22	MO
2026-01-22	MPC
2026-01-22	MRK
2026-01-22	MS
2026-01-22	MSFT
2026-01-22	MU
2026-01-22	NFLX
2026-01-22	NKE
2026-01-22	NOC
2026-01-22	NOW
2026-01-22	NVDA
2026-01-22	ORCL
2026-01-22	OXY
2026-01-22	PEP
2026-01-22	PFE
2026-01-22	PG
2026-01-22	PLTR
2026-01-22	PM
2026-01-22	PNC
2026-01-22	PSX
2026-01-22	PYPL
2026-01-22	QCOM
2026-01-22	QQQ
2026-01-22	RBLX
2026-01-22	RF
2026-01-22	RTX
2026-01-22	SBUX
2026-01-22	SCHW
2026-01-22	SHOP
2026-01-22	SLB
2026-01-22	SNOW
2026-01-22	SOFI
2026-01-22	SPGI
2026-01-22	SPY
2026-01-22	TFC
2026-01-22	TGT
2026-01-22	TSLA
2026-01-22	UBER
2026-01-22	UNH
2026-01-22	UPST
2026-01-22	USB
2026-01-22	V
2026-01-22	VLO
2026-01-22	WFC
2026-01-22	WMT
2026-01-22	XOM
2026-01-23	AAPL
2026-01-23	ABBV
2026-01-23	ABNB
2026-01-23	ADBE
2026-01-23	AFRM
2026-01-23	ALLY
2026-01-23	AMD
2026-01-23	AMGN
2026-01-23	AMZN
2026-01-23	AVGO
2026-01-23	AXP
2026-01-23	BA
2026-01-23	BAC
2026-01-23	BLK
2026-01-23	BMY
2026-01-23	C
2026-01-23	CAT
2026-01-23	CL
2026-01-23	CME
2026-01-23	CMG
2026-01-23	COIN
2026-01-23	COP
2026-01-23	COST
2026-01-23	CRM
2026-01-23	CSCO
2026-01-23	CVS
2026-01-23	CVX
2026-01-23	DE
2026-01-23	DIS
2026-01-23	EOG
2026-01-23	ETN
2026-01-23	GE
2026-01-23	GILD
2026-01-23	GIS
2026-01-23	GOOGL
2026-01-23	GS
2026-01-23	HAL
2026-01-23	HD
2026-01-23	HON
2026-01-23	HOOD
2026-01-23	ICE
2026-01-23	INTC
2026-01-23	JNJ
2026-01-23	JPM
2026-01-23	KEY
2026-01-23	KHC
2026-01-23	KO
2026-01-23	LLY
2026-01-23	LMT
2026-01-23	LOW
2026-01-23	MA
2026-01-23	MCD
2026-01-23	META
2026-01-23	MMM
2026-01-23	MO
2026-01-23	MPC
2026-01-23	MRK
2026-01-23	MS
2026-01-23	MSFT
2026-01-23	MU
2026-01-23	NFLX
2026-01-23	NKE
2026-01-23	NOC
2026-01-23	NOW
2026-01-23	NVDA
2026-01-23	ORCL
2026-01-23	OXY
2026-01-23	PEP
2026-01-23	PFE
2026-01-23	PG
2026-01-23	PLTR
2026-01-23	PM
2026-01-23	PNC
2026-01-23	PSX
2026-01-23	PYPL
2026-01-23	QCOM
2026-01-23	QQQ
2026-01-23	RBLX
2026-01-23	RF
2026-01-23	RTX
2026-01-23	SBUX
2026-01-23	SCHW
2026-01-23	SHOP
2026-01-23	SLB
2026-01-23	SNOW
2026-01-23	SOFI
2026-01-23	SPGI
2026-01-23	SPY
2026-01-23	TFC
2026-01-23	TGT
2026-01-23	TSLA
2026-01-23	UBER
2026-01-23	UNH
2026-01-23	UPST
2026-01-23	USB
2026-01-23	V
2026-01-23	VLO
2026-01-23	WFC
2026-01-23	WMT
2026-01-23	XOM
2026-01-26	AAPL
2026-01-26	ABBV
2026-01-26	ABNB
2026-01-26	ADBE
2026-01-26	AFRM
2026-01-26	ALLY
2026-01-26	AMD
2026-01-26	AMGN
2026-01-26	AMZN
2026-01-26	AVGO
2026-01-26	AXP
2026-01-26	BA
2026-01-26	BAC
2026-01-26	BLK
2026-01-26	BMY
2026-01-26	C
2026-01-26	CAT
2026-01-26	CL
2026-01-26	CME
2026-01-26	CMG
2026-01-26	COIN
2026-01-26	COP
2026-01-26	COST
2026-01-26	CRM
2026-01-26	CSCO
2026-01-26	CVS
2026-01-26	CVX
2026-01-26	DE
2026-01-26	DIS
2026-01-26	EOG
2026-01-26	ETN
2026-01-26	GE
2026-01-26	GILD
2026-01-26	GIS
2026-01-26	GOOGL
2026-01-26	GS
2026-01-26	HAL
2026-01-26	HD
2026-01-26	HON
2026-01-26	HOOD
2026-01-26	ICE
2026-01-26	INTC
2026-01-26	JNJ
2026-01-26	JPM
2026-01-26	KEY
2026-01-26	KHC
2026-01-26	KO
2026-01-26	LLY
2026-01-26	LMT
2026-01-26	LOW
2026-01-26	MA
2026-01-26	MCD
2026-01-26	META
2026-01-26	MMM
2026-01-26	MO
2026-01-26	MPC
2026-01-26	MRK
2026-01-26	MS
2026-01-26	MSFT
2026-01-26	MU
2026-01-26	NFLX
2026-01-26	NKE
2026-01-26	NOC
2026-01-26	NOW
2026-01-26	NVDA
2026-01-26	ORCL
2026-01-26	OXY
2026-01-26	PEP
2026-01-26	PFE
2026-01-26	PG
2026-01-26	PLTR
2026-01-26	PM
2026-01-26	PNC
2026-01-26	PSX
2026-01-26	PYPL
2026-01-26	QCOM
2026-01-26	QQQ
2026-01-26	RBLX
2026-01-26	RF
2026-01-26	RTX
2026-01-26	SBUX
2026-01-26	SCHW
2026-01-26	SHOP
2026-01-26	SLB
2026-01-26	SNOW
2026-01-26	SOFI
2026-01-26	SPGI
2026-01-26	SPY
2026-01-26	TFC
2026-01-26	TGT
2026-01-26	TSLA
2026-01-26	UBER
2026-01-26	UNH
2026-01-26	UPST
2026-01-26	USB
2026-01-26	V
2026-01-26	VLO
2026-01-26	WFC
2026-01-26	WMT
2026-01-26	XOM
2026-01-27	AAPL
2026-01-27	ABBV
2026-01-27	ABNB
2026-01-27	ADBE
2026-01-27	AFRM
2026-01-27	ALLY
2026-01-27	AMD
2026-01-27	AMGN
2026-01-27	AMZN
2026-01-27	AVGO
2026-01-27	AXP
2026-01-27	BA
2026-01-27	BAC
2026-01-27	BLK
2026-01-27	BMY
2026-01-27	C
2026-01-27	CAT
2026-01-27	CL
2026-01-27	CME
2026-01-27	CMG
2026-01-27	COIN
2026-01-27	COP
2026-01-27	COST
2026-01-27	CRM
2026-01-27	CSCO
2026-01-27	CVS
2026-01-27	CVX
2026-01-27	DE
2026-01-27	DIS
2026-01-27	EOG
2026-01-27	ETN
2026-01-27	GE
2026-01-27	GILD
2026-01-27	GIS
2026-01-27	GOOGL
2026-01-27	GS
2026-01-27	HAL
2026-01-27	HD
2026-01-27	HON
2026-01-27	HOOD
2026-01-27	ICE
2026-01-27	INTC
2026-01-27	JNJ
2026-01-27	JPM
2026-01-27	KEY
2026-01-27	KHC
2026-01-27	KO
2026-01-27	LLY
2026-01-27	LMT
2026-01-27	LOW
2026-01-27	MA
2026-01-27	MCD
2026-01-27	META
2026-01-27	MMM
2026-01-27	MO
2026-01-27	MPC
2026-01-27	MRK
2026-01-27	MS
2026-01-27	MSFT
2026-01-27	MU
2026-01-27	NFLX
2026-01-27	NKE
2026-01-27	NOC
2026-01-27	NOW
2026-01-27	NVDA
2026-01-27	ORCL
2026-01-27	OXY
2026-01-27	PEP
2026-01-27	PFE
2026-01-27	PG
2026-01-27	PLTR
2026-01-27	PM
2026-01-27	PNC
2026-01-27	PSX
2026-01-27	PYPL
2026-01-27	QCOM
2026-01-27	QQQ
2026-01-27	RBLX
2026-01-27	RF
2026-01-27	RTX
2026-01-27	SBUX
2026-01-27	SCHW
2026-01-27	SHOP
2026-01-27	SLB
2026-01-27	SNOW
2026-01-27	SOFI
2026-01-27	SPGI
2026-01-27	SPY
2026-01-27	TFC
2026-01-27	TGT
2026-01-27	TSLA
2026-01-27	UBER
2026-01-27	UNH
2026-01-27	UPST
2026-01-27	USB
2026-01-27	V
2026-01-27	VLO
2026-01-27	WFC
2026-01-27	WMT
2026-01-27	XOM
2026-01-28	AAPL
2026-01-28	ABBV
2026-01-28	ABNB
2026-01-28	ADBE
2026-01-28	AFRM
2026-01-28	ALLY
2026-01-28	AMD
2026-01-28	AMGN
2026-01-28	AMZN
2026-01-28	AVGO
2026-01-28	AXP
2026-01-28	BA
2026-01-28	BAC
2026-01-28	BLK
2026-01-28	BMY
2026-01-28	C
2026-01-28	CAT
2026-01-28	CL
2026-01-28	CME
2026-01-28	CMG
2026-01-28	COIN
2026-01-28	COP
2026-01-28	COST
2026-01-28	CRM
2026-01-28	CSCO
2026-01-28	CVS
2026-01-28	CVX
2026-01-28	DE
2026-01-28	DIS
2026-01-28	EOG
2026-01-28	ETN
2026-01-28	GE
2026-01-28	GILD
2026-01-28	GIS
2026-01-28	GOOGL
2026-01-28	GS
2026-01-28	HAL
2026-01-28	HD
2026-01-28	HON
2026-01-28	HOOD
2026-01-28	ICE
2026-01-28	INTC
2026-01-28	JNJ
2026-01-28	JPM
2026-01-28	KEY
2026-01-28	KHC
2026-01-28	KO
2026-01-28	LLY
2026-01-28	LMT
2026-01-28	LOW
2026-01-28	MA
2026-01-28	MCD
2026-01-28	META
2026-01-28	MMM
2026-01-28	MO
2026-01-28	MPC
2026-01-28	MRK
2026-01-28	MS
2026-01-28	MSFT
2026-01-28	MU
2026-01-28	NFLX
2026-01-28	NKE
2026-01-28	NOC
2026-01-28	NOW
2026-01-28	NVDA
2026-01-28	ORCL
2026-01-28	OXY
2026-01-28	PEP
2026-01-28	PFE
2026-01-28	PG
2026-01-28	PLTR
2026-01-28	PM
2026-01-28	PNC
2026-01-28	PSX
2026-01-28	PYPL
2026-01-28	QCOM
2026-01-28	QQQ
2026-01-28	RBLX
2026-01-28	RF
2026-01-28	RTX
2026-01-28	SBUX
2026-01-28	SCHW
2026-01-28	SHOP
2026-01-28	SLB
2026-01-28	SNOW
2026-01-28	SOFI
2026-01-28	SPGI
2026-01-28	SPY
2026-01-28	TFC
2026-01-28	TGT
2026-01-28	TSLA
2026-01-28	UBER
2026-01-28	UNH
2026-01-28	UPST
2026-01-28	USB
2026-01-28	V
2026-01-28	VLO
2026-01-28	WFC
2026-01-28	WMT
2026-01-28	XOM
2026-01-29	AAPL
2026-01-29	ABBV
2026-01-29	ABNB
2026-01-29	ADBE
2026-01-29	AFRM
2026-01-29	ALLY
2026-01-29	AMD
2026-01-29	AMGN
2026-01-29	AMZN
2026-01-29	AVGO
2026-01-29	AXP
2026-01-29	BA
2026-01-29	BAC
2026-01-29	BLK
2026-01-29	BMY
2026-01-29	C
2026-01-29	CAT
2026-01-29	CL
2026-01-29	CME
2026-01-29	CMG
2026-01-29	COIN
2026-01-29	COP
2026-01-29	COST
2026-01-29	CRM
2026-01-29	CSCO
2026-01-29	CVS
2026-01-29	CVX
2026-01-29	DE
2026-01-29	DIS
2026-01-29	EOG
2026-01-29	ETN
2026-01-29	GE
2026-01-29	GILD
2026-01-29	GIS
2026-01-29	GOOGL
2026-01-29	GS
2026-01-29	HAL
2026-01-29	HD
2026-01-29	HON
2026-01-29	HOOD
2026-01-29	ICE
2026-01-29	INTC
2026-01-29	JNJ
2026-01-29	JPM
2026-01-29	KEY
2026-01-29	KHC
2026-01-29	KO
2026-01-29	LLY
2026-01-29	LMT
2026-01-29	LOW
2026-01-29	MA
2026-01-29	MCD
2026-01-29	META
2026-01-29	MMM
2026-01-29	MO
2026-01-29	MPC
2026-01-29	MRK
2026-01-29	MS
2026-01-29	MSFT
2026-01-29	MU
2026-01-29	NFLX
2026-01-29	NKE
2026-01-29	NOC
2026-01-29	NOW
2026-01-29	NVDA
2026-01-29	ORCL
2026-01-29	OXY
2026-01-29	PEP
2026-01-29	PFE
2026-01-29	PG
2026-01-29	PLTR
2026-01-29	PM
2026-01-29	PNC
2026-01-29	PSX
2026-01-29	PYPL
2026-01-29	QCOM
2026-01-29	QQQ
2026-01-29	RBLX
2026-01-29	RF
2026-01-29	RTX
2026-01-29	SBUX
2026-01-29	SCHW
2026-01-29	SHOP
2026-01-29	SLB
2026-01-29	SNOW
2026-01-29	SOFI
2026-01-29	SPGI
2026-01-29	SPY
2026-01-29	TFC
2026-01-29	TGT
2026-01-29	TSLA
2026-01-29	UBER
2026-01-29	UNH
2026-01-29	UPST
2026-01-29	USB
2026-01-29	V
2026-01-29	VLO
2026-01-29	WFC
2026-01-29	WMT
2026-01-29	XOM
2026-01-30	AAPL
2026-01-30	ABBV
2026-01-30	ABNB
2026-01-30	ADBE
2026-01-30	AFRM
2026-01-30	ALLY
2026-01-30	AMD
2026-01-30	AMGN
2026-01-30	AMZN
2026-01-30	AVGO
2026-01-30	AXP
2026-01-30	BA
2026-01-30	BAC
2026-01-30	BLK
2026-01-30	BMY
2026-01-30	C
2026-01-30	CAT
2026-01-30	CL
2026-01-30	CME
2026-01-30	CMG
2026-01-30	COIN
2026-01-30	COP
2026-01-30	COST
2026-01-30	CRM
2026-01-30	CSCO
2026-01-30	CVS
2026-01-30	CVX
2026-01-30	DE
2026-01-30	DIS
2026-01-30	EOG
2026-01-30	ETN
2026-01-30	GE
2026-01-30	GILD
2026-01-30	GIS
2026-01-30	GOOGL
2026-01-30	GS
2026-01-30	HAL
2026-01-30	HD
2026-01-30	HON
2026-01-30	HOOD
2026-01-30	ICE
2026-01-30	INTC
2026-01-30	JNJ
2026-01-30	JPM
2026-01-30	KEY
2026-01-30	KHC
2026-01-30	KO
2026-01-30	LLY
2026-01-30	LMT
2026-01-30	LOW
2026-01-30	MA
2026-01-30	MCD
2026-01-30	META
2026-01-30	MMM
2026-01-30	MO
2026-01-30	MPC
2026-01-30	MRK
2026-01-30	MS
2026-01-30	MSFT
2026-01-30	MU
2026-01-30	NFLX
2026-01-30	NKE
2026-01-30	NOC
2026-01-30	NOW
2026-01-30	NVDA
2026-01-30	ORCL
2026-01-30	OXY
2026-01-30	PEP
2026-01-30	PFE
2026-01-30	PG
2026-01-30	PLTR
2026-01-30	PM
2026-01-30	PNC
2026-01-30	PSX
2026-01-30	PYPL
2026-01-30	QCOM
2026-01-30	QQQ
2026-01-30	RBLX
2026-01-30	RF
2026-01-30	RTX
2026-01-30	SBUX
2026-01-30	SCHW
2026-01-30	SHOP
2026-01-30	SLB
2026-01-30	SNOW
2026-01-30	SOFI
2026-01-30	SPGI
2026-01-30	SPY
2026-01-30	TFC
2026-01-30	TGT
2026-01-30	TSLA
2026-01-30	UBER
2026-01-30	UNH
2026-01-30	UPST
2026-01-30	USB
2026-01-30	V
2026-01-30	VLO
2026-01-30	WFC
2026-01-30	WMT
2026-01-30	XOM
2026-02-02	AAPL
2026-02-02	ABBV
2026-02-02	ABNB
2026-02-02	ADBE
2026-02-02	AFRM
2026-02-02	ALLY
2026-02-02	AMD
2026-02-02	AMGN
2026-02-02	AMZN
2026-02-02	AVGO
2026-02-02	AXP
2026-02-02	BA
2026-02-02	BAC
2026-02-02	BLK
2026-02-02	BMY
2026-02-02	C
2026-02-02	CAT
2026-02-02	CL
2026-02-02	CME
2026-02-02	CMG
2026-02-02	COIN
2026-02-02	COP
2026-02-02	COST
2026-02-02	CRM
2026-02-02	CSCO
2026-02-02	CVS
2026-02-02	CVX
2026-02-02	DE
2026-02-02	DIS
2026-02-02	EOG
2026-02-02	ETN
2026-02-02	GE
2026-02-02	GILD
2026-02-02	GIS
2026-02-02	GOOGL
2026-02-02	GS
2026-02-02	HAL
2026-02-02	HD
2026-02-02	HON
2026-02-02	HOOD
2026-02-02	ICE
2026-02-02	INTC
2026-02-02	JNJ
2026-02-02	JPM
2026-02-02	KEY
2026-02-02	KHC
2026-02-02	KO
2026-02-02	LLY
2026-02-02	LMT
2026-02-02	LOW
2026-02-02	MA
2026-02-02	MCD
2026-02-02	META
2026-02-02	MMM
2026-02-02	MO
2026-02-02	MPC
2026-02-02	MRK
2026-02-02	MS
2026-02-02	MSFT
2026-02-02	MU
2026-02-02	NFLX
2026-02-02	NKE
2026-02-02	NOC
2026-02-02	NOW
2026-02-02	NVDA
2026-02-02	ORCL
2026-02-02	OXY
2026-02-02	PEP
2026-02-02	PFE
2026-02-02	PG
2026-02-02	PLTR
2026-02-02	PM
2026-02-02	PNC
2026-02-02	PSX
2026-02-02	PYPL
2026-02-02	QCOM
2026-02-02	QQQ
2026-02-02	RBLX
2026-02-02	RF
2026-02-02	RTX
2026-02-02	SBUX
2026-02-02	SCHW
2026-02-02	SHOP
2026-02-02	SLB
2026-02-02	SNOW
2026-02-02	SOFI
2026-02-02	SPGI
2026-02-02	SPY
2026-02-02	TFC
2026-02-02	TGT
2026-02-02	TSLA
2026-02-02	UBER
2026-02-02	UNH
2026-02-02	UPST
2026-02-02	USB
2026-02-02	V
2026-02-02	VLO
2026-02-02	WFC
2026-02-02	WMT
2026-02-02	XOM
2026-02-03	MU
2026-02-03	QQQ
2026-02-03	SPY
2026-02-04	MU
2026-02-04	QQQ
2026-02-04	SPY
2026-02-05	MU
2026-02-05	QQQ
2026-02-05	SPY
