2025-09-08	META
2025-09-08	NFLX
2025-09-08	NKE
2025-09-08	PNC
2025-09-08	RBLX
2025-09-08	RF
2025-09-08	SHOP
2025-09-08	TGT
2025-09-08	UBER
2025-09-08	V
2025-09-08	VLO
2025-09-09	BLK
2025-09-09	COST
2025-09-09	GE
2025-09-09	HD
2025-09-09	ICE
2025-09-09	LOW
2025-09-09	META
2025-09-09	MS
2025-09-09	NFLX
2025-09-09	NKE
2025-09-09	OXY
2025-09-09	PG
2025-09-09	PNC
2025-09-09	QCOM
2025-09-09	RBLX
2025-09-09	RTX
2025-09-09	TGT
2025-09-09	UBER
2025-09-09	USB
2025-09-09	V
2025-09-09	WFC
2025-09-10	AFRM
2025-09-10	EOG
2025-09-10	ETN
2025-09-10	HOOD
2025-09-10	JPM
2025-09-10	MMM
2025-09-10	NVDA
2025-09-10	ORCL
2025-09-10	PM
2025-09-10	PYPL
2025-09-10	SPGI
2025-09-11	AFRM
2025-09-11	AMGN
2025-09-11	BMY
2025-09-11	CMG
2025-09-11	EOG
2025-09-11	ETN
2025-09-11	HOOD
2025-09-11	JPM
2025-09-11	MA
2025-09-11	MSFT
2025-09-11	NOC
2025-09-11	NVDA
2025-09-11	PYPL
2025-09-11	SOFI
2025-09-11	SPGI
2025-09-11	UNH
2025-09-12	AMD
2025-09-12	BAC
2025-09-12	BLK
2025-09-12	CME
2025-09-12	CSCO
2025-09-12	CVS
2025-09-12	GILD
2025-09-12	ICE
2025-09-12	META
2025-09-12	MO
2025-09-12	PNC
2025-09-12	SPY
2025-09-12	VLO
2025-09-15	ABBV
2025-09-15	ABNB
2025-09-15	ALLY
2025-09-15	AMZN
2025-09-15	C
2025-09-15	CAT
2025-09-15	CL
2025-09-15	CRM
2025-09-15	DE
2025-09-15	DIS
2025-09-15	GOOGL
2025-09-15	GS
2025-09-15	HAL
2025-09-15	INTC
2025-09-15	KHC
2025-09-15	LMT
2025-09-15	MCD
2025-09-15	NOW
2025-09-15	PEP
2025-09-15	PLTR
2025-09-15	QQQ
2025-09-15	SCHW
2025-09-15	SNOW
2025-09-15	TSLA
2025-09-15	UPST
2025-09-15	WMT
2025-09-15	XOM
2025-09-16	ADBE
2025-09-16	AXP
2025-09-16	BA
2025-09-16	COIN
2025-09-16	CVX
2025-09-16	GE
2025-09-16	JNJ
2025-09-16	KEY
2025-09-16	LLY
2025-09-16	MS
2025-09-16	NFLX
2025-09-16	OXY
2025-09-16	PSX
2025-09-16	QCOM
2025-09-16	RTX
2025-09-16	SHOP
2025-09-16	TFC
2025-09-16	USB
2025-09-16	WFC
2025-09-17	ADBE
2025-09-17	AVGO
2025-09-17	AXP
2025-09-17	CVX
2025-09-17	JNJ
2025-09-17	LLY
2025-09-17	LOW
2025-09-17	MPC
2025-09-17	NFLX
2025-09-17	NKE
2025-09-17	PSX
2025-09-17	RF
2025-09-17	RTX
2025-09-17	SHOP
2025-09-17	TFC
2025-09-17	UBER
2025-09-17	WFC
2025-09-18	AMGN
2025-09-18	BMY
2025-09-18	EOG
2025-09-18	MA
2025-09-18	NOC
2025-09-18	NVDA
2025-09-18	ORCL
2025-09-18	PM
2025-09-18	PYPL
2025-09-18	SPGI
2025-09-19	AFRM
2025-09-19	AMGN
2025-09-19	BMY
2025-09-19	CMG
2025-09-19	EOG
2025-09-19	ETN
2025-09-19	HOOD
2025-09-19	JPM
2025-09-19	MA
2025-09-19	MSFT
2025-09-19	NOC
2025-09-19	ORCL
2025-09-19	PYPL
2025-09-19	SOFI
2025-09-19	SPGI
2025-09-19	UNH
2025-09-22	ADBE
2025-09-22	AVGO
2025-09-22	COIN
2025-09-22	HD
2025-09-22	JNJ
2025-09-22	KEY
2025-09-22	LOW
2025-09-22	MPC
2025-09-22	NFLX
2025-09-22	NKE
2025-09-22	OXY
2025-09-22	PSX
2025-09-22	QCOM
2025-09-22	RBLX
2025-09-22	RF
2025-09-22	SHOP
2025-09-22	UBER
2025-09-22	USB
2025-09-22	V
2025-09-23	BA
2025-09-23	COIN
2025-09-23	CVX
2025-09-23	GE
2025-09-23	HD
2025-09-23	KEY
2025-09-23	LOW
2025-09-23	META
2025-09-23	MS
2025-09-23	NKE
2025-09-23	OXY
2025-09-23	PNC
2025-09-23	QCOM
2025-09-23	RBLX
2025-09-23	SLB
2025-09-23	TGT
2025-09-23	UBER
2025-09-23	USB
2025-09-23	V
2025-09-24	AAPL
2025-09-24	ABBV
2025-09-24	AFRM
2025-09-24	ALLY
2025-09-24	BMY
2025-09-24	C
2025-09-24	CAT
2025-09-24	DE
2025-09-24	GIS
2025-09-24	GOOGL
2025-09-24	GS
2025-09-24	HAL
2025-09-24	HOOD
2025-09-24	LMT
2025-09-24	MA
2025-09-24	MCD
2025-09-24	MRK
2025-09-24	NOC
2025-09-24	NOW
2025-09-24	ORCL
2025-09-24	PLTR
2025-09-24	QQQ
2025-09-24	SNOW
2025-09-24	TSLA
2025-09-24	UPST
2025-09-24	XOM
2025-09-25	ABBV
2025-09-25	ABNB
2025-09-25	AMGN
2025-09-25	CL
2025-09-25	CMG
2025-09-25	CRM
2025-09-25	DIS
2025-09-25	EOG
2025-09-25	GIS
2025-09-25	GS
2025-09-25	HON
2025-09-25	INTC
2025-09-25	KHC
2025-09-25	KO
2025-09-25	LMT
2025-09-25	MU
2025-09-25	PEP
2025-09-25	PFE
2025-09-25	PM
2025-09-25	QQQ
2025-09-25	SCHW
2025-09-25	SOFI
2025-09-25	SPGI
2025-09-25	UNH
2025-09-25	WMT
2025-09-26	AMD
2025-09-26	BAC
2025-09-26	BLK
2025-09-26	COP
2025-09-26	COST
2025-09-26	CSCO
2025-09-26	GE
2025-09-26	GILD
2025-09-26	HD
2025-09-26	ICE
2025-09-26	LOW
2025-09-26	META
2025-09-26	MO
2025-09-26	MS
2025-09-26	NKE
2025-09-26	OXY
2025-09-26	PG
2025-09-26	PNC
2025-09-26	QCOM
2025-09-26	RBLX
2025-09-26	RTX
2025-09-26	SBUX
2025-09-26	SPY
2025-09-26	TGT
2025-09-26	UBER
2025-09-26	USB
2025-09-26	V
2025-09-26	WFC
2025-09-29	AAPL
2025-09-29	ABBV
2025-09-29	AFRM
2025-09-29	C
2025-09-29	DE
2025-09-29	EOG
2025-09-29	ETN
2025-09-29	HAL
2025-09-29	HON
2025-09-29	HOOD
2025-09-29	JPM
2025-09-29	LMT
2025-09-29	MMM
2025-09-29	NVDA
2025-09-29	ORCL
2025-09-29	PFE
2025-09-29	PM
2025-09-29	PYPL
2025-09-29	QQQ
2025-09-29	SNOW
2025-09-29	SPGI
2025-09-30	ADBE
2025-09-30	AVGO
2025-09-30	AXP
2025-09-30	CME
2025-09-30	COIN
2025-09-30	CVX
2025-09-30	HD
2025-09-30	JNJ
2025-09-30	LLY
2025-09-30	MPC
2025-09-30	PG
2025-09-30	PSX
2025-09-30	RBLX
2025-09-30	RF
2025-09-30	RTX
2025-09-30	SHOP
2025-09-30	SLB
2025-09-30	TFC
2025-09-30	V
2025-09-30	VLO
2025-09-30	WFC
2025-10-02	GILD
2025-10-02	MO
2025-10-03	CME
2025-10-03	MS
2025-10-03	NKE
2025-10-03	RTX
2025-10-06	ADBE
2025-10-06	BAC
2025-10-06	CME
2025-10-06	CSCO
2025-10-06	CVS
2025-10-06	GILD
2025-10-06	HD
2025-10-06	LOW
2025-10-06	MO
2025-10-06	MPC
2025-10-06	MS
2025-10-06	NFLX
2025-10-06	NKE
2025-10-06	PG
2025-10-06	RBLX
2025-10-06	RF
2025-10-06	RTX
2025-10-06	UBER
2025-10-06	USB
2025-10-06	V
2025-10-06	VLO
2025-10-07	AMD
2025-10-07	AVGO
2025-10-07	BAC
2025-10-07	BLK
2025-10-07	CME
2025-10-07	CSCO
2025-10-07	CVS
2025-10-07	GILD
2025-10-07	KEY
2025-10-07	MO
2025-10-07	PNC
2025-10-07	PSX
2025-10-07	SPY
2025-10-07	VLO
2025-10-08	AAPL
2025-10-08	ABBV
2025-10-08	ABNB
2025-10-08	AFRM
2025-10-08	ALLY
2025-10-08	AMZN
2025-10-08	C
2025-10-08	CAT
2025-10-08	CL
2025-10-08	DE
2025-10-08	DIS
2025-10-08	GOOGL
2025-10-08	GS
2025-10-08	HAL
2025-10-08	INTC
2025-10-08	KHC
2025-10-08	LMT
2025-10-08	MCD
2025-10-08	MSFT
2025-10-08	NOW
2025-10-08	ORCL
2025-10-08	PEP
2025-10-08	PLTR
2025-10-08	QQQ
2025-10-08	SCHW
2025-10-08	SNOW
2025-10-08	TSLA
2025-10-08	UPST
2025-10-08	WMT
2025-10-09	ABBV
2025-10-09	ALLY
2025-10-09	C
2025-10-09	CAT
2025-10-09	CMG
2025-10-09	CRM
2025-10-09	DE
2025-10-09	ETN
2025-10-09	GIS
2025-10-09	GOOGL
2025-10-09	HAL
2025-10-09	JPM
2025-10-09	LMT
2025-10-09	MCD
2025-10-09	MMM
2025-10-09	MRK
2025-10-09	MU
2025-10-09	NOW
2025-10-09	NVDA
2025-10-09	PM
2025-10-09	PYPL
2025-10-09	SNOW
2025-10-09	TSLA
2025-10-09	UNH
2025-10-09	UPST
2025-10-09	WMT
2025-10-09	XOM
2025-10-10	ADBE
2025-10-10	AVGO
2025-10-10	AXP
2025-10-10	BLK
2025-10-10	CME
2025-10-10	COIN
2025-10-10	CVX
2025-10-10	JNJ
2025-10-10	KEY
2025-10-10	LOW
2025-10-10	META
2025-10-10	MPC
2025-10-10	NFLX
2025-10-10	NKE
2025-10-10	OXY
2025-10-10	PNC
2025-10-10	PSX
2025-10-10	QCOM
2025-10-10	RBLX
2025-10-10	RF
2025-10-10	SHOP
2025-10-10	UBER
2025-10-10	USB
2025-10-10	V
2025-10-10	VLO
2025-10-13	AAPL
2025-10-13	ABBV
2025-10-13	ABNB
2025-10-13	AFRM
2025-10-13	ALLY
2025-10-13	C
2025-10-13	CAT
2025-10-13	CL
2025-10-13	DE
2025-10-13	DIS
2025-10-13	GOOGL
2025-10-13	HAL
2025-10-13	INTC
2025-10-13	KHC
2025-10-13	LMT
2025-10-13	MCD
2025-10-13	MSFT
2025-10-13	MU
2025-10-13	NOW
2025-10-13	ORCL
2025-10-13	PEP
2025-10-13	PLTR
2025-10-13	SCHW
2025-10-13	SNOW
2025-10-13	UPST
2025-10-13	WMT
2025-10-13	XOM
2025-10-14	AMD
2025-10-14	AXP
2025-10-14	BA
2025-10-14	BAC
2025-10-14	COP
2025-10-14	COST
2025-10-14	CVS
2025-10-14	CVX
2025-10-14	ICE
2025-10-14	KEY
2025-10-14	LLY
2025-10-14	PG
2025-10-14	PSX
2025-10-14	SBUX
2025-10-14	SLB
2025-10-14	SNOW
2025-10-14	TFC
2025-10-14	TGT
2025-10-15	AAPL
2025-10-15	ADBE
2025-10-15	AFRM
2025-10-15	AMD
2025-10-15	AVGO
2025-10-15	AXP
2025-10-15	BAC
2025-10-15	BMY
2025-10-15	COIN
2025-10-15	COP
2025-10-15	CSCO
2025-10-15	CVS
2025-10-15	CVX
2025-10-15	GILD
2025-10-15	HOOD
2025-10-15	JNJ
2025-10-15	LLY
2025-10-15	LOW
2025-10-15	MA
2025-10-15	MPC
2025-10-15	MSFT
2025-10-15	NKE
2025-10-15	NOC
2025-10-15	PSX
2025-10-15	RF
2025-10-15	RTX
2025-10-15	SHOP
2025-10-15	TFC
2025-10-15	UBER
2025-10-15	WFC
2025-10-16	ABBV
2025-10-16	ABNB
2025-10-16	AMGN
2025-10-16	AMZN
2025-10-16	BLK
2025-10-16	CL
2025-10-16	CME
2025-10-16	CMG
2025-10-16	COST
2025-10-16	DIS
2025-10-16	EOG
2025-10-16	GIS
2025-10-16	GS
2025-10-16	HON
2025-10-16	ICE
2025-10-16	INTC
2025-10-16	KHC
2025-10-16	KO
2025-10-16	LMT
2025-10-16	META
2025-10-16	MU
2025-10-16	NOW
2025-10-16	NVDA
2025-10-16	PG
2025-10-16	PM
2025-10-16	PYPL
2025-10-16	QQQ
2025-10-16	SLB
2025-10-16	SNOW
2025-10-16	TGT
2025-10-16	UNH
2025-10-16	UPST
2025-10-16	WMT
2025-10-16	XOM
2025-10-17	AAPL
2025-10-17	ADBE
2025-10-17	AFRM
2025-10-17	BMY
2025-10-17	CMG
2025-10-17	CRM
2025-10-17	EOG
2025-10-17	ETN
2025-10-17	GOOGL
2025-10-17	HOOD
2025-10-17	INTC
2025-10-17	JNJ
2025-10-17	JPM
2025-10-17	KO
2025-10-17	LOW
2025-10-17	MA
2025-10-17	MCD
2025-10-17	MPC
2025-10-17	MRK
2025-10-17	MSFT
2025-10-17	MU
2025-10-17	NFLX
2025-10-17	NKE
2025-10-17	NOC
2025-10-17	NOW
2025-10-17	NVDA
2025-10-17	PLTR
2025-10-17	PYPL
2025-10-17	RF
2025-10-17	RTX
2025-10-17	SHOP
2025-10-17	SPGI
2025-10-17	UBER
2025-10-17	UNH
2025-10-17	UPST
2025-10-17	WFC
2025-10-17	XOM
2025-10-20	ADBE
2025-10-20	BAC
2025-10-20	BLK
2025-10-20	BMY
2025-10-20	CME
2025-10-20	COST
2025-10-20	CSCO
2025-10-20	CVS
2025-10-20	GE
2025-10-20	GILD
2025-10-20	HD
2025-10-20	ICE
2025-10-20	JNJ
2025-10-20	LOW
2025-10-20	MA
2025-10-20	META
2025-10-20	MO
2025-10-20	MPC
2025-10-20	MS
2025-10-20	MSFT
2025-10-20	NKE
2025-10-20	NOC
2025-10-20	PNC
2025-10-20	RBLX
2025-10-20	RF
2025-10-20	SBUX
2025-10-20	SHOP
2025-10-20	TGT
2025-10-20	UBER
2025-10-20	V
2025-10-20	VLO
2025-10-21	ABBV
2025-10-21	ABNB
2025-10-21	AXP
2025-10-21	BA
2025-10-21	BLK
2025-10-21	CL
2025-10-21	COST
2025-10-21	DE
2025-10-21	GE
2025-10-21	HAL
2025-10-21	HD
2025-10-21	ICE
2025-10-21	KEY
2025-10-21	LLY
2025-10-21	LMT
2025-10-21	LOW
2025-10-21	MS
2025-10-21	NFLX
2025-10-21	NKE
2025-10-21	OXY
2025-10-21	PEP
2025-10-21	PG
2025-10-21	PNC
2025-10-21	QCOM
2025-10-21	RBLX
2025-10-21	RTX
2025-10-21	SCHW
2025-10-21	SNOW
2025-10-21	TFC
2025-10-21	TGT
2025-10-21	UBER
2025-10-21	USB
2025-10-21	V
2025-10-21	WFC
2025-10-22	AAPL
2025-10-22	AFRM
2025-10-22	ALLY
2025-10-22	AMD
2025-10-22	AMZN
2025-10-22	BAC
2025-10-22	CAT
2025-10-22	CMG
2025-10-22	COP
2025-10-22	EOG
2025-10-22	ETN
2025-10-22	GOOGL
2025-10-22	HOOD
2025-10-22	JPM
2025-10-22	KO
2025-10-22	MCD
2025-10-22	MMM
2025-10-22	MRK
2025-10-22	MSFT
2025-10-22	MU
2025-10-22	NOW
2025-10-22	ORCL
2025-10-22	PM
2025-10-22	PYPL
2025-10-22	SBUX
2025-10-22	SPGI
2025-10-22	SPY
2025-10-22	TSLA
2025-10-22	UNH
2025-10-22	XOM
2025-10-23	ABBV
2025-10-23	ABNB
2025-10-23	ALLY
2025-10-23	AMGN
2025-10-23	AMZN
2025-10-23	BA
2025-10-23	C
2025-10-23	CAT
2025-10-23	CL
2025-10-23	CRM
2025-10-23	CVX
2025-10-23	DE
2025-10-23	DIS
2025-10-23	GOOGL
2025-10-23	HAL
2025-10-23	INTC
2025-10-23	JPM
2025-10-23	KEY
2025-10-23	KHC
2025-10-23	LMT
2025-10-23	MCD
2025-10-23	MMM
2025-10-23	MU
2025-10-23	NOW
2025-10-23	PEP
2025-10-23	PLTR
2025-10-23	PM
2025-10-23	PYPL
2025-10-23	QQQ
2025-10-23	SCHW
2025-10-23	SNOW
2025-10-23	SOFI
2025-10-23	TSLA
2025-10-23	UPST
2025-10-23	WMT
2025-10-24	ADBE
2025-10-24	ALLY
2025-10-24	AMZN
2025-10-24	AXP
2025-10-24	BA
2025-10-24	BAC
2025-10-24	CAT
2025-10-24	COIN
2025-10-24	COP
2025-10-24	CRM
2025-10-24	CVS
2025-10-24	CVX
2025-10-24	GE
2025-10-24	GOOGL
2025-10-24	GS
2025-10-24	JNJ
2025-10-24	KEY
2025-10-24	LLY
2025-10-24	MCD
2025-10-24	MRK
2025-10-24	MS
2025-10-24	MU
2025-10-24	NFLX
2025-10-24	NOW
2025-10-24	OXY
2025-10-24	PSX
2025-10-24	QCOM
2025-10-24	RTX
2025-10-24	SBUX
2025-10-24	SHOP
2025-10-24	TFC
2025-10-24	TSLA
2025-10-24	UPST
2025-10-24	USB
2025-10-24	WFC
2025-10-24	WMT
2025-10-27	AAPL
2025-10-27	ABNB
2025-10-27	AFRM
2025-10-27	BLK
2025-10-27	BMY
2025-10-27	C
2025-10-27	CME
2025-10-27	CMG
2025-10-27	EOG
2025-10-27	ETN
2025-10-27	GIS
2025-10-27	HON
2025-10-27	HOOD
2025-10-27	JPM
2025-10-27	MA
2025-10-27	META
2025-10-27	MSFT
2025-10-27	NOC
2025-10-27	NVDA
2025-10-27	ORCL
2025-10-27	PFE
2025-10-27	PG
2025-10-27	PNC
2025-10-27	PYPL
2025-10-27	SCHW
2025-10-27	SLB
2025-10-27	SPGI
2025-10-27	UNH
2025-10-27	VLO
2025-10-28	AAPL
2025-10-28	ADBE
2025-10-28	AMD
2025-10-28	BLK
2025-10-28	BMY
2025-10-28	CME
2025-10-28	COST
2025-10-28	CSCO
2025-10-28	CVS
2025-10-28	GE
2025-10-28	GILD
2025-10-28	HD
2025-10-28	ICE
2025-10-28	JNJ
2025-10-28	LOW
2025-10-28	MA
2025-10-28	META
2025-10-28	MO
2025-10-28	MPC
2025-10-28	MS
2025-10-28	NFLX
2025-10-28	NKE
2025-10-28	NOC
2025-10-28	ORCL
2025-10-28	PNC
2025-10-28	RBLX
2025-10-28	RF
2025-10-28	SBUX
2025-10-28	SHOP
2025-10-28	TGT
2025-10-28	UBER
2025-10-28	V
2025-10-28	VLO
2025-10-29	ABBV
2025-10-29	ABNB
2025-10-29	AXP
2025-10-29	BA
2025-10-29	C
2025-10-29	CME
2025-10-29	COIN
2025-10-29	COST
2025-10-29	CVX
2025-10-29	DE
2025-10-29	GE
2025-10-29	HAL
2025-10-29	HON
2025-10-29	ICE
2025-10-29	KEY
2025-10-29	LLY
2025-10-29	LMT
2025-10-29	META
2025-10-29	MPC
2025-10-29	MS
2025-10-29	OXY
2025-10-29	PFE
2025-10-29	PG
2025-10-29	QCOM
2025-10-29	QQQ
2025-10-29	RF
2025-10-29	RTX
2025-10-29	SLB
2025-10-29	SNOW
2025-10-29	TFC
2025-10-29	TGT
2025-10-29	USB
2025-10-29	VLO
2025-10-29	WFC
2025-10-30	AMGN
2025-10-30	AMZN
2025-10-30	AVGO
2025-10-30	AXP
2025-10-30	C
2025-10-30	CL
2025-10-30	CMG
2025-10-30	COIN
2025-10-30	CRM
2025-10-30	CVX
2025-10-30	DIS
2025-10-30	EOG
2025-10-30	ETN
2025-10-30	GIS
2025-10-30	GOOGL
2025-10-30	GS
2025-10-30	JPM
2025-10-30	KEY
2025-10-30	KO
2025-10-30	LLY
2025-10-30	LMT
2025-10-30	MCD
2025-10-30	MMM
2025-10-30	MRK
2025-10-30	MU
2025-10-30	NOW
2025-10-30	PFE
2025-10-30	PM
2025-10-30	PYPL
2025-10-30	QQQ
2025-10-30	SNOW
2025-10-30	SPGI
2025-10-30	TFC
2025-10-30	TSLA
2025-10-30	UPST
2025-10-30	WMT
2025-10-30	XOM
2025-10-31	AAPL
2025-10-31	GE
2025-10-31	GS
2025-10-31	HON
2025-10-31	HOOD
2025-10-31	KO
2025-10-31	MCD
2025-10-31	MSFT
2025-10-31	SCHW
2025-10-31	XOM
2026-03-11	ABBV
2026-03-11	ABNB
2026-03-11	ALLY
2026-03-11	AMGN
2026-03-11	AMZN
2026-03-11	AXP
2026-03-11	BA
2026-03-11	CAT
2026-03-11	CL
2026-03-11	CRM
2026-03-11	DE
2026-03-11	DIS
2026-03-11	ETN
2026-03-11	GS
2026-03-11	HAL
2026-03-11	INTC
2026-03-11	KEY
2026-03-11	KHC
2026-03-11	LLY
2026-03-11	LMT
2026-03-11	MMM
2026-03-11	MRK
2026-03-11	MU
2026-03-11	NVDA
2026-03-11	PEP
2026-03-11	PLTR
2026-03-11	PM
2026-03-11	SCHW
2026-03-11	SNOW
2026-03-11	SOFI
2026-03-11	TFC
2026-03-11	TSLA
2026-03-11	WMT
2026-03-11	XOM
2026-03-12	AAPL
2026-03-12	AFRM
2026-03-12	AMD
2026-03-12	BAC
2026-03-12	CME
2026-03-12	COP
2026-03-12	COST
2026-03-12	GE
2026-03-12	HOOD
2026-03-12	ICE
2026-03-12	META
2026-03-12	MPC
2026-03-12	MS
2026-03-12	MSFT
2026-03-12	NFLX
2026-03-12	ORCL
2026-03-12	OXY
2026-03-12	PG
2026-03-12	QCOM
2026-03-12	RF
2026-03-12	RTX
2026-03-12	SBUX
2026-03-12	SLB
2026-03-12	SPY
2026-03-12	TGT
2026-03-12	USB
2026-03-12	VLO
2026-03-12	WFC
