2025-12-01	CSCO
2025-12-01	CVS
2025-12-01	DE
2025-12-01	DIS
2025-12-01	EOG
2025-12-01	GE
2025-12-01	GILD
2025-12-01	GIS
2025-12-01	HAL
2025-12-01	HON
2025-12-01	ICE
2025-12-01	JNJ
2025-12-01	KEY
2025-12-01	KHC
2025-12-01	KO
2025-12-01	LMT
2025-12-01	LOW
2025-12-01	MA
2025-12-01	MCD
2025-12-01	MMM
2025-12-01	MO
2025-12-01	MPC
2025-12-01	MS
2025-12-01	NOC
2025-12-01	NOW
2025-12-01	OXY
2025-12-01	PEP
2025-12-01	PG
2025-12-01	PM
2025-12-01	PNC
2025-12-01	PSX
2025-12-01	RBLX
2025-12-01	RF
2025-12-01	RTX
2025-12-01	SBUX
2025-12-01	SCHW
2025-12-01	SLB
2025-12-01	SNOW
2025-12-01	SPGI
2025-12-01	TFC
2025-12-01	UPST
2025-12-01	USB
2025-12-01	V
2025-12-01	VLO
2025-12-01	WFC
2025-12-01	XOM
2025-12-02	ABBV
2025-12-02	ABNB
2025-12-02	ALLY
2025-12-02	AMGN
2025-12-02	AXP
2025-12-02	BLK
2025-12-02	BMY
2025-12-02	C
2025-12-02	CL
2025-12-02	CME
2025-12-02	CMG
2025-12-02	COP
2025-12-02	CSCO
2025-12-02	CVS
2025-12-02	CVX
2025-12-02	DE
2025-12-02	DIS
2025-12-02	EOG
2025-12-02	ETN
2025-12-02	GE
2025-12-02	GILD
2025-12-02	GIS
2025-12-02	GS
2025-12-02	HAL
2025-12-02	HD
2025-12-02	HON
2025-12-02	ICE
2025-12-02	JNJ
2025-12-02	JPM
2025-12-02	KEY
2025-12-02	KHC
2025-12-02	LMT
2025-12-02	LOW
2025-12-02	MA
2025-12-02	MCD
2025-12-02	MMM
2025-12-02	MO
2025-12-02	MPC
2025-12-02	MRK
2025-12-02	MS
2025-12-02	NKE
2025-12-02	NOC
2025-12-02	NOW
2025-12-02	OXY
2025-12-02	PEP
2025-12-02	PFE
2025-12-02	PM
2025-12-02	PNC
2025-12-02	PSX
2025-12-02	RBLX
2025-12-02	RF
2025-12-02	RTX
2025-12-02	SBUX
2025-12-02	SCHW
2025-12-02	SLB
2025-12-02	SPGI
2025-12-02	TFC
2025-12-02	TGT
2025-12-02	UPST
2025-12-02	USB
2025-12-02	V
2025-12-02	VLO
2025-12-02	WFC
2025-12-02	XOM
2025-12-03	ABNB
2025-12-03	AFRM
2025-12-03	ALLY
2025-12-03	AMGN
2025-12-03	AXP
2025-12-03	BLK
2025-12-03	BMY
2025-12-03	CL
2025-12-03	CME
2025-12-03	CMG
2025-12-03	COP
2025-12-03	CVS
2025-12-03	CVX
2025-12-03	DE
2025-12-03	DIS
2025-12-03	EOG
2025-12-03	ETN
2025-12-03	GE
2025-12-03	GILD
2025-12-03	GIS
2025-12-03	HAL
2025-12-03	HD
2025-12-03	HON
2025-12-03	ICE
2025-12-03	JNJ
2025-12-03	KEY
2025-12-03	KHC
2025-12-03	KO
2025-12-03	LLY
2025-12-03	LMT
2025-12-03	LOW
2025-12-03	MA
2025-12-03	MCD
2025-12-03	MMM
2025-12-03	MO
2025-12-03	MPC
2025-12-03	MRK
2025-12-03	MS
2025-12-03	NOC
2025-12-03	NOW
2025-12-03	OXY
2025-12-03	PEP
2025-12-03	PFE
2025-12-03	PG
2025-12-03	PM
2025-12-03	PNC
2025-12-03	PSX
2025-12-03	QCOM
2025-12-03	RBLX
2025-12-03	RF
2025-12-03	RTX
2025-12-03	SBUX
2025-12-03	SCHW
2025-12-03	SHOP
2025-12-03	SLB
2025-12-03	SPGI
2025-12-03	TFC
2025-12-03	TGT
2025-12-03	UPST
2025-12-03	USB
2025-12-03	V
2025-12-03	VLO
2025-12-03	WFC
2025-12-03	XOM
2025-12-04	ABBV
2025-12-04	ABNB
2025-12-04	AFRM
2025-12-04	ALLY
2025-12-04	AMGN
2025-12-04	AXP
2025-12-04	BLK
2025-12-04	C
2025-12-04	CAT
2025-12-04	CL
2025-12-04	CME
2025-12-04	CMG
2025-12-04	COP
2025-12-04	CSCO
2025-12-04	CVS
2025-12-04	CVX
2025-12-04	DE
2025-12-04	DIS
2025-12-04	EOG
2025-12-04	ETN
2025-12-04	GE
2025-12-04	GILD
2025-12-04	GIS
2025-12-04	GS
2025-12-04	HAL
2025-12-04	HD
2025-12-04	HON
2025-12-04	ICE
2025-12-04	JNJ
2025-12-04	KEY
2025-12-04	KHC
2025-12-04	LMT
2025-12-04	LOW
2025-12-04	MA
2025-12-04	MCD
2025-12-04	MMM
2025-12-04	MO
2025-12-04	MPC
2025-12-04	MRK
2025-12-04	MS
2025-12-04	NOC
2025-12-04	NOW
2025-12-04	ORCL
2025-12-04	OXY
2025-12-04	PEP
2025-12-04	PG
2025-12-04	PM
2025-12-04	PNC
2025-12-04	PSX
2025-12-04	RF
2025-12-04	RTX
2025-12-04	SBUX
2025-12-04	SCHW
2025-12-04	SLB
2025-12-04	SPGI
2025-12-04	TFC
2025-12-04	TGT
2025-12-04	USB
2025-12-04	V
2025-12-04	VLO
2025-12-04	WFC
2025-12-05	ABBV
2025-12-05	ABNB
2025-12-05	AFRM
2025-12-05	ALLY
2025-12-05	AMGN
2025-12-05	AXP
2025-12-05	BLK
2025-12-05	BMY
2025-12-05	C
2025-12-05	CAT
2025-12-05	CL
2025-12-05	CME
2025-12-05	CMG
2025-12-05	COP
2025-12-05	CSCO
2025-12-05	CVS
2025-12-05	CVX
2025-12-05	DE
2025-12-05	DIS
2025-12-05	EOG
2025-12-05	ETN
2025-12-05	GE
2025-12-05	GILD
2025-12-05	GIS
2025-12-05	HAL
2025-12-05	HD
2025-12-05	HON
2025-12-05	ICE
2025-12-05	JNJ
2025-12-05	KEY
2025-12-05	KHC
2025-12-05	KO
2025-12-05	LMT
2025-12-05	LOW
2025-12-05	MA
2025-12-05	MCD
2025-12-05	MMM
2025-12-05	MO
2025-12-05	MPC
2025-12-05	MRK
2025-12-05	MS
2025-12-05	NOC
2025-12-05	NOW
2025-12-05	ORCL
2025-12-05	OXY
2025-12-05	PEP
2025-12-05	PFE
2025-12-05	PG
2025-12-05	PM
2025-12-05	PNC
2025-12-05	PSX
2025-12-05	QCOM
2025-12-05	RBLX
2025-12-05	RF
2025-12-05	RTX
2025-12-05	SBUX
2025-12-05	SCHW
2025-12-05	SHOP
2025-12-05	SLB
2025-12-05	SPGI
2025-12-05	TFC
2025-12-05	UBER
2025-12-05	UPST
2025-12-05	USB
2025-12-05	V
2025-12-05	VLO
2025-12-05	WFC
2025-12-05	XOM
2025-12-08	ABBV
2025-12-08	ABNB
2025-12-08	AFRM
2025-12-08	ALLY
2025-12-08	AMGN
2025-12-08	AXP
2025-12-08	BAC
2025-12-08	BLK
2025-12-08	BMY
2025-12-08	C
2025-12-08	CAT
2025-12-08	CL
2025-12-08	CME
2025-12-08	CMG
2025-12-08	COP
2025-12-08	CSCO
2025-12-08	CVS
2025-12-08	CVX
2025-12-08	DE
2025-12-08	EOG
2025-12-08	ETN
2025-12-08	GE
2025-12-08	GILD
2025-12-08	GIS
2025-12-08	HAL
2025-12-08	HD
2025-12-08	HON
2025-12-08	ICE
2025-12-08	JNJ
2025-12-08	KEY
2025-12-08	KHC
2025-12-08	KO
2025-12-08	LMT
2025-12-08	LOW
2025-12-08	MA
2025-12-08	MCD
2025-12-08	MMM
2025-12-08	MO
2025-12-08	MPC
2025-12-08	MRK
2025-12-08	MS
2025-12-08	NOC
2025-12-08	NOW
2025-12-08	ORCL
2025-12-08	OXY
2025-12-08	PEP
2025-12-08	PG
2025-12-08	PM
2025-12-08	PNC
2025-12-08	PSX
2025-12-08	QCOM
2025-12-08	RBLX
2025-12-08	RTX
2025-12-08	SBUX
2025-12-08	SCHW
2025-12-08	SHOP
2025-12-08	SLB
2025-12-08	SNOW
2025-12-08	SPGI
2025-12-08	TFC
2025-12-08	UPST
2025-12-08	USB
2025-12-08	V
2025-12-08	VLO
2025-12-08	WFC
2025-12-08	XOM
2025-12-09	ABBV
2025-12-09	ABNB
2025-12-09	AFRM
2025-12-09	ALLY
2025-12-09	AMGN
2025-12-09	AXP
2025-12-09	BLK
2025-12-09	BMY
2025-12-09	C
2025-12-09	CAT
2025-12-09	CL
2025-12-09	CME
2025-12-09	CMG
2025-12-09	COP
2025-12-09	CSCO
2025-12-09	CVS
2025-12-09	CVX
2025-12-09	DE
2025-12-09	DIS
2025-12-09	EOG
2025-12-09	ETN
2025-12-09	GE
2025-12-09	GILD
2025-12-09	GIS
2025-12-09	HAL
2025-12-09	HD
2025-12-09	HON
2025-12-09	ICE
2025-12-09	JNJ
2025-12-09	KEY
2025-12-09	KHC
2025-12-09	KO
2025-12-09	LMT
2025-12-09	LOW
2025-12-09	MA
2025-12-09	MCD
2025-12-09	MMM
2025-12-09	MO
2025-12-09	MPC
2025-12-09	MRK
2025-12-09	MS
2025-12-09	NOC
2025-12-09	NOW
2025-12-09	ORCL
2025-12-09	OXY
2025-12-09	PEP
2025-12-09	PG
2025-12-09	PM
2025-12-09	PNC
2025-12-09	PSX
2025-12-09	QCOM
2025-12-09	RBLX
2025-12-09	RF
2025-12-09	RTX
2025-12-09	SBUX
2025-12-09	SCHW
2025-12-09	SHOP
2025-12-09	SLB
2025-12-09	SPGI
2025-12-09	TFC
2025-12-09	TGT
2025-12-09	UPST
2025-12-09	USB
2025-12-09	V
2025-12-09	VLO
2025-12-09	WFC
2025-12-10	ABBV
2025-12-10	ABNB
2025-12-10	AFRM
2025-12-10	ALLY
2025-12-10	AMGN
2025-12-10	AXP
2025-12-10	BLK
2025-12-10	BMY
2025-12-10	C
2025-12-10	CAT
2025-12-10	CL
2025-12-10	CME
2025-12-10	CMG
2025-12-10	COP
2025-12-10	CRM
2025-12-10	CSCO
2025-12-10	CVS
2025-12-10	DE
2025-12-10	DIS
2025-12-10	EOG
2025-12-10	ETN
2025-12-10	GE
2025-12-10	GILD
2025-12-10	GIS
2025-12-10	HAL
2025-12-10	HD
2025-12-10	HON
2025-12-10	ICE
2025-12-10	KEY
2025-12-10	KHC
2025-12-10	KO
2025-12-10	LMT
2025-12-10	LOW
2025-12-10	MA
2025-12-10	MCD
2025-12-10	MMM
2025-12-10	MO
2025-12-10	MPC
2025-12-10	MRK
2025-12-10	MS
2025-12-10	NOC
2025-12-10	NOW
2025-12-10	ORCL
2025-12-10	OXY
2025-12-10	PEP
2025-12-10	PFE
2025-12-10	PG
2025-12-10	PM
2025-12-10	PNC
2025-12-10	PSX
2025-12-10	RBLX
2025-12-10	RF
2025-12-10	RTX
2025-12-10	SBUX
2025-12-10	SCHW
2025-12-10	SLB
2025-12-10	SPGI
2025-12-10	TFC
2025-12-10	UPST
2025-12-10	USB
2025-12-10	V
2025-12-10	VLO
2025-12-10	WFC
2025-12-11	ABBV
2025-12-11	ABNB
2025-12-11	AFRM
2025-12-11	ALLY
2025-12-11	AMGN
2025-12-11	AXP
2025-12-11	BLK
2025-12-11	BMY
2025-12-11	C
2025-12-11	CL
2025-12-11	CME
2025-12-11	COP
2025-12-11	CRM
2025-12-11	CSCO
2025-12-11	CVS
2025-12-11	CVX
2025-12-11	DE
2025-12-11	EOG
2025-12-11	ETN
2025-12-11	GE
2025-12-11	GILD
2025-12-11	GIS
2025-12-11	HAL
2025-12-11	HD
2025-12-11	HON
2025-12-11	ICE
2025-12-11	JNJ
2025-12-11	KEY
2025-12-11	KHC
2025-12-11	LLY
2025-12-11	LMT
2025-12-11	LOW
2025-12-11	MA
2025-12-11	MCD
2025-12-11	MMM
2025-12-11	MO
2025-12-11	MPC
2025-12-11	MRK
2025-12-11	MS
2025-12-11	NOC
2025-12-11	NOW
2025-12-11	OXY
2025-12-11	PEP
2025-12-11	PG
2025-12-11	PM
2025-12-11	PNC
2025-12-11	PSX
2025-12-11	QCOM
2025-12-11	RBLX
2025-12-11	RF
2025-12-11	RTX
2025-12-11	SBUX
2025-12-11	SCHW
2025-12-11	SHOP
2025-12-11	SLB
2025-12-11	SPGI
2025-12-11	TFC
2025-12-11	UPST
2025-12-11	USB
2025-12-11	VLO
2025-12-11	WFC
2025-12-12	ABBV
2025-12-12	ABNB
2025-12-12	AFRM
2025-12-12	ALLY
2025-12-12	AMGN
2025-12-12	AXP
2025-12-12	BLK
2025-12-12	BMY
2025-12-12	C
2025-12-12	CAT
2025-12-12	CL
2025-12-12	CME
2025-12-12	CMG
2025-12-12	COP
2025-12-12	CSCO
2025-12-12	CVS
2025-12-12	CVX
2025-12-12	DE
2025-12-12	EOG
2025-12-12	ETN
2025-12-12	GE
2025-12-12	GILD
2025-12-12	GIS
2025-12-12	HAL
2025-12-12	HD
2025-12-12	HON
2025-12-12	ICE
2025-12-12	JNJ
2025-12-12	KEY
2025-12-12	KHC
2025-12-12	LMT
2025-12-12	LOW
2025-12-12	MA
2025-12-12	MCD
2025-12-12	MMM
2025-12-12	MO
2025-12-12	MPC
2025-12-12	MRK
2025-12-12	MS
2025-12-12	NOC
2025-12-12	NOW
2025-12-12	ORCL
2025-12-12	OXY
2025-12-12	PEP
2025-12-12	PG
2025-12-12	PM
2025-12-12	PNC
2025-12-12	PSX
2025-12-12	RBLX
2025-12-12	RF
2025-12-12	RTX
2025-12-12	SBUX
2025-12-12	SCHW
2025-12-12	SHOP
2025-12-12	SLB
2025-12-12	SNOW
2025-12-12	SPGI
2025-12-12	TFC
2025-12-12	UPST
2025-12-12	USB
2025-12-12	VLO
2025-12-12	WFC
2025-12-12	XOM
2025-12-15	ABBV
2025-12-15	ABNB
2025-12-15	ADBE
2025-12-15	AFRM
2025-12-15	ALLY
2025-12-15	AMGN
2025-12-15	AXP
2025-12-15	BLK
2025-12-15	CAT
2025-12-15	CL
2025-12-15	CME
2025-12-15	COP
2025-12-15	CSCO
2025-12-15	CVS
2025-12-15	CVX
2025-12-15	DE
2025-12-15	DIS
2025-12-15	EOG
2025-12-15	ETN
2025-12-15	GE
2025-12-15	GILD
2025-12-15	GIS
2025-12-15	GS
2025-12-15	HAL
2025-12-15	HD
2025-12-15	HON
2025-12-15	ICE
2025-12-15	JNJ
2025-12-15	KEY
2025-12-15	KHC
2025-12-15	KO
2025-12-15	LMT
2025-12-15	LOW
2025-12-15	MA
2025-12-15	MCD
2025-12-15	MMM
2025-12-15	MO
2025-12-15	MPC
2025-12-15	MRK
2025-12-15	MS
2025-12-15	NOC
2025-12-15	OXY
2025-12-15	PEP
2025-12-15	PFE
2025-12-15	PG
2025-12-15	PM
2025-12-15	PNC
2025-12-15	PSX
2025-12-15	QCOM
2025-12-15	RBLX
2025-12-15	RF
2025-12-15	RTX
2025-12-15	SBUX
2025-12-15	SCHW
2025-12-15	SHOP
2025-12-15	SLB
2025-12-15	SNOW
2025-12-15	SPGI
2025-12-15	TFC
2025-12-15	TGT
2025-12-15	UPST
2025-12-15	USB
2025-12-15	V
2025-12-15	VLO
2025-12-15	WFC
2025-12-15	XOM
2025-12-16	ABBV
2025-12-16	ABNB
2025-12-16	ADBE
2025-12-16	ALLY
2025-12-16	AMGN
2025-12-16	AXP
2025-12-16	BLK
2025-12-16	BMY
2025-12-16	C
2025-12-16	CAT
2025-12-16	CL
2025-12-16	CME
2025-12-16	CMG
2025-12-16	COP
2025-12-16	CRM
2025-12-16	CSCO
2025-12-16	CVS
2025-12-16	DE
2025-12-16	DIS
2025-12-16	EOG
2025-12-16	ETN
2025-12-16	GE
2025-12-16	GILD
2025-12-16	GIS
2025-12-16	HAL
2025-12-16	HD
2025-12-16	HON
2025-12-16	ICE
2025-12-16	JNJ
2025-12-16	KEY
2025-12-16	KHC
2025-12-16	KO
2025-12-16	LMT
2025-12-16	LOW
2025-12-16	MA
2025-12-16	MCD
2025-12-16	MMM
2025-12-16	MO
2025-12-16	MPC
2025-12-16	MRK
2025-12-16	MS
2025-12-16	NOC
2025-12-16	NOW
2025-12-16	ORCL
2025-12-16	PEP
2025-12-16	PG
2025-12-16	PM
2025-12-16	PNC
2025-12-16	PSX
2025-12-16	QCOM
2025-12-16	RBLX
2025-12-16	RF
2025-12-16	RTX
2025-12-16	SBUX
2025-12-16	SCHW
2025-12-16	SHOP
2025-12-16	SLB
2025-12-16	SPGI
2025-12-16	TFC
2025-12-16	TGT
2025-12-16	UPST
2025-12-16	USB
2025-12-16	V
2025-12-16	VLO
2025-12-16	WFC
2025-12-16	XOM
2025-12-17	ABBV
2025-12-17	ABNB
2025-12-17	ADBE
2025-12-17	AFRM
2025-12-17	ALLY
2025-12-17	AMGN
2025-12-17	AXP
2025-12-17	BLK
2025-12-17	BMY
2025-12-17	C
2025-12-17	CAT
2025-12-17	CL
2025-12-17	CME
2025-12-17	CMG
2025-12-17	COP
2025-12-17	CSCO
2025-12-17	CVS
2025-12-17	CVX
2025-12-17	DE
2025-12-17	DIS
2025-12-17	EOG
2025-12-17	ETN
2025-12-17	GE
2025-12-17	GILD
2025-12-17	GIS
2025-12-17	HAL
2025-12-17	HD
2025-12-17	HON
2025-12-17	ICE
2025-12-17	JNJ
2025-12-17	KEY
2025-12-17	KHC
2025-12-17	KO
2025-12-17	LMT
2025-12-17	LOW
2025-12-17	MA
2025-12-17	MCD
2025-12-17	MMM
2025-12-17	MO
2025-12-17	MPC
2025-12-17	MRK
2025-12-17	MS
2025-12-17	NOC
2025-12-17	NOW
2025-12-17	ORCL
2025-12-17	OXY
2025-12-17	PEP
2025-12-17	PG
2025-12-17	PM
2025-12-17	PNC
2025-12-17	PSX
2025-12-17	QCOM
2025-12-17	RBLX
2025-12-17	RF
2025-12-17	RTX
2025-12-17	SBUX
2025-12-17	SCHW
2025-12-17	SHOP
2025-12-17	SLB
2025-12-17	SNOW
2025-12-17	SPGI
2025-12-17	TFC
2025-12-17	TGT
2025-12-17	UPST
2025-12-17	USB
2025-12-17	V
2025-12-17	VLO
2025-12-17	WFC
2025-12-18	ABBV
2025-12-18	ABNB
2025-12-18	AFRM
2025-12-18	ALLY
2025-12-18	AMGN
2025-12-18	AXP
2025-12-18	BA
2025-12-18	BLK
2025-12-18	BMY
2025-12-18	C
2025-12-18	CAT
2025-12-18	CL
2025-12-18	CME
2025-12-18	CMG
2025-12-18	COP
2025-12-18	CRM
2025-12-18	CSCO
2025-12-18	CVS
2025-12-18	CVX
2025-12-18	DE
2025-12-18	EOG
2025-12-18	ETN
2025-12-18	GE
2025-12-18	GILD
2025-12-18	GIS
2025-12-18	HAL
2025-12-18	HD
2025-12-18	HON
2025-12-18	ICE
2025-12-18	JNJ
2025-12-18	KEY
2025-12-18	KHC
2025-12-18	KO
2025-12-18	LMT
2025-12-18	LOW
2025-12-18	MA
2025-12-18	MCD
2025-12-18	MMM
2025-12-18	MO
2025-12-18	MPC
2025-12-18	MRK
2025-12-18	MS
2025-12-18	NOC
2025-12-18	ORCL
2025-12-18	OXY
2025-12-18	PEP
2025-12-18	PG
2025-12-18	PM
2025-12-18	PNC
2025-12-18	PSX
2025-12-18	RBLX
2025-12-18	RF
2025-12-18	RTX
2025-12-18	SCHW
2025-12-18	SHOP
2025-12-18	SLB
2025-12-18	SPGI
2025-12-18	TFC
2025-12-18	UPST
2025-12-18	USB
2025-12-18	V
2025-12-18	VLO
2025-12-18	WFC
2025-12-19	ABBV
2025-12-19	ABNB
2025-12-19	AFRM
2025-12-19	ALLY
2025-12-19	AMGN
2025-12-19	AXP
2025-12-19	BLK
2025-12-19	BMY
2025-12-19	C
2025-12-19	CAT
2025-12-19	CL
2025-12-19	CME
2025-12-19	CMG
2025-12-19	COP
2025-12-19	CSCO
2025-12-19	CVS
2025-12-19	CVX
2025-12-19	DE
2025-12-19	DIS
2025-12-19	EOG
2025-12-19	ETN
2025-12-19	GE
2025-12-19	GILD
2025-12-19	GIS
2025-12-19	HAL
2025-12-19	HON
2025-12-19	ICE
2025-12-19	JNJ
2025-12-19	KEY
2025-12-19	KHC
2025-12-19	LLY
2025-12-19	LMT
2025-12-19	LOW
2025-12-19	MA
2025-12-19	MCD
2025-12-19	MMM
2025-12-19	MO
2025-12-19	MPC
2025-12-19	MRK
2025-12-19	MS
2025-12-19	NKE
2025-12-19	NOC
2025-12-19	NOW
2025-12-19	OXY
2025-12-19	PEP
2025-12-19	PG
2025-12-19	PM
2025-12-19	PNC
2025-12-19	PSX
2025-12-19	RBLX
2025-12-19	RF
2025-12-19	RTX
2025-12-19	SBUX
2025-12-19	SCHW
2025-12-19	SHOP
2025-12-19	SLB
2025-12-19	SPGI
2025-12-19	TFC
2025-12-19	TGT
2025-12-19	UPST
2025-12-19	USB
2025-12-19	VLO
2025-12-19	WFC
2025-12-19	XOM
2025-12-22	ABBV
2025-12-22	ABNB
2025-12-22	AFRM
2025-12-22	ALLY
2025-12-22	AMGN
2025-12-22	AXP
2025-12-22	BLK
2025-12-22	BMY
2025-12-22	CL
2025-12-22	CME
2025-12-22	CMG
2025-12-22	COP
2025-12-22	CRM
2025-12-22	CSCO
2025-12-22	CVS
2025-12-22	CVX
2025-12-22	DE
2025-12-22	DIS
2025-12-22	EOG
2025-12-22	ETN
2025-12-22	GE
2025-12-22	GILD
2025-12-22	GIS
2025-12-22	HAL
2025-12-22	HD
2025-12-22	HON
2025-12-22	ICE
2025-12-22	JNJ
2025-12-22	KEY
2025-12-22	KHC
2025-12-22	KO
2025-12-22	LMT
2025-12-22	LOW
2025-12-22	MA
2025-12-22	MCD
2025-12-22	MMM
2025-12-22	MO
2025-12-22	MPC
2025-12-22	MS
2025-12-22	NOC
2025-12-22	NOW
2025-12-22	ORCL
2025-12-22	OXY
2025-12-22	PEP
2025-12-22	PG
2025-12-22	PM
2025-12-22	PNC
2025-12-22	PSX
2025-12-22	QCOM
2025-12-22	RBLX
2025-12-22	RF
2025-12-22	RTX
2025-12-22	SBUX
2025-12-22	SCHW
2025-12-22	SHOP
2025-12-22	SLB
2025-12-22	SNOW
2025-12-22	SPGI
2025-12-22	TFC
2025-12-22	TGT
2025-12-22	UPST
2025-12-22	USB
2025-12-22	V
2025-12-22	VLO
2025-12-22	WFC
2025-12-22	XOM
2025-12-23	ABBV
2025-12-23	ABNB
2025-12-23	ADBE
2025-12-23	AFRM
2025-12-23	ALLY
2025-12-23	AMGN
2025-12-23	AXP
2025-12-23	BAC
2025-12-23	BLK
2025-12-23	BMY
2025-12-23	CAT
2025-12-23	CL
2025-12-23	CME
2025-12-23	CMG
2025-12-23	COP
2025-12-23	CSCO
2025-12-23	CVS
2025-12-23	CVX
2025-12-23	DE
2025-12-23	DIS
2025-12-23	EOG
2025-12-23	ETN
2025-12-23	GE
2025-12-23	GILD
2025-12-23	GIS
2025-12-23	HAL
2025-12-23	HD
2025-12-23	HON
2025-12-23	ICE
2025-12-23	JNJ
2025-12-23	KEY
2025-12-23	KHC
2025-12-23	KO
2025-12-23	LMT
2025-12-23	LOW
2025-12-23	MA
2025-12-23	MCD
2025-12-23	MMM
2025-12-23	MO
2025-12-23	MPC
2025-12-23	MRK
2025-12-23	MS
2025-12-23	NOC
2025-12-23	NOW
2025-12-23	ORCL
2025-12-23	OXY
2025-12-23	PEP
2025-12-23	PG
2025-12-23	PM
2025-12-23	PNC
2025-12-23	PSX
2025-12-23	QCOM
2025-12-23	RBLX
2025-12-23	RF
2025-12-23	RTX
2025-12-23	SCHW
2025-12-23	SHOP
2025-12-23	SLB
2025-12-23	SPGI
2025-12-23	TFC
2025-12-23	TGT
2025-12-23	UPST
2025-12-23	USB
2025-12-23	V
2025-12-23	VLO
2025-12-23	WFC
2025-12-23	XOM
2025-12-26	ABBV
2025-12-26	ABNB
2025-12-26	AFRM
2025-12-26	ALLY
2025-12-26	AMGN
2025-12-26	AXP
2025-12-26	BLK
2025-12-26	BMY
2025-12-26	CAT
2025-12-26	CL
2025-12-26	CME
2025-12-26	CMG
2025-12-26	COP
2025-12-26	CSCO
2025-12-26	CVS
2025-12-26	CVX
2025-12-26	DE
2025-12-26	EOG
2025-12-26	ETN
2025-12-26	GE
2025-12-26	GILD
2025-12-26	GIS
2025-12-26	HAL
2025-12-26	HD
2025-12-26	HON
2025-12-26	ICE
2025-12-26	JNJ
2025-12-26	KEY
2025-12-26	KHC
2025-12-26	LMT
2025-12-26	LOW
2025-12-26	MA
2025-12-26	MCD
2025-12-26	MMM
2025-12-26	MO
2025-12-26	MPC
2025-12-26	MRK
2025-12-26	MS
2025-12-26	NOC
2025-12-26	NOW
2025-12-26	OXY
2025-12-26	PEP
2025-12-26	PFE
2025-12-26	PG
2025-12-26	PM
2025-12-26	PNC
2025-12-26	PSX
2025-12-26	QCOM
2025-12-26	RBLX
2025-12-26	RF
2025-12-26	RTX
2025-12-26	SBUX
2025-12-26	SCHW
2025-12-26	SHOP
2025-12-26	SLB
2025-12-26	SNOW
2025-12-26	SPGI
2025-12-26	TFC
2025-12-26	UPST
2025-12-26	USB
2025-12-26	V
2025-12-26	VLO
2025-12-26	WFC
2025-12-26	XOM
2025-12-29	ABBV
2025-12-29	ABNB
2025-12-29	AFRM
2025-12-29	ALLY
2025-12-29	AMGN
2025-12-29	AXP
2025-12-29	BLK
2025-12-29	BMY
2025-12-29	C
2025-12-29	CL
2025-12-29	CME
2025-12-29	CMG
2025-12-29	COP
2025-12-29	CRM
2025-12-29	CSCO
2025-12-29	CVS
2025-12-29	CVX
2025-12-29	DE
2025-12-29	EOG
2025-12-29	ETN
2025-12-29	GE
2025-12-29	GILD
2025-12-29	GIS
2025-12-29	GS
2025-12-29	HAL
2025-12-29	HD
2025-12-29	HON
2025-12-29	ICE
2025-12-29	JNJ
2025-12-29	JPM
2025-12-29	KEY
2025-12-29	KHC
2025-12-29	KO
2025-12-29	LMT
2025-12-29	LOW
2025-12-29	MA
2025-12-29	MCD
2025-12-29	MMM
2025-12-29	MO
2025-12-29	MPC
2025-12-29	MRK
2025-12-29	MS
2025-12-29	NOC
2025-12-29	NOW
2025-12-29	ORCL
2025-12-29	OXY
2025-12-29	PEP
2025-12-29	PG
2025-12-29	PM
2025-12-29	PNC
2025-12-29	PSX
2025-12-29	QCOM
2025-12-29	RBLX
2025-12-29	RF
2025-12-29	RTX
2025-12-29	SBUX
2025-12-29	SCHW
2025-12-29	SHOP
2025-12-29	SLB
2025-12-29	SNOW
2025-12-29	SPGI
2025-12-29	TFC
2025-12-29	UPST
2025-12-29	USB
2025-12-29	V
2025-12-29	VLO
2025-12-29	WFC
2025-12-30	ABBV
2025-12-30	ABNB
2025-12-30	AFRM
2025-12-30	ALLY
2025-12-30	AMGN
2025-12-30	AXP
2025-12-30	BLK
2025-12-30	BMY
2025-12-30	C
2025-12-30	CAT
2025-12-30	CL
2025-12-30	CME
2025-12-30	CMG
2025-12-30	COP
2025-12-30	COST
2025-12-30	CRM
2025-12-30	CSCO
2025-12-30	CVS
2025-12-30	CVX
2025-12-30	DE
2025-12-30	DIS
2025-12-30	EOG
2025-12-30	ETN
2025-12-30	GE
2025-12-30	GILD
2025-12-30	GIS
2025-12-30	GS
2025-12-30	HAL
2025-12-30	HD
2025-12-30	HON
2025-12-30	JNJ
2025-12-30	JPM
2025-12-30	KEY
2025-12-30	KHC
2025-12-30	KO
2025-12-30	LMT
2025-12-30	LOW
2025-12-30	MA
2025-12-30	MCD
2025-12-30	MMM
2025-12-30	MO
2025-12-30	MPC
2025-12-30	MRK
2025-12-30	MS
2025-12-30	NOC
2025-12-30	NOW
2025-12-30	PEP
2025-12-30	PFE
2025-12-30	PG
2025-12-30	PM
2025-12-30	PNC
2025-12-30	PSX
2025-12-30	QCOM
2025-12-30	RBLX
2025-12-30	RF
2025-12-30	RTX
2025-12-30	SBUX
2025-12-30	SCHW
2025-12-30	SHOP
2025-12-30	SLB
2025-12-30	SNOW
2025-12-30	SPGI
2025-12-30	TFC
2025-12-30	TGT
2025-12-30	UPST
2025-12-30	USB
2025-12-30	V
2025-12-30	VLO
2025-12-30	WFC
2025-12-31	ABBV
2025-12-31	ABNB
2025-12-31	ADBE
2025-12-31	AFRM
2025-12-31	ALLY
2025-12-31	AMGN
2025-12-31	AXP
2025-12-31	BAC
2025-12-31	BLK
2025-12-31	BMY
2025-12-31	C
2025-12-31	CAT
2025-12-31	CL
2025-12-31	CME
2025-12-31	CMG
2025-12-31	COP
2025-12-31	CRM
2025-12-31	CSCO
2025-12-31	CVS
2025-12-31	CVX
2025-12-31	DE
2025-12-31	DIS
2025-12-31	EOG
2025-12-31	ETN
2025-12-31	GE
2025-12-31	GILD
2025-12-31	GIS
2025-12-31	HAL
2025-12-31	HD
2025-12-31	HON
2025-12-31	JNJ
2025-12-31	JPM
2025-12-31	KEY
2025-12-31	KHC
2025-12-31	KO
2025-12-31	LMT
2025-12-31	LOW
2025-12-31	MA
2025-12-31	MCD
2025-12-31	MMM
2025-12-31	MO
2025-12-31	MPC
2025-12-31	MRK
2025-12-31	MS
2025-12-31	NOC
2025-12-31	NOW
2025-12-31	OXY
2025-12-31	PEP
2025-12-31	PFE
2025-12-31	PG
2025-12-31	PM
2025-12-31	PNC
2025-12-31	PSX
2025-12-31	QCOM
2025-12-31	RBLX
2025-12-31	RF
2025-12-31	RTX
2025-12-31	SBUX
2025-12-31	SCHW
2025-12-31	SHOP
2025-12-31	SLB
2025-12-31	SNOW
2025-12-31	SPGI
2025-12-31	TFC
2025-12-31	TGT
2025-12-31	UBER
2025-12-31	UPST
2025-12-31	USB
2025-12-31	V
2025-12-31	VLO
2025-12-31	WFC
2025-12-31	XOM
2026-01-02	ABBV
2026-01-02	ABNB
2026-01-02	AFRM
2026-01-02	ALLY
2026-01-02	AMGN
2026-01-02	AXP
2026-01-02	BLK
2026-01-02	BMY
2026-01-02	C
2026-01-02	CL
2026-01-02	CME
2026-01-02	CMG
2026-01-02	COP
2026-01-02	CSCO
2026-01-02	CVS
2026-01-02	CVX
2026-01-02	DE
2026-01-02	DIS
2026-01-02	EOG
2026-01-02	ETN
2026-01-02	GE
2026-01-02	GILD
2026-01-02	GIS
2026-01-02	HAL
2026-01-02	HD
2026-01-02	HON
2026-01-02	ICE
2026-01-02	JNJ
2026-01-02	KEY
2026-01-02	KHC
2026-01-02	LMT
2026-01-02	LOW
2026-01-02	MA
2026-01-02	MCD
2026-01-02	MMM
2026-01-02	MO
2026-01-02	MPC
2026-01-02	MRK
2026-01-02	MS
2026-01-02	NOC
2026-01-02	ORCL
2026-01-02	PEP
2026-01-02	PFE
2026-01-02	PG
2026-01-02	PM
2026-01-02	PNC
2026-01-02	PSX
2026-01-02	QCOM
2026-01-02	RBLX
2026-01-02	RF
2026-01-02	RTX
2026-01-02	SBUX
2026-01-02	SCHW
2026-01-02	SLB
2026-01-02	SNOW
2026-01-02	SPGI
2026-01-02	TFC
2026-01-02	UPST
2026-01-02	USB
2026-01-02	V
2026-01-02	VLO
2026-01-02	WFC
2026-01-02	XOM
2026-01-05	ABBV
2026-01-05	ABNB
2026-01-05	ALLY
2026-01-05	AMGN
2026-01-05	AXP
2026-01-05	BLK
2026-01-05	BMY
2026-01-05	C
2026-01-05	CL
2026-01-05	CME
2026-01-05	CMG
2026-01-05	COP
2026-01-05	CRM
2026-01-05	CSCO
2026-01-05	CVS
2026-01-05	DE
2026-01-05	EOG
2026-01-05	ETN
2026-01-05	GILD
2026-01-05	GIS
2026-01-05	HD
2026-01-05	HON
2026-01-05	ICE
2026-01-05	KEY
2026-01-05	KHC
2026-01-05	LMT
2026-01-05	LOW
2026-01-05	MA
2026-01-05	MCD
2026-01-05	MMM
2026-01-05	MO
2026-01-05	MPC
2026-01-05	MRK
2026-01-05	MS
2026-01-05	NOC
2026-01-05	NOW
2026-01-05	PEP
2026-01-05	PG
2026-01-05	PM
2026-01-05	PNC
2026-01-05	PSX
2026-01-05	RBLX
2026-01-05	RF
2026-01-05	RTX
2026-01-05	SCHW
2026-01-05	SNOW
2026-01-05	SPGI
2026-01-05	TFC
2026-01-05	TGT
2026-01-05	USB
2026-01-05	V
2026-01-05	VLO
2026-01-05	WFC
2026-01-05	XOM
2026-01-06	ABBV
2026-01-06	ABNB
2026-01-06	AFRM
2026-01-06	ALLY
2026-01-06	AMGN
2026-01-06	AXP
2026-01-06	BAC
2026-01-06	BLK
2026-01-06	BMY
2026-01-06	C
2026-01-06	CL
2026-01-06	CME
2026-01-06	CMG
2026-01-06	COP
2026-01-06	CSCO
2026-01-06	CVS
2026-01-06	CVX
2026-01-06	DE
2026-01-06	DIS
2026-01-06	EOG
2026-01-06	ETN
2026-01-06	GE
2026-01-06	GILD
2026-01-06	GIS
2026-01-06	HAL
2026-01-06	HD
2026-01-06	HON
2026-01-06	ICE
2026-01-06	JNJ
2026-01-06	KEY
2026-01-06	KHC
2026-01-06	KO
2026-01-06	LMT
2026-01-06	LOW
2026-01-06	MA
2026-01-06	MCD
2026-01-06	MMM
2026-01-06	MO
2026-01-06	MPC
2026-01-06	MRK
2026-01-06	MS
2026-01-06	NOC
2026-01-06	NOW
2026-01-06	ORCL
2026-01-06	OXY
2026-01-06	PEP
2026-01-06	PFE
2026-01-06	PG
2026-01-06	PM
2026-01-06	PNC
2026-01-06	PSX
2026-01-06	RBLX
2026-01-06	RF
2026-01-06	RTX
2026-01-06	SCHW
2026-01-06	SHOP
2026-01-06	SLB
2026-01-06	SNOW
2026-01-06	SPGI
2026-01-06	TFC
2026-01-06	UPST
2026-01-06	USB
2026-01-06	V
2026-01-06	VLO
2026-01-06	WFC
2026-01-06	XOM
2026-01-07	ABBV
2026-01-07	ABNB
2026-01-07	AFRM
2026-01-07	ALLY
2026-01-07	AMGN
2026-01-07	AXP
2026-01-07	BLK
2026-01-07	BMY
2026-01-07	C
2026-01-07	CL
2026-01-07	CME
2026-01-07	CMG
2026-01-07	COP
2026-01-07	CSCO
2026-01-07	CVS
2026-01-07	DE
2026-01-07	DIS
2026-01-07	EOG
2026-01-07	ETN
2026-01-07	GE
2026-01-07	GILD
2026-01-07	GIS
2026-01-07	HAL
2026-01-07	HD
2026-01-07	HON
2026-01-07	ICE
2026-01-07	JNJ
2026-01-07	KEY
2026-01-07	KHC
2026-01-07	LMT
2026-01-07	LOW
2026-01-07	MA
2026-01-07	MCD
2026-01-07	MMM
2026-01-07	MO
2026-01-07	MPC
2026-01-07	MRK
2026-01-07	MS
2026-01-07	NOC
2026-01-07	NOW
2026-01-07	ORCL
2026-01-07	OXY
2026-01-07	PFE
2026-01-07	PG
2026-01-07	PM
2026-01-07	PNC
2026-01-07	PSX
2026-01-07	RBLX
2026-01-07	RF
2026-01-07	RTX
2026-01-07	SCHW
2026-01-07	SHOP
2026-01-07	SLB
2026-01-07	SNOW
2026-01-07	SPGI
2026-01-07	TFC
2026-01-07	TGT
2026-01-07	UPST
2026-01-07	USB
2026-01-07	V
2026-01-07	VLO
2026-01-07	WFC
2026-01-07	XOM
2026-01-08	ABBV
2026-01-08	ABNB
2026-01-08	AFRM
2026-01-08	ALLY
2026-01-08	AMGN
2026-01-08	AXP
2026-01-08	BLK
2026-01-08	BMY
2026-01-08	C
2026-01-08	CL
2026-01-08	CME
2026-01-08	CMG
2026-01-08	CRM
2026-01-08	CSCO
2026-01-08	CVS
2026-01-08	DE
2026-01-08	EOG
2026-01-08	ETN
2026-01-08	GE
2026-01-08	GILD
2026-01-08	GIS
2026-01-08	HAL
2026-01-08	HON
2026-01-08	ICE
2026-01-08	JNJ
2026-01-08	KEY
2026-01-08	KHC
2026-01-08	KO
2026-01-08	LMT
2026-01-08	LOW
2026-01-08	MA
2026-01-08	MMM
2026-01-08	MO
2026-01-08	MPC
2026-01-08	MRK
2026-01-08	MS
2026-01-08	NOC
2026-01-08	NOW
2026-01-08	ORCL
2026-01-08	PFE
2026-01-08	PG
2026-01-08	PM
2026-01-08	PNC
2026-01-08	PSX
2026-01-08	RF
2026-01-08	RTX
2026-01-08	SCHW
2026-01-08	SHOP
2026-01-08	SLB
2026-01-08	SNOW
2026-01-08	SPGI
2026-01-08	TFC
2026-01-08	TGT
2026-01-08	UPST
2026-01-08	USB
2026-01-08	V
2026-01-08	VLO
2026-01-08	WFC
2026-01-08	XOM
2026-01-09	ABBV
2026-01-09	ABNB
2026-01-09	AFRM
2026-01-09	ALLY
2026-01-09	AMGN
2026-01-09	AXP
2026-01-09	BLK
2026-01-09	BMY
2026-01-09	C
2026-01-09	CL
2026-01-09	CME
2026-01-09	COP
2026-01-09	CRM
2026-01-09	CSCO
2026-01-09	CVS
2026-01-09	DE
2026-01-09	DIS
2026-01-09	EOG
2026-01-09	ETN
2026-01-09	GE
2026-01-09	GILD
2026-01-09	GIS
2026-01-09	HAL
2026-01-09	HON
2026-01-09	ICE
2026-01-09	JNJ
2026-01-09	KEY
2026-01-09	KHC
2026-01-09	LMT
2026-01-09	LOW
2026-01-09	MA
2026-01-09	MCD
2026-01-09	MMM
2026-01-09	MO
2026-01-09	MPC
2026-01-09	MRK
2026-01-09	MS
2026-01-09	NOC
2026-01-09	PEP
2026-01-09	PG
2026-01-09	PM
2026-01-09	PNC
2026-01-09	PSX
2026-01-09	RBLX
2026-01-09	RF
2026-01-09	RTX
2026-01-09	SBUX
2026-01-09	SCHW
2026-01-09	SHOP
2026-01-09	SNOW
2026-01-09	SPGI
2026-01-09	TFC
2026-01-09	UPST
2026-01-09	USB
2026-01-09	V
2026-01-09	VLO
2026-01-09	WFC
2026-01-09	XOM
2026-01-12	ABBV
2026-01-12	ABNB
2026-01-12	AFRM
2026-01-12	ALLY
2026-01-12	AMGN
2026-01-12	AXP
2026-01-12	BLK
2026-01-12	BMY
2026-01-12	CL
2026-01-12	CME
2026-01-12	CMG
2026-01-12	COP
2026-01-12	CRM
2026-01-12	CSCO
2026-01-12	CVS
2026-01-12	DE
2026-01-12	DIS
2026-01-12	EOG
2026-01-12	ETN
2026-01-12	GE
2026-01-12	GILD
2026-01-12	GIS
2026-01-12	HAL
2026-01-12	HON
2026-01-12	ICE
2026-01-12	JNJ
2026-01-12	KEY
2026-01-12	KHC
2026-01-12	KO
2026-01-12	LMT
2026-01-12	LOW
2026-01-12	MA
2026-01-12	MCD
2026-01-12	MMM
2026-01-12	MO
2026-01-12	MPC
2026-01-12	MRK
2026-01-12	MS
2026-01-12	NOC
2026-01-12	NOW
2026-01-12	ORCL
2026-01-12	OXY
2026-01-12	PEP
2026-01-12	PFE
2026-01-12	PG
2026-01-12	PM
2026-01-12	PNC
2026-01-12	PSX
2026-01-12	RBLX
2026-01-12	RF
2026-01-12	RTX
2026-01-12	SCHW
2026-01-12	SLB
2026-01-12	SNOW
2026-01-12	SPGI
2026-01-12	TFC
2026-01-12	TGT
2026-01-12	UPST
2026-01-12	USB
2026-01-12	VLO
2026-01-12	WFC
2026-01-12	XOM
2026-01-13	ABBV
2026-01-13	ABNB
2026-01-13	AFRM
2026-01-13	ALLY
2026-01-13	AMGN
2026-01-13	AXP
2026-01-13	BLK
2026-01-13	BMY
2026-01-13	C
2026-01-13	CL
2026-01-13	CME
2026-01-13	COP
2026-01-13	CSCO
2026-01-13	CVS
2026-01-13	DE
2026-01-13	DIS
2026-01-13	EOG
2026-01-13	ETN
2026-01-13	GE
2026-01-13	GILD
2026-01-13	GIS
2026-01-13	GS
2026-01-13	HAL
2026-01-13	HD
2026-01-13	HON
2026-01-13	ICE
2026-01-13	JNJ
2026-01-13	KEY
2026-01-13	KHC
2026-01-13	KO
2026-01-13	LMT
2026-01-13	LOW
2026-01-13	MA
2026-01-13	MCD
2026-01-13	MMM
2026-01-13	MO
2026-01-13	MPC
2026-01-13	MRK
2026-01-13	MS
2026-01-13	NOC
2026-01-13	ORCL
2026-01-13	OXY
2026-01-13	PEP
2026-01-13	PFE
2026-01-13	PG
2026-01-13	PM
2026-01-13	PNC
2026-01-13	PSX
2026-01-13	RBLX
2026-01-13	RF
2026-01-13	RTX
2026-01-13	SBUX
2026-01-13	SCHW
2026-01-13	SHOP
2026-01-13	SLB
2026-01-13	SPGI
2026-01-13	TFC
2026-01-13	TGT
2026-01-13	UBER
2026-01-13	UPST
2026-01-13	USB
2026-01-13	VLO
2026-01-14	ABBV
2026-01-14	ABNB
2026-01-14	ALLY
2026-01-14	AMGN
2026-01-14	AXP
2026-01-14	BLK
2026-01-14	BMY
2026-01-14	C
2026-01-14	CL
2026-01-14	CME
2026-01-14	CMG
2026-01-14	COP
2026-01-14	CSCO
2026-01-14	CVS
2026-01-14	DE
2026-01-14	DIS
2026-01-14	EOG
2026-01-14	ETN
2026-01-14	GE
2026-01-14	GILD
2026-01-14	GIS
2026-01-14	HAL
2026-01-14	HD
2026-01-14	HON
2026-01-14	ICE
2026-01-14	KEY
2026-01-14	KHC
2026-01-14	KO
2026-01-14	LOW
2026-01-14	MA
2026-01-14	MCD
2026-01-14	MMM
2026-01-14	MPC
2026-01-14	MRK
2026-01-14	MS
2026-01-14	NOC
2026-01-14	ORCL
2026-01-14	PEP
2026-01-14	PFE
2026-01-14	PG
2026-01-14	PM
2026-01-14	PNC
2026-01-14	PSX
2026-01-14	RBLX
2026-01-14	RF
2026-01-14	RTX
2026-01-14	SCHW
2026-01-14	SPGI
2026-01-14	TFC
2026-01-14	UBER
2026-01-14	UPST
2026-01-14	USB
2026-01-14	VLO
2026-01-14	WFC
2026-01-14	XOM
2026-01-15	ABBV
2026-01-15	ABNB
2026-01-15	AFRM
2026-01-15	ALLY
2026-01-15	AMGN
2026-01-15	AXP
2026-01-15	BLK
2026-01-15	BMY
2026-01-15	C
2026-01-15	CL
2026-01-15	CME
2026-01-15	CMG
2026-01-15	COP
2026-01-15	CSCO
2026-01-15	CVS
2026-01-15	DE
2026-01-15	DIS
2026-01-15	EOG
2026-01-15	ETN
2026-01-15	GE
2026-01-15	GILD
2026-01-15	GIS
2026-01-15	HAL
2026-01-15	HD
2026-01-15	HON
2026-01-15	ICE
2026-01-15	JNJ
2026-01-15	KEY
2026-01-15	KHC
2026-01-15	KO
2026-01-15	LMT
2026-01-15	LOW
2026-01-15	MA
2026-01-15	MCD
2026-01-15	MMM
2026-01-15	MO
2026-01-15	MPC
2026-01-15	MRK
2026-01-15	NOC
2026-01-15	OXY
2026-01-15	PEP
2026-01-15	PG
2026-01-15	PM
2026-01-15	PNC
2026-01-15	PSX
2026-01-15	RBLX
2026-01-15	RF
2026-01-15	RTX
2026-01-15	SCHW
2026-01-15	SLB
2026-01-15	SNOW
2026-01-15	SPGI
2026-01-15	TFC
2026-01-15	UPST
2026-01-15	USB
2026-01-15	VLO
2026-01-15	WFC
2026-01-15	XOM
2026-01-16	ABBV
2026-01-16	ABNB
2026-01-16	AFRM
2026-01-16	ALLY
2026-01-16	AMGN
2026-01-16	BLK
2026-01-16	BMY
2026-01-16	C
2026-01-16	CAT
2026-01-16	CL
2026-01-16	CME
2026-01-16	CMG
2026-01-16	COP
2026-01-16	CSCO
2026-01-16	CVS
2026-01-16	DE
2026-01-16	EOG
2026-01-16	ETN
2026-01-16	GE
2026-01-16	GILD
2026-01-16	GIS
2026-01-16	HAL
2026-01-16	HD
2026-01-16	HON
2026-01-16	ICE
2026-01-16	JNJ
2026-01-16	KEY
2026-01-16	KHC
2026-01-16	LLY
2026-01-16	LMT
2026-01-16	LOW
2026-01-16	MA
2026-01-16	MCD
2026-01-16	MMM
2026-01-16	MO
2026-01-16	MPC
2026-01-16	MRK
2026-01-16	MS
2026-01-16	NOC
2026-01-16	ORCL
2026-01-16	OXY
2026-01-16	PEP
2026-01-16	PFE
2026-01-16	PG
2026-01-16	PM
2026-01-16	PNC
2026-01-16	PSX
2026-01-16	RBLX
2026-01-16	RF
2026-01-16	RTX
2026-01-16	SBUX
2026-01-16	SCHW
2026-01-16	SHOP
2026-01-16	SLB
2026-01-16	SPGI
2026-01-16	TFC
2026-01-16	TGT
2026-01-16	UPST
2026-01-16	USB
2026-01-16	VLO
2026-01-16	WFC
2026-01-20	ABBV
2026-01-20	ABNB
2026-01-20	AFRM
2026-01-20	ALLY
2026-01-20	AMGN
2026-01-20	AXP
2026-01-20	BLK
2026-01-20	BMY
2026-01-20	C
2026-01-20	CAT
2026-01-20	CL
2026-01-20	CME
2026-01-20	CMG
2026-01-20	COP
2026-01-20	CSCO
2026-01-20	CVX
2026-01-20	DE
2026-01-20	DIS
2026-01-20	EOG
2026-01-20	ETN
2026-01-20	GE
2026-01-20	GILD
2026-01-20	GIS
2026-01-20	HAL
2026-01-20	HD
2026-01-20	HON
2026-01-20	ICE
2026-01-20	JNJ
2026-01-20	KEY
2026-01-20	KHC
2026-01-20	LLY
2026-01-20	LMT
2026-01-20	LOW
2026-01-20	MA
2026-01-20	MCD
2026-01-20	MMM
2026-01-20	MO
2026-01-20	MPC
2026-01-20	MRK
2026-01-20	MS
2026-01-20	NOC
2026-01-20	ORCL
2026-01-20	OXY
2026-01-20	PEP
2026-01-20	PFE
2026-01-20	PG
2026-01-20	PM
2026-01-20	PNC
2026-01-20	PSX
2026-01-20	RBLX
2026-01-20	RF
2026-01-20	RTX
2026-01-20	SBUX
2026-01-20	SLB
2026-01-20	SNOW
2026-01-20	SPGI
2026-01-20	TFC
2026-01-20	TGT
2026-01-20	UBER
2026-01-20	UPST
2026-01-20	USB
2026-01-20	V
2026-01-20	VLO
2026-01-20	WFC
2026-01-20	XOM
2026-01-21	ABBV
2026-01-21	ABNB
2026-01-21	AFRM
2026-01-21	ALLY
2026-01-21	AMGN
2026-01-21	AXP
2026-01-21	BLK
2026-01-21	BMY
2026-01-21	CAT
2026-01-21	CL
2026-01-21	CME
2026-01-21	CMG
2026-01-21	COP
2026-01-21	CSCO
2026-01-21	CVS
2026-01-21	CVX
2026-01-21	DE
2026-01-21	DIS
2026-01-21	EOG
2026-01-21	ETN
2026-01-21	GILD
2026-01-21	GIS
2026-01-21	HD
2026-01-21	HON
2026-01-21	ICE
2026-01-21	KEY
2026-01-21	KHC
2026-01-21	KO
2026-01-21	LMT
2026-01-21	LOW
2026-01-21	MA
2026-01-21	MCD
2026-01-21	MMM
2026-01-21	MO
2026-01-21	MPC
2026-01-21	MRK
2026-01-21	MS
2026-01-21	NOC
2026-01-21	OXY
2026-01-21	PEP
2026-01-21	PFE
2026-01-21	PM
2026-01-21	PNC
2026-01-21	PSX
2026-01-21	RBLX
2026-01-21	RF
2026-01-21	RTX
2026-01-21	SBUX
2026-01-21	SCHW
2026-01-21	SLB
2026-01-21	SNOW
2026-01-21	SPGI
2026-01-21	TFC
2026-01-21	UPST
2026-01-21	USB
2026-01-21	V
2026-01-21	VLO
2026-01-21	WFC
2026-01-21	XOM
2026-01-22	ABBV
2026-01-22	ABNB
2026-01-22	AFRM
2026-01-22	ALLY
2026-01-22	AMGN
2026-01-22	AXP
2026-01-22	BLK
2026-01-22	BMY
2026-01-22	C
2026-01-22	CAT
2026-01-22	CL
2026-01-22	CME
2026-01-22	CMG
2026-01-22	COP
2026-01-22	CSCO
2026-01-22	CVS
2026-01-22	DE
2026-01-22	EOG
2026-01-22	ETN
2026-01-22	GILD
2026-01-22	GIS
2026-01-22	HAL
2026-01-22	HD
2026-01-22	HON
2026-01-22	ICE
2026-01-22	JNJ
2026-01-22	KEY
2026-01-22	KHC
2026-01-22	KO
2026-01-22	LMT
2026-01-22	LOW
2026-01-22	MA
2026-01-22	MCD
2026-01-22	MMM
2026-01-22	MO
2026-01-22	MPC
2026-01-22	MRK
2026-01-22	MS
2026-01-22	NOC
2026-01-22	OXY
2026-01-22	PEP
2026-01-22	PM
2026-01-22	PNC
2026-01-22	PSX
2026-01-22	QCOM
2026-01-22	RBLX
2026-01-22	RF
2026-01-22	RTX
2026-01-22	SCHW
2026-01-22	SLB
2026-01-22	SNOW
2026-01-22	SPGI
2026-01-22	TFC
2026-01-22	TGT
2026-01-22	UPST
2026-01-22	USB
2026-01-22	VLO
2026-01-22	WFC
2026-01-23	ABBV
2026-01-23	ABNB
2026-01-23	AFRM
2026-01-23	ALLY
2026-01-23	AMGN
2026-01-23	AXP
2026-01-23	BLK
2026-01-23	BMY
2026-01-23	C
2026-01-23	CL
2026-01-23	CME
2026-01-23	CMG
2026-01-23	COP
2026-01-23	CSCO
2026-01-23	CVS
2026-01-23	CVX
2026-01-23	DE
2026-01-23	DIS
2026-01-23	EOG
2026-01-23	ETN
2026-01-23	GILD
2026-01-23	GIS
2026-01-23	HAL
2026-01-23	HD
2026-01-23	HON
2026-01-23	ICE
2026-01-23	JNJ
2026-01-23	KEY
2026-01-23	KHC
2026-01-23	LMT
2026-01-23	LOW
2026-01-23	MA
2026-01-23	MCD
2026-01-23	MMM
2026-01-23	MO
2026-01-23	MPC
2026-01-23	MRK
2026-01-23	MS
2026-01-23	NOC
2026-01-23	ORCL
2026-01-23	PEP
2026-01-23	PFE
2026-01-23	PG
2026-01-23	PM
2026-01-23	PNC
2026-01-23	PSX
2026-01-23	RBLX
2026-01-23	RF
2026-01-23	RTX
2026-01-23	SBUX
2026-01-23	SCHW
2026-01-23	SHOP
2026-01-23	SLB
2026-01-23	SNOW
2026-01-23	SPGI
2026-01-23	TFC
2026-01-23	TGT
2026-01-23	UPST
2026-01-23	USB
2026-01-23	VLO
2026-01-23	WFC
2026-01-23	XOM
2026-01-26	ABBV
2026-01-26	ABNB
2026-01-26	AFRM
2026-01-26	ALLY
2026-01-26	AMGN
2026-01-26	AXP
2026-01-26	BLK
2026-01-26	BMY
2026-01-26	C
2026-01-26	CAT
2026-01-26	CL
2026-01-26	CME
2026-01-26	CMG
2026-01-26	COP
2026-01-26	COST
2026-01-26	CRM
2026-01-26	CSCO
2026-01-26	CVS
2026-01-26	CVX
2026-01-26	DE
2026-01-26	DIS
2026-01-26	EOG
2026-01-26	ETN
2026-01-26	GE
2026-01-26	GILD
2026-01-26	GIS
2026-01-26	HAL
2026-01-26	HD
2026-01-26	HON
2026-01-26	ICE
2026-01-26	JNJ
2026-01-26	KEY
2026-01-26	KHC
2026-01-26	LMT
2026-01-26	LOW
2026-01-26	MA
2026-01-26	MCD
2026-01-26	MMM
2026-01-26	MO
2026-01-26	MPC
2026-01-26	MRK
2026-01-26	MS
2026-01-26	NOC
2026-01-26	ORCL
2026-01-26	OXY
2026-01-26	PEP
2026-01-26	PG
2026-01-26	PM
2026-01-26	PNC
2026-01-26	PSX
2026-01-26	QCOM
2026-01-26	RBLX
2026-01-26	RF
2026-01-26	RTX
2026-01-26	SBUX
2026-01-26	SCHW
2026-01-26	SLB
2026-01-26	SNOW
2026-01-26	SPGI
2026-01-26	TFC
2026-01-26	TGT
2026-01-26	UPST
2026-01-26	USB
2026-01-26	V
2026-01-26	VLO
2026-01-26	WFC
2026-01-26	XOM
2026-01-27	ABBV
2026-01-27	ABNB
2026-01-27	AFRM
2026-01-27	ALLY
2026-01-27	AMGN
2026-01-27	AXP
2026-01-27	BLK
2026-01-27	BMY
2026-01-27	C
2026-01-27	CAT
2026-01-27	CL
2026-01-27	CME
2026-01-27	CMG
2026-01-27	COP
2026-01-27	CVS
2026-01-27	CVX
2026-01-27	DE
2026-01-27	DIS
2026-01-27	EOG
2026-01-27	ETN
2026-01-27	GILD
2026-01-27	GIS
2026-01-27	GS
2026-01-27	HAL
2026-01-27	HD
2026-01-27	HON
2026-01-27	ICE
2026-01-27	JNJ
2026-01-27	KEY
2026-01-27	KHC
2026-01-27	LMT
2026-01-27	LOW
2026-01-27	MA
2026-01-27	MCD
2026-01-27	MMM
2026-01-27	MO
2026-01-27	MPC
2026-01-27	MRK
2026-01-27	MS
2026-01-27	NOC
2026-01-27	ORCL
2026-01-27	OXY
2026-01-27	PEP
2026-01-27	PFE
2026-01-27	PG
2026-01-27	PM
2026-01-27	PNC
2026-01-27	PSX
2026-01-27	RBLX
2026-01-27	RF
2026-01-27	RTX
2026-01-27	SCHW
2026-01-27	SHOP
2026-01-27	SLB
2026-01-27	SNOW
2026-01-27	SPGI
2026-01-27	TFC
2026-01-27	TGT
2026-01-27	UPST
2026-01-27	USB
2026-01-27	V
2026-01-27	VLO
2026-01-27	WFC
2026-01-27	XOM
2026-01-28	ABBV
2026-01-28	ABNB
2026-01-28	ADBE
2026-01-28	AFRM
2026-01-28	ALLY
2026-01-28	AMGN
2026-01-28	AXP
2026-01-28	BLK
2026-01-28	BMY
2026-01-28	C
2026-01-28	CAT
2026-01-28	CL
2026-01-28	CME
2026-01-28	CMG
2026-01-28	COP
2026-01-28	CRM
2026-01-28	CSCO
2026-01-28	CVS
2026-01-28	CVX
2026-01-28	DE
2026-01-28	DIS
2026-01-28	EOG
2026-01-28	ETN
2026-01-28	GE
2026-01-28	GILD
2026-01-28	GIS
2026-01-28	GS
2026-01-28	HAL
2026-01-28	HD
2026-01-28	HON
2026-01-28	ICE
2026-01-28	JNJ
2026-01-28	KEY
2026-01-28	KHC
2026-01-28	KO
2026-01-28	LMT
2026-01-28	LOW
2026-01-28	MA
2026-01-28	MCD
2026-01-28	MMM
2026-01-28	MO
2026-01-28	MPC
2026-01-28	MRK
2026-01-28	MS
2026-01-28	NOC
2026-01-28	OXY
2026-01-28	PEP
2026-01-28	PG
2026-01-28	PM
2026-01-28	PNC
2026-01-28	PSX
2026-01-28	QCOM
2026-01-28	RBLX
2026-01-28	RF
2026-01-28	RTX
2026-01-28	SCHW
2026-01-28	SHOP
2026-01-28	SLB
2026-01-28	SNOW
2026-01-28	SPGI
2026-01-28	TFC
2026-01-28	TGT
2026-01-28	UPST
2026-01-28	USB
2026-01-28	V
2026-01-28	VLO
2026-01-28	WFC
2026-01-28	XOM
2026-01-29	ABBV
2026-01-29	ABNB
2026-01-29	AFRM
2026-01-29	ALLY
2026-01-29	AMGN
2026-01-29	AXP
2026-01-29	BLK
2026-01-29	BMY
2026-01-29	C
2026-01-29	CL
2026-01-29	CME
2026-01-29	CMG
2026-01-29	COP
2026-01-29	CSCO
2026-01-29	CVS
2026-01-29	CVX
2026-01-29	DE
2026-01-29	DIS
2026-01-29	EOG
2026-01-29	ETN
2026-01-29	GE
2026-01-29	GILD
2026-01-29	GIS
2026-01-29	GS
2026-01-29	HAL
2026-01-29	HD
2026-01-29	HON
2026-01-29	ICE
2026-01-29	JNJ
2026-01-29	KEY
2026-01-29	KHC
2026-01-29	LMT
2026-01-29	LOW
2026-01-29	MA
2026-01-29	MCD
2026-01-29	MMM
2026-01-29	MO
2026-01-29	MPC
2026-01-29	MRK
2026-01-29	MS
2026-01-29	NOC
2026-01-29	ORCL
2026-01-29	PEP
2026-01-29	PFE
2026-01-29	PG
2026-01-29	PM
2026-01-29	PNC
2026-01-29	PSX
2026-01-29	QCOM
2026-01-29	RBLX
2026-01-29	RF
2026-01-29	RTX
2026-01-29	SCHW
2026-01-29	SLB
2026-01-29	SPGI
2026-01-29	TFC
2026-01-29	TGT
2026-01-29	UPST
2026-01-29	USB
2026-01-29	VLO
2026-01-29	WFC
2026-01-29	XOM
2026-01-30	ABBV
2026-01-30	ABNB
2026-01-30	AFRM
2026-01-30	ALLY
2026-01-30	AMGN
2026-01-30	BLK
2026-01-30	BMY
2026-01-30	CL
2026-01-30	CME
2026-01-30	CMG
2026-01-30	COP
2026-01-30	CRM
2026-01-30	CSCO
2026-01-30	CVS
2026-01-30	DE
2026-01-30	DIS
2026-01-30	EOG
2026-01-30	ETN
2026-01-30	GILD
2026-01-30	GIS
2026-01-30	HAL
2026-01-30	HD
2026-01-30	HON
2026-01-30	ICE
2026-01-30	JNJ
2026-01-30	KEY
2026-01-30	KHC
2026-01-30	LMT
2026-01-30	LOW
2026-01-30	MA
2026-01-30	MCD
2026-01-30	MMM
2026-01-30	MO
2026-01-30	MPC
2026-01-30	MRK
2026-01-30	MS
2026-01-30	NOC
2026-01-30	ORCL
2026-01-30	PEP
2026-01-30	PFE
2026-01-30	PG
2026-01-30	PM
2026-01-30	PNC
2026-01-30	PSX
2026-01-30	RF
2026-01-30	RTX
2026-01-30	SCHW
2026-01-30	SLB
2026-01-30	SPGI
2026-01-30	TFC
2026-01-30	UPST
2026-01-30	USB
2026-01-30	V
2026-01-30	VLO
2026-01-30	WFC
2026-02-02	ABBV
2026-02-02	ABNB
2026-02-02	AFRM
2026-02-02	ALLY
2026-02-02	AMGN
2026-02-02	AXP
2026-02-02	BLK
2026-02-02	BMY
2026-02-02	C
2026-02-02	CL
2026-02-02	CME
2026-02-02	CMG
2026-02-02	COP
2026-02-02	CVS
2026-02-02	DE
2026-02-02	EOG
2026-02-02	ETN
2026-02-02	GE
2026-02-02	GILD
2026-02-02	GIS
2026-02-02	HAL
2026-02-02	HD
2026-02-02	HON
2026-02-02	ICE
2026-02-02	JNJ
2026-02-02	KEY
2026-02-02	KHC
2026-02-02	LMT
2026-02-02	LOW
2026-02-02	MA
2026-02-02	MCD
2026-02-02	MMM
2026-02-02	MO
2026-02-02	MPC
2026-02-02	MRK
2026-02-02	MS
2026-02-02	NOC
2026-02-02	ORCL
2026-02-02	OXY
2026-02-02	PG
2026-02-02	PM
2026-02-02	PNC
2026-02-02	PSX
2026-02-02	QCOM
2026-02-02	RBLX
2026-02-02	RF
2026-02-02	RTX
2026-02-02	SBUX
2026-02-02	SCHW
2026-02-02	SHOP
2026-02-02	SLB
2026-02-02	SNOW
2026-02-02	SPGI
2026-02-02	TFC
2026-02-02	UPST
2026-02-02	USB
2026-02-02	V
2026-02-02	VLO
2026-02-02	WFC
2026-02-02	XOM
2026-02-06	ABBV
2026-02-06	ABNB
2026-02-06	ALLY
2026-02-06	AMGN
2026-02-06	AXP
2026-02-06	C
2026-02-06	CL
2026-02-06	CME
2026-02-06	CVS
2026-02-06	CVX
2026-02-06	DE
2026-02-06	ETN
2026-02-06	GILD
2026-02-06	GIS
2026-02-06	HAL
2026-02-06	HD
2026-02-06	ICE
2026-02-06	JNJ
2026-02-06	KEY
2026-02-06	KHC
2026-02-06	MA
2026-02-06	MCD
2026-02-06	MMM
2026-02-06	MO
2026-02-06	MRK
2026-02-06	MS
2026-02-06	ORCL
2026-02-06	OXY
2026-02-06	PM
2026-02-06	PSX
2026-02-06	RBLX
2026-02-06	SCHW
2026-02-06	SLB
2026-02-06	TFC
2026-02-06	WFC
2026-02-06	XOM
2026-02-09	ABBV
2026-02-09	AMGN
2026-02-09	BLK
2026-02-09	CL
2026-02-09	CME
2026-02-09	CMG
2026-02-09	DE
2026-02-09	DIS
2026-02-09	ETN
2026-02-09	GE
2026-02-09	GILD
2026-02-09	HAL
2026-02-09	HD
2026-02-09	HON
2026-02-09	ICE
2026-02-09	KEY
2026-02-09	LMT
2026-02-09	LOW
2026-02-09	MA
2026-02-09	MCD
2026-02-09	MO
2026-02-09	MPC
2026-02-09	MRK
2026-02-09	NOC
2026-02-09	ORCL
2026-02-09	PG
2026-02-09	PM
2026-02-09	PSX
2026-02-09	RTX
2026-02-09	SLB
2026-02-09	SPGI
2026-02-09	VLO
2026-02-10	ABBV
2026-02-10	AMGN
2026-02-10	AXP
2026-02-10	BMY
2026-02-10	CL
2026-02-10	CME
2026-02-10	CVS
2026-02-10	CVX
2026-02-10	DE
2026-02-10	DIS
2026-02-10	EOG
2026-02-10	ETN
2026-02-10	GILD
2026-02-10	GIS
2026-02-10	HD
2026-02-10	KEY
2026-02-10	KHC
2026-02-10	KO
2026-02-10	LMT
2026-02-10	LOW
2026-02-10	MCD
2026-02-10	MMM
2026-02-10	MO
2026-02-10	MRK
2026-02-10	NOC
2026-02-10	OXY
2026-02-10	PEP
2026-02-10	PFE
2026-02-10	PM
2026-02-10	RTX
2026-02-10	SLB
2026-02-10	SPGI
2026-02-10	TFC
2026-02-11	ALLY
2026-02-11	AMGN
2026-02-11	AXP
2026-02-11	CL
2026-02-11	CME
2026-02-11	CMG
2026-02-11	COP
2026-02-11	DIS
2026-02-11	ETN
2026-02-11	GILD
2026-02-11	GIS
2026-02-11	HAL
2026-02-11	HD
2026-02-11	HON
2026-02-11	ICE
2026-02-11	JNJ
2026-02-11	KEY
2026-02-11	LOW
2026-02-11	MMM
2026-02-11	MO
2026-02-11	MRK
2026-02-11	NKE
2026-02-11	NOC
2026-02-11	PEP
2026-02-11	PG
2026-02-11	PM
2026-02-11	PNC
2026-02-11	RF
2026-02-11	RTX
2026-02-11	SBUX
2026-02-11	SPGI
2026-02-11	TFC
2026-02-11	USB
2026-02-11	WFC
2026-02-12	ABBV
2026-02-12	AMGN
2026-02-12	AXP
2026-02-12	BLK
2026-02-12	BMY
2026-02-12	CMG
2026-02-12	COP
2026-02-12	CVS
2026-02-12	DE
2026-02-12	DIS
2026-02-12	EOG
2026-02-12	ETN
2026-02-12	GE
2026-02-12	GIS
2026-02-12	HAL
2026-02-12	HON
2026-02-12	ICE
2026-02-12	JNJ
2026-02-12	KEY
2026-02-12	KHC
2026-02-12	LMT
2026-02-12	LOW
2026-02-12	MA
2026-02-12	MMM
2026-02-12	MO
2026-02-12	MPC
2026-02-12	MRK
2026-02-12	MS
2026-02-12	OXY
2026-02-12	PEP
2026-02-12	PG
2026-02-12	PM
2026-02-12	PSX
2026-02-12	RF
2026-02-12	SCHW
2026-02-12	SLB
2026-02-12	TFC
2026-02-12	UPST
2026-02-12	USB
2026-02-12	V
2026-02-12	XOM
2026-02-13	AFRM
2026-02-13	BLK
2026-02-13	C
2026-02-13	CL
2026-02-13	CVS
2026-02-13	CVX
2026-02-13	DE
2026-02-13	GILD
2026-02-13	GIS
2026-02-13	HAL
2026-02-13	HON
2026-02-13	ICE
2026-02-13	KEY
2026-02-13	LMT
2026-02-13	LOW
2026-02-13	MA
2026-02-13	MMM
2026-02-13	MO
2026-02-13	NOC
2026-02-13	ORCL
2026-02-13	OXY
2026-02-13	PEP
2026-02-13	PM
2026-02-13	RF
2026-02-13	SCHW
2026-02-13	SNOW
2026-02-13	SPGI
2026-02-13	TFC
2026-02-17	ABBV
2026-02-17	ABNB
2026-02-17	AXP
2026-02-17	BMY
2026-02-17	C
2026-02-17	CME
2026-02-17	CMG
2026-02-17	COP
2026-02-17	CVS
2026-02-17	CVX
2026-02-17	DIS
2026-02-17	EOG
2026-02-17	ETN
2026-02-17	GE
2026-02-17	GILD
2026-02-17	GIS
2026-02-17	HAL
2026-02-17	HD
2026-02-17	ICE
2026-02-17	JNJ
2026-02-17	KEY
2026-02-17	LMT
2026-02-17	LOW
2026-02-17	MA
2026-02-17	MCD
2026-02-17	MMM
2026-02-17	MO
2026-02-17	MRK
2026-02-17	ORCL
2026-02-17	OXY
2026-02-17	PEP
2026-02-17	PSX
2026-02-17	RTX
2026-02-17	SBUX
2026-02-17	SPGI
2026-02-17	UBER
2026-02-17	UPST
2026-02-17	V
2026-02-17	WFC
2026-02-18	ABBV
2026-02-18	ALLY
2026-02-18	AXP
2026-02-18	BLK
2026-02-18	BMY
2026-02-18	C
2026-02-18	CME
2026-02-18	CMG
2026-02-18	CSCO
2026-02-18	CVS
2026-02-18	DIS
2026-02-18	GE
2026-02-18	GIS
2026-02-18	HON
2026-02-18	ICE
2026-02-18	JNJ
2026-02-18	KEY
2026-02-18	KHC
2026-02-18	MA
2026-02-18	MPC
2026-02-18	MRK
2026-02-18	NOC
2026-02-18	ORCL
2026-02-18	PEP
2026-02-18	PG
2026-02-18	PM
2026-02-18	PNC
2026-02-18	QCOM
2026-02-18	RBLX
2026-02-18	RF
2026-02-18	RTX
2026-02-18	SLB
2026-02-18	SNOW
2026-02-18	SPGI
2026-02-18	TFC
2026-02-18	VLO
2026-02-19	ABBV
2026-02-19	ABNB
2026-02-19	AMGN
2026-02-19	BLK
2026-02-19	C
2026-02-19	CL
2026-02-19	CME
2026-02-19	COP
2026-02-19	CRM
2026-02-19	CVS
2026-02-19	DIS
2026-02-19	EOG
2026-02-19	ETN
2026-02-19	GE
2026-02-19	GIS
2026-02-19	HAL
2026-02-19	HD
2026-02-19	HON
2026-02-19	ICE
2026-02-19	KHC
2026-02-19	KO
2026-02-19	LMT
2026-02-19	LOW
2026-02-19	MCD
2026-02-19	MMM
2026-02-19	PNC
2026-02-19	PSX
2026-02-19	RBLX
2026-02-19	RF
2026-02-19	RTX
2026-02-19	SCHW
2026-02-19	SPGI
2026-02-19	TGT
2026-02-19	USB
2026-02-19	VLO
2026-02-19	WFC
2026-02-20	ABBV
2026-02-20	ABNB
2026-02-20	AFRM
2026-02-20	ALLY
2026-02-20	AMGN
2026-02-20	AXP
2026-02-20	BLK
2026-02-20	BMY
2026-02-20	C
2026-02-20	COP
2026-02-20	CSCO
2026-02-20	CVS
2026-02-20	DIS
2026-02-20	EOG
2026-02-20	ETN
2026-02-20	GILD
2026-02-20	HAL
2026-02-20	ICE
2026-02-20	JNJ
2026-02-20	KEY
2026-02-20	KHC
2026-02-20	KO
2026-02-20	LMT
2026-02-20	LOW
2026-02-20	MA
2026-02-20	MMM
2026-02-20	MO
2026-02-20	MPC
2026-02-20	MRK
2026-02-20	MS
2026-02-20	NOC
2026-02-20	ORCL
2026-02-20	PG
2026-02-20	PSX
2026-02-20	RBLX
2026-02-20	RF
2026-02-20	RTX
2026-02-20	SBUX
2026-02-20	SCHW
2026-02-20	SNOW
2026-02-20	TGT
2026-02-20	USB
2026-02-23	ABBV
2026-02-23	AFRM
2026-02-23	ALLY
2026-02-23	BLK
2026-02-23	BMY
2026-02-23	CAT
2026-02-23	CL
2026-02-23	COP
2026-02-23	CVS
2026-02-23	DE
2026-02-23	DIS
2026-02-23	EOG
2026-02-23	ETN
2026-02-23	GIS
2026-02-23	HAL
2026-02-23	ICE
2026-02-23	JNJ
2026-02-23	KEY
2026-02-23	KHC
2026-02-23	LMT
2026-02-23	LOW
2026-02-23	MMM
2026-02-23	MS
2026-02-23	ORCL
2026-02-23	PEP
2026-02-23	PG
2026-02-23	PNC
2026-02-23	PSX
2026-02-23	QCOM
2026-02-23	RF
2026-02-23	RTX
2026-02-23	SCHW
2026-02-23	SLB
2026-02-23	SPGI
2026-02-23	TFC
2026-02-23	TGT
2026-02-23	USB
2026-02-23	WFC
2026-02-23	XOM
2026-02-24	ABNB
2026-02-24	AFRM
2026-02-24	AXP
2026-02-24	BLK
2026-02-24	BMY
2026-02-24	C
2026-02-24	CAT
2026-02-24	CL
2026-02-24	CME
2026-02-24	COP
2026-02-24	DE
2026-02-24	GE
2026-02-24	GILD
2026-02-24	GIS
2026-02-24	ICE
2026-02-24	JNJ
2026-02-24	KEY
2026-02-24	KHC
2026-02-24	LMT
2026-02-24	MA
2026-02-24	MMM
2026-02-24	MPC
2026-02-24	MRK
2026-02-24	NOC
2026-02-24	OXY
2026-02-24	PFE
2026-02-24	PM
2026-02-24	PNC
2026-02-24	QCOM
2026-02-24	RF
2026-02-24	RTX
2026-02-24	SBUX
2026-02-24	SHOP
2026-02-24	SPGI
2026-02-24	TFC
2026-02-24	UBER
2026-02-24	USB
2026-02-24	VLO
2026-02-25	ABBV
2026-02-25	ABNB
2026-02-25	ALLY
2026-02-25	AXP
2026-02-25	BMY
2026-02-25	CL
2026-02-25	CSCO
2026-02-25	CVS
2026-02-25	DE
2026-02-25	EOG
2026-02-25	ETN
2026-02-25	GIS
2026-02-25	HON
2026-02-25	ICE
2026-02-25	KEY
2026-02-25	KHC
2026-02-25	MCD
2026-02-25	MMM
2026-02-25	MPC
2026-02-25	MS
2026-02-25	NOC
2026-02-25	OXY
2026-02-25	PEP
2026-02-25	PFE
2026-02-25	PG
2026-02-25	PM
2026-02-25	PNC
2026-02-25	PSX
2026-02-25	RBLX
2026-02-25	RF
2026-02-25	RTX
2026-02-25	SBUX
2026-02-25	SCHW
2026-02-25	SPGI
2026-02-25	TFC
2026-02-25	TGT
2026-02-25	UBER
2026-02-25	UPST
2026-02-25	USB
2026-02-26	ABBV
2026-02-26	ABNB
2026-02-26	AFRM
2026-02-26	AMGN
2026-02-26	AXP
2026-02-26	BLK
2026-02-26	BMY
2026-02-26	CAT
2026-02-26	COP
2026-02-26	CSCO
2026-02-26	DIS
2026-02-26	EOG
2026-02-26	ETN
2026-02-26	GE
2026-02-26	GILD
2026-02-26	HAL
2026-02-26	HON
2026-02-26	ICE
2026-02-26	JNJ
2026-02-26	KEY
2026-02-26	KHC
2026-02-26	KO
2026-02-26	LMT
2026-02-26	MCD
2026-02-26	NOC
2026-02-26	ORCL
2026-02-26	OXY
2026-02-26	PFE
2026-02-26	PG
2026-02-26	PNC
2026-02-26	RF
2026-02-26	RTX
2026-02-26	SBUX
2026-02-26	SCHW
2026-02-26	SHOP
2026-02-26	SPGI
2026-02-26	TFC
2026-02-26	TGT
2026-02-26	UPST
2026-02-26	USB
2026-02-27	ABNB
2026-02-27	AFRM
2026-02-27	AMGN
2026-02-27	AXP
2026-02-27	BLK
2026-02-27	C
2026-02-27	CME
2026-02-27	CMG
2026-02-27	CVS
2026-02-27	EOG
2026-02-27	ETN
2026-02-27	GE
2026-02-27	GIS
2026-02-27	HAL
2026-02-27	HON
2026-02-27	JNJ
2026-02-27	KEY
2026-02-27	LMT
2026-02-27	MA
2026-02-27	MPC
2026-02-27	MS
2026-02-27	NOC
2026-02-27	ORCL
2026-02-27	PEP
2026-02-27	PNC
2026-02-27	PSX
2026-02-27	RBLX
2026-02-27	SCHW
2026-02-27	TFC
2026-02-27	UBER
2026-02-27	VLO
2026-02-27	WFC
2026-03-02	ABBV
2026-03-02	ALLY
2026-03-02	AXP
2026-03-02	BA
2026-03-02	BLK
2026-03-02	BMY
2026-03-02	C
2026-03-02	CAT
2026-03-02	CL
2026-03-02	CME
2026-03-02	COP
2026-03-02	CSCO
2026-03-02	ETN
2026-03-02	GE
2026-03-02	GILD
2026-03-02	GIS
2026-03-02	HON
2026-03-02	ICE
2026-03-02	JNJ
2026-03-02	KEY
2026-03-02	KHC
2026-03-02	LOW
2026-03-02	MA
2026-03-02	MMM
2026-03-02	MO
2026-03-02	MPC
2026-03-02	NOC
2026-03-02	PNC
2026-03-02	QCOM
2026-03-02	RF
2026-03-02	SBUX
2026-03-02	SCHW
2026-03-02	SLB
2026-03-02	TFC
2026-03-02	V
2026-03-02	VLO
2026-03-03	ABBV
2026-03-03	AFRM
2026-03-03	AMGN
2026-03-03	AXP
2026-03-03	BLK
2026-03-03	C
2026-03-03	CL
2026-03-03	CME
2026-03-03	CMG
2026-03-03	CVS
2026-03-03	DE
2026-03-03	ETN
2026-03-03	GE
2026-03-03	GILD
2026-03-03	GIS
2026-03-03	HAL
2026-03-03	HON
2026-03-03	ICE
2026-03-03	KEY
2026-03-03	KO
2026-03-03	LMT
2026-03-03	MA
2026-03-03	MCD
2026-03-03	MMM
2026-03-03	MPC
2026-03-03	MS
2026-03-03	ORCL
2026-03-03	OXY
2026-03-03	PFE
2026-03-03	PNC
2026-03-03	PSX
2026-03-03	QCOM
2026-03-03	RBLX
2026-03-03	RTX
2026-03-03	SBUX
2026-03-03	SHOP
2026-03-03	SNOW
2026-03-03	TFC
2026-03-03	UNH
2026-03-03	USB
2026-03-03	VLO
2026-03-04	ALLY
2026-03-04	AXP
2026-03-04	BLK
2026-03-04	CAT
2026-03-04	CME
2026-03-04	CMG
2026-03-04	COP
2026-03-04	COST
2026-03-04	DE
2026-03-04	DIS
2026-03-04	EOG
2026-03-04	ETN
2026-03-04	GIS
2026-03-04	HAL
2026-03-04	HON
2026-03-04	ICE
2026-03-04	KEY
2026-03-04	KHC
2026-03-04	KO
2026-03-04	LMT
2026-03-04	MMM
2026-03-04	MO
2026-03-04	MPC
2026-03-04	MRK
2026-03-04	MS
2026-03-04	NOC
2026-03-04	PEP
2026-03-04	PG
2026-03-04	PM
2026-03-04	RBLX
2026-03-04	RF
2026-03-04	SLB
2026-03-04	SNOW
2026-03-04	WFC
