2026-02-03	ABBV
2026-02-03	ABNB
2026-02-03	ADBE
2026-02-03	AFRM
2026-02-03	AMD
2026-02-03	AMGN
2026-02-03	AMZN
2026-02-03	AVGO
2026-02-03	BA
2026-02-03	BAC
2026-02-03	BLK
2026-02-03	BMY
2026-02-03	C
2026-02-03	CME
2026-02-03	COIN
2026-02-03	COP
2026-02-03	COST
2026-02-03	CRM
2026-02-03	CSCO
2026-02-03	CVS
2026-02-03	CVX
2026-02-03	EOG
2026-02-03	ETN
2026-02-03	GILD
2026-02-03	GIS
2026-02-03	GOOGL
2026-02-03	GS
2026-02-03	HAL
2026-02-03	HD
2026-02-03	HON
2026-02-03	HOOD
2026-02-03	ICE
2026-02-03	INTC
2026-02-03	JNJ
2026-02-03	JPM
2026-02-03	KEY
2026-02-03	KHC
2026-02-03	LLY
2026-02-03	LMT
2026-02-03	MDLZ
2026-02-03	MMM
2026-02-03	MO
2026-02-03	MPC
2026-02-03	MRK
2026-02-03	MSFT
2026-02-03	NFLX
2026-02-03	NOC
2026-02-03	NOW
2026-02-03	NVDA
2026-02-03	ORCL
2026-02-03	OXY
2026-02-03	PG
2026-02-03	PLTR
2026-02-03	PYPL
2026-02-03	QCOM
2026-02-03	RF
2026-02-03	RTX
2026-02-03	SBUX
2026-02-03	SLB
2026-02-03	SNOW
2026-02-03	SOFI
2026-02-03	SPGI
2026-02-03	TFC
2026-02-03	TGT
2026-02-03	TSLA
2026-02-03	UNH
2026-02-03	UPST
2026-02-03	USB
2026-02-03	WFC
2026-02-04	ABBV
2026-02-04	ABNB
2026-02-04	ADBE
2026-02-04	ALLY
2026-02-04	AMD
2026-02-04	AMGN
2026-02-04	BAC
2026-02-04	BLK
2026-02-04	BMY
2026-02-04	C
2026-02-04	CAT
2026-02-04	CL
2026-02-04	CME
2026-02-04	CMG
2026-02-04	COST
2026-02-04	CRM
2026-02-04	CSCO
2026-02-04	DE
2026-02-04	DIS
2026-02-04	EOG
2026-02-04	GE
2026-02-04	GOOGL
2026-02-04	GS
2026-02-04	HAL
2026-02-04	HD
2026-02-04	HON
2026-02-04	ICE
2026-02-04	JPM
2026-02-04	KEY
2026-02-04	KHC
2026-02-04	KO
2026-02-04	LOW
2026-02-04	MA
2026-02-04	MDLZ
2026-02-04	META
2026-02-04	MMM
2026-02-04	MPC
2026-02-04	MRK
2026-02-04	MSFT
2026-02-04	NFLX
2026-02-04	NKE
2026-02-04	NOW
2026-02-04	NVDA
2026-02-04	ORCL
2026-02-04	OXY
2026-02-04	PG
2026-02-04	PLTR
2026-02-04	PM
2026-02-04	PNC
2026-02-04	PSX
2026-02-04	RBLX
2026-02-04	RF
2026-02-04	RTX
2026-02-04	SBUX
2026-02-04	SHOP
2026-02-04	SLB
2026-02-04	SPGI
2026-02-04	TFC
2026-02-04	TGT
2026-02-04	UNH
2026-02-04	UPST
2026-02-04	VLO
2026-02-04	WFC
2026-02-04	WMT
2026-02-04	XOM
2026-02-05	ABBV
2026-02-05	ADBE
2026-02-05	AFRM
2026-02-05	ALLY
2026-02-05	AMD
2026-02-05	AMGN
2026-02-05	AMZN
2026-02-05	AVGO
2026-02-05	AXP
2026-02-05	BAC
2026-02-05	BLK
2026-02-05	C
2026-02-05	CAT
2026-02-05	CL
2026-02-05	CME
2026-02-05	CMG
2026-02-05	COST
2026-02-05	CRM
2026-02-05	CSCO
2026-02-05	CVS
2026-02-05	DE
2026-02-05	EOG
2026-02-05	GE
2026-02-05	GILD
2026-02-05	GOOGL
2026-02-05	GS
2026-02-05	HD
2026-02-05	HOOD
2026-02-05	ICE
2026-02-05	INTC
2026-02-05	JNJ
2026-02-05	JPM
2026-02-05	KHC
2026-02-05	KO
2026-02-05	LMT
2026-02-05	LOW
2026-02-05	MA
2026-02-05	MCD
2026-02-05	MDLZ
2026-02-05	META
2026-02-05	MMM
2026-02-05	MO
2026-02-05	MPC
2026-02-05	MRK
2026-02-05	NFLX
2026-02-05	NVDA
2026-02-05	OXY
2026-02-05	PEP
2026-02-05	PFE
2026-02-05	PG
2026-02-05	PLTR
2026-02-05	PM
2026-02-05	PYPL
2026-02-05	QCOM
2026-02-05	RBLX
2026-02-05	RF
2026-02-05	RTX
2026-02-05	SBUX
2026-02-05	SCHW
2026-02-05	SLB
2026-02-05	SNOW
2026-02-05	SOFI
2026-02-05	TFC
2026-02-05	UBER
2026-02-05	UPST
2026-02-05	USB
2026-02-05	VLO
2026-02-05	WFC
2026-02-05	WMT
2026-02-06	ABBV
2026-02-06	ADBE
2026-02-06	AMGN
2026-02-06	ANET
2026-02-06	BA
2026-02-06	BAC
2026-02-06	BMY
2026-02-06	C
2026-02-06	CAT
2026-02-06	CL
2026-02-06	CME
2026-02-06	COST
2026-02-06	CRM
2026-02-06	CSCO
2026-02-06	CVS
2026-02-06	CVX
2026-02-06	ETN
2026-02-06	GILD
2026-02-06	GIS
2026-02-06	GOOGL
2026-02-06	GS
2026-02-06	HAL
2026-02-06	HON
2026-02-06	ICE
2026-02-06	INTC
2026-02-06	JNJ
2026-02-06	KEY
2026-02-06	KHC
2026-02-06	KO
2026-02-06	MA
2026-02-06	MCD
2026-02-06	MDLZ
2026-02-06	MMM
2026-02-06	MO
2026-02-06	MRK
2026-02-06	MU
2026-02-06	NKE
2026-02-06	ORCL
2026-02-06	OXY
2026-02-06	PM
2026-02-06	PYPL
2026-02-06	RBLX
2026-02-06	SCHW
2026-02-06	SLB
2026-02-06	SOFI
2026-02-06	TFC
2026-02-06	UPST
2026-02-06	V
2026-02-06	WFC
2026-02-06	WMT
2026-02-09	ABBV
2026-02-09	ADBE
2026-02-09	AMD
2026-02-09	AMZN
2026-02-09	ANET
2026-02-09	BA
2026-02-09	BAC
2026-02-09	BLK
2026-02-09	BMY
2026-02-09	CAT
2026-02-09	CL
2026-02-09	CME
2026-02-09	COST
2026-02-09	CRM
2026-02-09	CSCO
2026-02-09	CVS
2026-02-09	DE
2026-02-09	DIS
2026-02-09	EOG
2026-02-09	ETN
2026-02-09	GE
2026-02-09	GILD
2026-02-09	GIS
2026-02-09	GS
2026-02-09	HAL
2026-02-09	HOOD
2026-02-09	ICE
2026-02-09	INTC
2026-02-09	KEY
2026-02-09	KO
2026-02-09	LLY
2026-02-09	LMT
2026-02-09	LOW
2026-02-09	MA
2026-02-09	MDLZ
2026-02-09	META
2026-02-09	MO
2026-02-09	MRK
2026-02-09	MS
2026-02-09	MU
2026-02-09	NFLX
2026-02-09	NOC
2026-02-09	NOW
2026-02-09	ORCL
2026-02-09	PEP
2026-02-09	PFE
2026-02-09	PG
2026-02-09	PM
2026-02-09	PSX
2026-02-09	PYPL
2026-02-09	RBLX
2026-02-09	RTX
2026-02-09	SHOP
2026-02-09	SLB
2026-02-09	SNOW
2026-02-09	SOFI
2026-02-09	SPGI
2026-02-09	TGT
2026-02-09	VLO
2026-02-09	WMT
2026-02-09	XOM
2026-02-10	AAPL
2026-02-10	ADBE
2026-02-10	AFRM
2026-02-10	AMD
2026-02-10	AMGN
2026-02-10	ANET
2026-02-10	AVGO
2026-02-10	AXP
2026-02-10	BMY
2026-02-10	CAT
2026-02-10	CL
2026-02-10	CME
2026-02-10	CMG
2026-02-10	COST
2026-02-10	CRM
2026-02-10	CSCO
2026-02-10	CVS
2026-02-10	CVX
2026-02-10	DE
2026-02-10	DIS
2026-02-10	EOG
2026-02-10	ETN
2026-02-10	GILD
2026-02-10	GIS
2026-02-10	GOOGL
2026-02-10	HD
2026-02-10	HOOD
2026-02-10	JNJ
2026-02-10	JPM
2026-02-10	KEY
2026-02-10	KO
2026-02-10	LLY
2026-02-10	LOW
2026-02-10	MDLZ
2026-02-10	MMM
2026-02-10	MRK
2026-02-10	MSFT
2026-02-10	MU
2026-02-10	NFLX
2026-02-10	NOC
2026-02-10	NOW
2026-02-10	NVDA
2026-02-10	ORCL
2026-02-10	OXY
2026-02-10	PEP
2026-02-10	PFE
2026-02-10	PLTR
2026-02-10	PM
2026-02-10	PNC
2026-02-10	RTX
2026-02-10	SHOP
2026-02-10	SLB
2026-02-10	SPGI
2026-02-10	TFC
2026-02-10	TGT
2026-02-10	TSLA
2026-02-11	AFRM
2026-02-11	AMGN
2026-02-11	AMZN
2026-02-11	ANET
2026-02-11	AVGO
2026-02-11	AXP
2026-02-11	BA
2026-02-11	C
2026-02-11	CAT
2026-02-11	CL
2026-02-11	CME
2026-02-11	CMG
2026-02-11	COIN
2026-02-11	COP
2026-02-11	CRM
2026-02-11	CSCO
2026-02-11	CVX
2026-02-11	DIS
2026-02-11	ETN
2026-02-11	GILD
2026-02-11	GIS
2026-02-11	GOOGL
2026-02-11	GS
2026-02-11	HAL
2026-02-11	HD
2026-02-11	HON
2026-02-11	ICE
2026-02-11	JNJ
2026-02-11	JPM
2026-02-11	KEY
2026-02-11	KO
2026-02-11	LMT
2026-02-11	MMM
2026-02-11	MO
2026-02-11	MRK
2026-02-11	MS
2026-02-11	MSFT
2026-02-11	MU
2026-02-11	NFLX
2026-02-11	NOC
2026-02-11	NOW
2026-02-11	NVDA
2026-02-11	ORCL
2026-02-11	PEP
2026-02-11	PG
2026-02-11	PM
2026-02-11	PYPL
2026-02-11	RBLX
2026-02-11	SBUX
2026-02-11	SCHW
2026-02-11	SHOP
2026-02-11	SOFI
2026-02-11	SPGI
2026-02-11	TGT
2026-02-11	TSLA
2026-02-11	UNH
2026-02-11	UPST
2026-02-11	USB
2026-02-11	V
2026-02-11	WFC
2026-02-12	ABBV
2026-02-12	AFRM
2026-02-12	AMD
2026-02-12	AMGN
2026-02-12	AMZN
2026-02-12	ANET
2026-02-12	AVGO
2026-02-12	AXP
2026-02-12	BA
2026-02-12	BAC
2026-02-12	BLK
2026-02-12	BMY
2026-02-12	CMG
2026-02-12	COIN
2026-02-12	COP
2026-02-12	CRM
2026-02-12	CSCO
2026-02-12	CVS
2026-02-12	CVX
2026-02-12	DE
2026-02-12	DIS
2026-02-12	ETN
2026-02-12	GE
2026-02-12	GIS
2026-02-12	GOOGL
2026-02-12	GS
2026-02-12	HAL
2026-02-12	HD
2026-02-12	HON
2026-02-12	ICE
2026-02-12	INTC
2026-02-12	JNJ
2026-02-12	KEY
2026-02-12	KHC
2026-02-12	KO
2026-02-12	LLY
2026-02-12	LMT
2026-02-12	LOW
2026-02-12	MA
2026-02-12	MDLZ
2026-02-12	MMM
2026-02-12	MRK
2026-02-12	MS
2026-02-12	MU
2026-02-12	NFLX
2026-02-12	NKE
2026-02-12	NOW
2026-02-12	NVDA
2026-02-12	OXY
2026-02-12	PEP
2026-02-12	PG
2026-02-12	PLTR
2026-02-12	PM
2026-02-12	PSX
2026-02-12	PYPL
2026-02-12	RF
2026-02-12	SHOP
2026-02-12	SLB
2026-02-12	SOFI
2026-02-12	TFC
2026-02-12	TSLA
2026-02-12	UBER
2026-02-12	UNH
2026-02-12	UPST
2026-02-12	V
2026-02-12	WFC
2026-02-12	WMT
2026-02-13	AAPL
2026-02-13	ABBV
2026-02-13	ADBE
2026-02-13	AMD
2026-02-13	ANET
2026-02-13	AVGO
2026-02-13	AXP
2026-02-13	BAC
2026-02-13	BLK
2026-02-13	BMY
2026-02-13	C
2026-02-13	CAT
2026-02-13	CL
2026-02-13	COIN
2026-02-13	COST
2026-02-13	CRM
2026-02-13	CSCO
2026-02-13	CVS
2026-02-13	CVX
2026-02-13	DE
2026-02-13	DIS
2026-02-13	GE
2026-02-13	GILD
2026-02-13	GOOGL
2026-02-13	GS
2026-02-13	HAL
2026-02-13	HD
2026-02-13	HOOD
2026-02-13	ICE
2026-02-13	INTC
2026-02-13	JNJ
2026-02-13	KEY
2026-02-13	MA
2026-02-13	MDLZ
2026-02-13	META
2026-02-13	MMM
2026-02-13	MO
2026-02-13	MPC
2026-02-13	MSFT
2026-02-13	MU
2026-02-13	NFLX
2026-02-13	ORCL
2026-02-13	OXY
2026-02-13	PEP
2026-02-13	PFE
2026-02-13	PLTR
2026-02-13	PM
2026-02-13	QCOM
2026-02-13	QQQ
2026-02-13	RBLX
2026-02-13	RF
2026-02-13	SCHW
2026-02-13	SLB
2026-02-13	SNOW
2026-02-13	SOFI
2026-02-13	SPGI
2026-02-13	TFC
2026-02-13	TGT
2026-02-13	UBER
2026-02-13	VLO
2026-02-17	AAPL
2026-02-17	ABBV
2026-02-17	ABNB
2026-02-17	ADBE
2026-02-17	ANET
2026-02-17	AXP
2026-02-17	BA
2026-02-17	BAC
2026-02-17	C
2026-02-17	CAT
2026-02-17	CME
2026-02-17	CMG
2026-02-17	COP
2026-02-17	COST
2026-02-17	CVS
2026-02-17	CVX
2026-02-17	DIS
2026-02-17	EOG
2026-02-17	ETN
2026-02-17	GE
2026-02-17	GILD
2026-02-17	GIS
2026-02-17	GOOGL
2026-02-17	GS
2026-02-17	HAL
2026-02-17	HD
2026-02-17	HOOD
2026-02-17	ICE
2026-02-17	INTC
2026-02-17	JNJ
2026-02-17	JPM
2026-02-17	KEY
2026-02-17	KO
2026-02-17	LLY
2026-02-17	LMT
2026-02-17	LOW
2026-02-17	MCD
2026-02-17	MO
2026-02-17	MRK
2026-02-17	MSFT
2026-02-17	MU
2026-02-17	NKE
2026-02-17	NOW
2026-02-17	NVDA
2026-02-17	ORCL
2026-02-17	OXY
2026-02-17	PEP
2026-02-17	PFE
2026-02-17	PLTR
2026-02-17	PSX
2026-02-17	PYPL
2026-02-17	QCOM
2026-02-17	RTX
2026-02-17	SBUX
2026-02-17	SNOW
2026-02-17	SOFI
2026-02-17	SPGI
2026-02-17	TGT
2026-02-17	UBER
2026-02-17	UNH
2026-02-17	UPST
2026-02-17	V
2026-02-17	WFC
2026-02-17	WMT
2026-02-18	ABBV
2026-02-18	AMD
2026-02-18	AMGN
2026-02-18	AMZN
2026-02-18	ANET
2026-02-18	BA
2026-02-18	BAC
2026-02-18	BMY
2026-02-18	C
2026-02-18	CAT
2026-02-18	CME
2026-02-18	CMG
2026-02-18	COST
2026-02-18	CRM
2026-02-18	CSCO
2026-02-18	CVS
2026-02-18	CVX
2026-02-18	DIS
2026-02-18	EOG
2026-02-18	GE
2026-02-18	GILD
2026-02-18	GIS
2026-02-18	GOOGL
2026-02-18	GS
2026-02-18	HAL
2026-02-18	HD
2026-02-18	HON
2026-02-18	HOOD
2026-02-18	INTC
2026-02-18	JNJ
2026-02-18	JPM
2026-02-18	KEY
2026-02-18	KHC
2026-02-18	LMT
2026-02-18	MA
2026-02-18	MDLZ
2026-02-18	META
2026-02-18	MPC
2026-02-18	MRK
2026-02-18	MS
2026-02-18	MSFT
2026-02-18	MU
2026-02-18	NKE
2026-02-18	NOC
2026-02-18	ORCL
2026-02-18	OXY
2026-02-18	PEP
2026-02-18	PG
2026-02-18	PM
2026-02-18	PNC
2026-02-18	PYPL
2026-02-18	QCOM
2026-02-18	RBLX
2026-02-18	RTX
2026-02-18	SHOP
2026-02-18	SNOW
2026-02-18	SPGI
2026-02-18	TSLA
2026-02-18	UBER
2026-02-18	UNH
2026-02-18	VLO
2026-02-18	WMT
2026-02-18	XOM
2026-02-19	AAPL
2026-02-19	ABBV
2026-02-19	ADBE
2026-02-19	AMGN
2026-02-19	ANET
2026-02-19	AVGO
2026-02-19	BA
2026-02-19	BLK
2026-02-19	C
2026-02-19	CL
2026-02-19	CME
2026-02-19	COIN
2026-02-19	COP
2026-02-19	COST
2026-02-19	CRM
2026-02-19	CVX
2026-02-19	DE
2026-02-19	DIS
2026-02-19	EOG
2026-02-19	ETN
2026-02-19	GE
2026-02-19	GILD
2026-02-19	GIS
2026-02-19	GOOGL
2026-02-19	GS
2026-02-19	HAL
2026-02-19	HON
2026-02-19	ICE
2026-02-19	INTC
2026-02-19	JNJ
2026-02-19	LLY
2026-02-19	MDLZ
2026-02-19	META
2026-02-19	MU
2026-02-19	NKE
2026-02-19	NOW
2026-02-19	NVDA
2026-02-19	ORCL
2026-02-19	PEP
2026-02-19	PLTR
2026-02-19	PNC
2026-02-19	PSX
2026-02-19	RBLX
2026-02-19	RF
2026-02-19	RTX
2026-02-19	SBUX
2026-02-19	SCHW
2026-02-19	SNOW
2026-02-19	TGT
2026-02-19	TSLA
2026-02-19	UBER
2026-02-19	UNH
2026-02-19	USB
2026-02-19	V
2026-02-19	VLO
2026-02-19	WFC
2026-02-20	ABBV
2026-02-20	ABNB
2026-02-20	ADBE
2026-02-20	AMD
2026-02-20	AMGN
2026-02-20	AMZN
2026-02-20	ANET
2026-02-20	AVGO
2026-02-20	BA
2026-02-20	BLK
2026-02-20	BMY
2026-02-20	C
2026-02-20	CAT
2026-02-20	CME
2026-02-20	COIN
2026-02-20	COP
2026-02-20	CRM
2026-02-20	CSCO
2026-02-20	DIS
2026-02-20	EOG
2026-02-20	ETN
2026-02-20	GE
2026-02-20	GILD
2026-02-20	GOOGL
2026-02-20	GS
2026-02-20	HOOD
2026-02-20	ICE
2026-02-20	JNJ
2026-02-20	JPM
2026-02-20	KEY
2026-02-20	KHC
2026-02-20	KO
2026-02-20	LLY
2026-02-20	LMT
2026-02-20	LOW
2026-02-20	MA
2026-02-20	MDLZ
2026-02-20	MMM
2026-02-20	MO
2026-02-20	MPC
2026-02-20	MRK
2026-02-20	MS
2026-02-20	MU
2026-02-20	NOW
2026-02-20	NVDA
2026-02-20	PEP
2026-02-20	PG
2026-02-20	PLTR
2026-02-20	PSX
2026-02-20	PYPL
2026-02-20	QCOM
2026-02-20	RF
2026-02-20	RTX
2026-02-20	SBUX
2026-02-20	SCHW
2026-02-20	SNOW
2026-02-20	SOFI
2026-02-20	TGT
2026-02-20	UBER
2026-02-20	UNH
2026-02-20	USB
2026-02-20	V
2026-02-23	AAPL
2026-02-23	ADBE
2026-02-23	ALLY
2026-02-23	AMD
2026-02-23	AMZN
2026-02-23	ANET
2026-02-23	AVGO
2026-02-23	BAC
2026-02-23	BLK
2026-02-23	BMY
2026-02-23	CAT
2026-02-23	CL
2026-02-23	COIN
2026-02-23	COP
2026-02-23	COST
2026-02-23	CSCO
2026-02-23	CVS
2026-02-23	DE
2026-02-23	DIS
2026-02-23	EOG
2026-02-23	ETN
2026-02-23	GIS
2026-02-23	GS
2026-02-23	HAL
2026-02-23	HOOD
2026-02-23	ICE
2026-02-23	INTC
2026-02-23	JNJ
2026-02-23	KEY
2026-02-23	KHC
2026-02-23	KO
2026-02-23	LLY
2026-02-23	LMT
2026-02-23	MDLZ
2026-02-23	META
2026-02-23	MMM
2026-02-23	MRK
2026-02-23	MS
2026-02-23	MU
2026-02-23	NFLX
2026-02-23	ORCL
2026-02-23	PEP
2026-02-23	PFE
2026-02-23	PG
2026-02-23	PNC
2026-02-23	PSX
2026-02-23	QCOM
2026-02-23	RF
2026-02-23	RTX
2026-02-23	SCHW
2026-02-23	SHOP
2026-02-23	SNOW
2026-02-23	TFC
2026-02-23	TGT
2026-02-23	TSLA
2026-02-23	USB
2026-02-23	WFC
2026-02-23	WMT
2026-02-23	XOM
2026-02-24	ABNB
2026-02-24	ADBE
2026-02-24	ALLY
2026-02-24	AMD
2026-02-24	AMZN
2026-02-24	ANET
2026-02-24	AVGO
2026-02-24	AXP
2026-02-24	BA
2026-02-24	BAC
2026-02-24	BLK
2026-02-24	BMY
2026-02-24	C
2026-02-24	CAT
2026-02-24	CL
2026-02-24	CME
2026-02-24	COIN
2026-02-24	COP
2026-02-24	COST
2026-02-24	CRM
2026-02-24	CSCO
2026-02-24	DE
2026-02-24	GE
2026-02-24	GILD
2026-02-24	GIS
2026-02-24	GOOGL
2026-02-24	HD
2026-02-24	HOOD
2026-02-24	ICE
2026-02-24	INTC
2026-02-24	JNJ
2026-02-24	KEY
2026-02-24	KHC
2026-02-24	LMT
2026-02-24	MA
2026-02-24	MCD
2026-02-24	MDLZ
2026-02-24	META
2026-02-24	MPC
2026-02-24	MRK
2026-02-24	MU
2026-02-24	NFLX
2026-02-24	NKE
2026-02-24	NOW
2026-02-24	OXY
2026-02-24	PFE
2026-02-24	PM
2026-02-24	PNC
2026-02-24	PYPL
2026-02-24	QCOM
2026-02-24	RF
2026-02-24	RTX
2026-02-24	SBUX
2026-02-24	SCHW
2026-02-24	SHOP
2026-02-24	SNOW
2026-02-24	SOFI
2026-02-24	SPGI
2026-02-24	TFC
2026-02-24	TGT
2026-02-24	VLO
2026-02-25	AAPL
2026-02-25	ABNB
2026-02-25	ADBE
2026-02-25	ALLY
2026-02-25	AMD
2026-02-25	AMZN
2026-02-25	ANET
2026-02-25	AVGO
2026-02-25	AXP
2026-02-25	BA
2026-02-25	BAC
2026-02-25	BMY
2026-02-25	C
2026-02-25	CL
2026-02-25	COIN
2026-02-25	CSCO
2026-02-25	CVS
2026-02-25	DE
2026-02-25	EOG
2026-02-25	ETN
2026-02-25	GIS
2026-02-25	GOOGL
2026-02-25	GS
2026-02-25	HD
2026-02-25	HON
2026-02-25	HOOD
2026-02-25	JPM
2026-02-25	KHC
2026-02-25	LLY
2026-02-25	MCD
2026-02-25	MDLZ
2026-02-25	META
2026-02-25	MMM
2026-02-25	MPC
2026-02-25	MS
2026-02-25	MU
2026-02-25	NFLX
2026-02-25	NKE
2026-02-25	NOC
2026-02-25	NOW
2026-02-25	PEP
2026-02-25	PG
2026-02-25	PNC
2026-02-25	PSX
2026-02-25	PYPL
2026-02-25	RBLX
2026-02-25	RF
2026-02-25	SBUX
2026-02-25	SCHW
2026-02-25	SOFI
2026-02-25	SPGI
2026-02-25	TFC
2026-02-25	TGT
2026-02-25	UBER
2026-02-25	USB
2026-02-25	WMT
2026-02-25	XOM
2026-02-26	AAPL
2026-02-26	ABBV
2026-02-26	ABNB
2026-02-26	ADBE
2026-02-26	AFRM
2026-02-26	ALLY
2026-02-26	AMGN
2026-02-26	AMZN
2026-02-26	ANET
2026-02-26	AXP
2026-02-26	BA
2026-02-26	BAC
2026-02-26	BLK
2026-02-26	BMY
2026-02-26	CAT
2026-02-26	CL
2026-02-26	COIN
2026-02-26	COP
2026-02-26	CSCO
2026-02-26	CVX
2026-02-26	DIS
2026-02-26	EOG
2026-02-26	ETN
2026-02-26	GE
2026-02-26	GILD
2026-02-26	GIS
2026-02-26	GOOGL
2026-02-26	GS
2026-02-26	HAL
2026-02-26	HON
2026-02-26	ICE
2026-02-26	INTC
2026-02-26	JNJ
2026-02-26	JPM
2026-02-26	KEY
2026-02-26	KHC
2026-02-26	KO
2026-02-26	LLY
2026-02-26	LMT
2026-02-26	LOW
2026-02-26	MA
2026-02-26	MCD
2026-02-26	MDLZ
2026-02-26	META
2026-02-26	MMM
2026-02-26	MSFT
2026-02-26	MU
2026-02-26	NOC
2026-02-26	NOW
2026-02-26	NVDA
2026-02-26	ORCL
2026-02-26	OXY
2026-02-26	PFE
2026-02-26	PG
2026-02-26	PLTR
2026-02-26	PNC
2026-02-26	PYPL
2026-02-26	QCOM
2026-02-26	RTX
2026-02-26	SCHW
2026-02-26	SHOP
2026-02-26	SLB
2026-02-26	SPGI
2026-02-26	TFC
2026-02-26	TGT
2026-02-26	TSLA
2026-02-26	UPST
2026-02-26	USB
2026-02-26	WMT
2026-02-27	AAPL
2026-02-27	ABNB
2026-02-27	ADBE
2026-02-27	AFRM
2026-02-27	ALLY
2026-02-27	AMD
2026-02-27	AMGN
2026-02-27	AMZN
2026-02-27	ANET
2026-02-27	AVGO
2026-02-27	AXP
2026-02-27	BA
2026-02-27	BAC
2026-02-27	BLK
2026-02-27	C
2026-02-27	CAT
2026-02-27	CME
2026-02-27	COIN
2026-02-27	COP
2026-02-27	CSCO
2026-02-27	CVS
2026-02-27	CVX
2026-02-27	DIS
2026-02-27	EOG
2026-02-27	GE
2026-02-27	GILD
2026-02-27	GIS
2026-02-27	GOOGL
2026-02-27	GS
2026-02-27	HAL
2026-02-27	HON
2026-02-27	HOOD
2026-02-27	INTC
2026-02-27	JPM
2026-02-27	KEY
2026-02-27	KHC
2026-02-27	KO
2026-02-27	LLY
2026-02-27	LMT
2026-02-27	MA
2026-02-27	MCD
2026-02-27	MDLZ
2026-02-27	MPC
2026-02-27	MS
2026-02-27	MSFT
2026-02-27	MU
2026-02-27	NOC
2026-02-27	NVDA
2026-02-27	ORCL
2026-02-27	PEP
2026-02-27	PFE
2026-02-27	PLTR
2026-02-27	PSX
2026-02-27	PYPL
2026-02-27	RBLX
2026-02-27	RTX
2026-02-27	SBUX
2026-02-27	SCHW
2026-02-27	SOFI
2026-02-27	TFC
2026-02-27	UBER
2026-02-27	UNH
2026-02-27	VLO
2026-02-27	WFC
2026-02-27	WMT
2026-03-02	AMD
2026-03-02	ANET
2026-03-02	AVGO
2026-03-02	AXP
2026-03-02	BAC
2026-03-02	BLK
2026-03-02	BMY
2026-03-02	C
2026-03-02	CAT
2026-03-02	CL
2026-03-02	CME
2026-03-02	COST
2026-03-02	CRM
2026-03-02	CSCO
2026-03-02	ETN
2026-03-02	GILD
2026-03-02	GIS
2026-03-02	HD
2026-03-02	HON
2026-03-02	ICE
2026-03-02	JNJ
2026-03-02	JPM
2026-03-02	KEY
2026-03-02	KHC
2026-03-02	LLY
2026-03-02	LOW
2026-03-02	MDLZ
2026-03-02	MO
2026-03-02	MPC
2026-03-02	MS
2026-03-02	MU
2026-03-02	NKE
2026-03-02	NOC
2026-03-02	PM
2026-03-02	PNC
2026-03-02	RF
2026-03-02	RTX
2026-03-02	SBUX
2026-03-02	SCHW
2026-03-02	SHOP
2026-03-02	SLB
2026-03-02	SOFI
2026-03-02	TFC
2026-03-02	UBER
2026-03-02	V
2026-03-02	VLO
2026-03-02	WMT
2026-03-02	XOM
2026-03-03	AAPL
2026-03-03	ABBV
2026-03-03	ADBE
2026-03-03	AFRM
2026-03-03	AMD
2026-03-03	AMGN
2026-03-03	AMZN
2026-03-03	ANET
2026-03-03	AVGO
2026-03-03	AXP
2026-03-03	BAC
2026-03-03	BLK
2026-03-03	C
2026-03-03	CAT
2026-03-03	CL
2026-03-03	CME
2026-03-03	CMG
2026-03-03	COIN
2026-03-03	COP
2026-03-03	CSCO
2026-03-03	CVS
2026-03-03	CVX
2026-03-03	DE
2026-03-03	DIS
2026-03-03	ETN
2026-03-03	GE
2026-03-03	GILD
2026-03-03	GIS
2026-03-03	GOOGL
2026-03-03	GS
2026-03-03	HAL
2026-03-03	HD
2026-03-03	HON
2026-03-03	HOOD
2026-03-03	ICE
2026-03-03	INTC
2026-03-03	JNJ
2026-03-03	KEY
2026-03-03	KO
2026-03-03	LLY
2026-03-03	MCD
2026-03-03	MDLZ
2026-03-03	META
2026-03-03	MMM
2026-03-03	MPC
2026-03-03	MS
2026-03-03	MU
2026-03-03	NOW
2026-03-03	ORCL
2026-03-03	OXY
2026-03-03	PFE
2026-03-03	PLTR
2026-03-03	PM
2026-03-03	PNC
2026-03-03	PSX
2026-03-03	PYPL
2026-03-03	QCOM
2026-03-03	RBLX
2026-03-03	RTX
2026-03-03	SBUX
2026-03-03	SCHW
2026-03-03	SHOP
2026-03-03	SNOW
2026-03-03	SOFI
2026-03-03	SPGI
2026-03-03	TFC
2026-03-03	UNH
2026-03-03	UPST
2026-03-03	V
2026-03-03	VLO
2026-03-04	ABNB
2026-03-04	AFRM
2026-03-04	ALLY
2026-03-04	AMD
2026-03-04	AMZN
2026-03-04	ANET
2026-03-04	AVGO
2026-03-04	AXP
2026-03-04	BA
2026-03-04	BLK
2026-03-04	CAT
2026-03-04	CMG
2026-03-04	COIN
2026-03-04	COP
2026-03-04	COST
2026-03-04	CSCO
2026-03-04	DE
2026-03-04	DIS
2026-03-04	EOG
2026-03-04	ETN
2026-03-04	GIS
2026-03-04	GOOGL
2026-03-04	HAL
2026-03-04	HD
2026-03-04	HON
2026-03-04	INTC
2026-03-04	JPM
2026-03-04	KHC
2026-03-04	LLY
2026-03-04	LMT
2026-03-04	MCD
2026-03-04	MDLZ
2026-03-04	META
2026-03-04	MMM
2026-03-04	MO
2026-03-04	MRK
2026-03-04	MS
2026-03-04	MU
2026-03-04	NKE
2026-03-04	NOC
2026-03-04	ORCL
2026-03-04	OXY
2026-03-04	PG
2026-03-04	PLTR
2026-03-04	PM
2026-03-04	RBLX
2026-03-04	RF
2026-03-04	RTX
2026-03-04	SHOP
2026-03-04	SLB
2026-03-04	SNOW
2026-03-04	SOFI
2026-03-04	TGT
2026-03-04	UBER
2026-03-04	VLO
2026-03-04	WFC
2026-03-04	XOM
2026-03-05	ANET
2026-03-05	MU
2026-03-06	ANET
2026-03-06	MU
