AAPL	2025-09-02
AAPL	2025-09-03
AAPL	2025-09-04
AAPL	2025-09-05
AAPL	2025-09-08
AAPL	2025-09-09
AAPL	2025-09-10
AAPL	2025-09-11
AAPL	2025-09-12
AAPL	2025-09-15
AAPL	2025-09-16
AAPL	2025-09-17
AAPL	2025-09-18
AAPL	2025-09-19
AAPL	2025-09-22
AAPL	2025-09-23
AAPL	2025-09-24
AAPL	2025-09-25
AAPL	2025-09-26
AAPL	2025-09-29
AAPL	2025-09-30
AAPL	2025-10-06
AAPL	2025-10-07
AAPL	2025-10-08
AAPL	2025-10-09
AAPL	2025-10-10
AAPL	2025-10-13
AAPL	2025-10-14
AAPL	2025-10-15
AAPL	2025-10-16
AAPL	2025-10-17
AAPL	2025-10-20
AAPL	2025-10-21
AAPL	2025-10-22
AAPL	2025-10-23
AAPL	2025-10-24
AAPL	2025-10-27
AAPL	2025-10-28
AAPL	2025-10-29
AAPL	2025-10-30
AAPL	2025-10-31
AAPL	2026-03-11
AAPL	2026-03-12
ABBV	2025-09-02
ABBV	2025-09-03
ABBV	2025-09-04
ABBV	2025-09-05
ABBV	2025-09-08
ABBV	2025-09-09
ABBV	2025-09-10
ABBV	2025-09-11
ABBV	2025-09-12
ABBV	2025-09-15
ABBV	2025-09-16
ABBV	2025-09-17
ABBV	2025-09-18
ABBV	2025-09-19
ABBV	2025-09-22
ABBV	2025-09-23
ABBV	2025-09-24
ABBV	2025-09-25
ABBV	2025-09-26
ABBV	2025-09-29
ABBV	2025-09-30
ABBV	2025-10-06
ABBV	2025-10-07
ABBV	2025-10-08
ABBV	2025-10-09
ABBV	2025-10-10
ABBV	2025-10-13
ABBV	2025-10-14
ABBV	2025-10-15
ABBV	2025-10-16
ABBV	2025-10-17
ABBV	2025-10-20
ABBV	2025-10-21
ABBV	2025-10-22
ABBV	2025-10-23
ABBV	2025-10-24
ABBV	2025-10-27
ABBV	2025-10-28
ABBV	2025-10-29
ABBV	2025-10-30
ABBV	2026-03-11
ABBV	2026-03-12
ABNB	2025-09-02
ABNB	2025-09-03
ABNB	2025-09-04
ABNB	2025-09-05
ABNB	2025-09-08
ABNB	2025-09-09
ABNB	2025-09-10
ABNB	2025-09-11
ABNB	2025-09-12
ABNB	2025-09-15
ABNB	2025-09-16
ABNB	2025-09-17
ABNB	2025-09-18
ABNB	2025-09-19
ABNB	2025-09-22
ABNB	2025-09-23
ABNB	2025-09-24
ABNB	2025-09-25
ABNB	2025-09-26
ABNB	2025-09-29
ABNB	2025-09-30
ABNB	2025-10-03
ABNB	2025-10-06
ABNB	2025-10-07
ABNB	2025-10-08
ABNB	2025-10-09
ABNB	2025-10-10
ABNB	2025-10-13
ABNB	2025-10-14
ABNB	2025-10-15
ABNB	2025-10-16
ABNB	2025-10-17
ABNB	2025-10-20
ABNB	2025-10-21
ABNB	2025-10-22
ABNB	2025-10-23
ABNB	2025-10-24
ABNB	2025-10-27
ABNB	2025-10-28
ABNB	2025-10-29
ABNB	2025-10-30
ABNB	2026-03-11
ABNB	2026-03-12
ADBE	2025-09-02
ADBE	2025-09-03
ADBE	2025-09-04
ADBE	2025-09-05
ADBE	2025-09-08
ADBE	2025-09-09
ADBE	2025-09-10
ADBE	2025-09-11
ADBE	2025-09-12
ADBE	2025-09-15
ADBE	2025-09-16
ADBE	2025-09-17
ADBE	2025-09-18
ADBE	2025-09-19
ADBE	2025-09-22
ADBE	2025-09-23
ADBE	2025-09-24
ADBE	2025-09-25
ADBE	2025-09-26
ADBE	2025-09-29
ADBE	2025-09-30
ADBE	2025-10-06
ADBE	2025-10-07
ADBE	2025-10-08
ADBE	2025-10-09
ADBE	2025-10-10
ADBE	2025-10-13
ADBE	2025-10-14
ADBE	2025-10-15
ADBE	2025-10-16
ADBE	2025-10-17
ADBE	2025-10-20
ADBE	2025-10-21
ADBE	2025-10-22
ADBE	2025-10-23
ADBE	2025-10-24
ADBE	2025-10-27
ADBE	2025-10-28
ADBE	2025-10-29
ADBE	2025-10-30
ADBE	2025-10-31
ADBE	2026-03-11
ADBE	2026-03-12
AFRM	2025-09-02
AFRM	2025-09-03
AFRM	2025-09-04
AFRM	2025-09-05
AFRM	2025-09-08
AFRM	2025-09-09
AFRM	2025-09-10
AFRM	2025-09-11
AFRM	2025-09-12
AFRM	2025-09-15
AFRM	2025-09-16
AFRM	2025-09-17
AFRM	2025-09-18
AFRM	2025-09-19
AFRM	2025-09-22
AFRM	2025-09-23
AFRM	2025-09-24
AFRM	2025-09-25
AFRM	2025-09-26
AFRM	2025-09-29
AFRM	2025-09-30
AFRM	2025-10-06
AFRM	2025-10-07
AFRM	2025-10-08
AFRM	2025-10-09
AFRM	2025-10-10
AFRM	2025-10-13
AFRM	2025-10-14
AFRM	2025-10-15
AFRM	2025-10-16
AFRM	2025-10-17
AFRM	2025-10-20
AFRM	2025-10-21
AFRM	2025-10-22
AFRM	2025-10-23
AFRM	2025-10-24
AFRM	2025-10-27
AFRM	2025-10-28
AFRM	2025-10-29
AFRM	2025-10-30
AFRM	2026-03-11
AFRM	2026-03-12
ALLY	2025-09-02
ALLY	2025-09-03
ALLY	2025-09-04
ALLY	2025-09-05
ALLY	2025-09-08
ALLY	2025-09-09
ALLY	2025-09-10
ALLY	2025-09-11
ALLY	2025-09-12
ALLY	2025-09-15
ALLY	2025-09-16
ALLY	2025-09-17
ALLY	2025-09-18
ALLY	2025-09-19
ALLY	2025-09-22
ALLY	2025-09-23
ALLY	2025-09-24
ALLY	2025-09-25
ALLY	2025-09-26
ALLY	2025-09-29
ALLY	2025-09-30
ALLY	2025-10-07
ALLY	2025-10-08
ALLY	2025-10-09
ALLY	2025-10-10
ALLY	2025-10-13
ALLY	2025-10-14
ALLY	2025-10-15
ALLY	2025-10-16
ALLY	2025-10-17
ALLY	2025-10-20
ALLY	2025-10-21
ALLY	2025-10-22
ALLY	2025-10-23
ALLY	2025-10-24
ALLY	2025-10-27
ALLY	2025-10-28
ALLY	2025-10-29
ALLY	2025-10-30
ALLY	2026-03-11
ALLY	2026-03-12
AMD	2025-09-02
AMD	2025-09-03
AMD	2025-09-04
AMD	2025-09-05
AMD	2025-09-08
AMD	2025-09-09
AMD	2025-09-10
AMD	2025-09-11
AMD	2025-09-12
AMD	2025-09-15
AMD	2025-09-16
AMD	2025-09-17
AMD	2025-09-18
AMD	2025-09-19
AMD	2025-09-22
AMD	2025-09-23
AMD	2025-09-24
AMD	2025-09-25
AMD	2025-09-26
AMD	2025-09-29
AMD	2025-09-30
AMD	2025-10-07
AMD	2025-10-08
AMD	2025-10-09
AMD	2025-10-10
AMD	2025-10-13
AMD	2025-10-14
AMD	2025-10-15
AMD	2025-10-16
AMD	2025-10-17
AMD	2025-10-20
AMD	2025-10-21
AMD	2025-10-22
AMD	2025-10-23
AMD	2025-10-24
AMD	2025-10-27
AMD	2025-10-28
AMD	2025-10-29
AMD	2025-10-30
AMD	2026-03-11
AMD	2026-03-12
AMGN	2025-09-02
AMGN	2025-09-03
AMGN	2025-09-04
AMGN	2025-09-05
AMGN	2025-09-08
AMGN	2025-09-09
AMGN	2025-09-10
AMGN	2025-09-11
AMGN	2025-09-12
AMGN	2025-09-15
AMGN	2025-09-16
AMGN	2025-09-17
AMGN	2025-09-18
AMGN	2025-09-19
AMGN	2025-09-22
AMGN	2025-09-23
AMGN	2025-09-24
AMGN	2025-09-25
AMGN	2025-09-26
AMGN	2025-09-29
AMGN	2025-09-30
AMGN	2025-10-03
AMGN	2025-10-06
AMGN	2025-10-07
AMGN	2025-10-08
AMGN	2025-10-09
AMGN	2025-10-10
AMGN	2025-10-13
AMGN	2025-10-14
AMGN	2025-10-15
AMGN	2025-10-16
AMGN	2025-10-17
AMGN	2025-10-20
AMGN	2025-10-21
AMGN	2025-10-22
AMGN	2025-10-23
AMGN	2025-10-24
AMGN	2025-10-27
AMGN	2025-10-28
AMGN	2025-10-29
AMGN	2025-10-30
AMGN	2026-03-11
AMGN	2026-03-12
AMZN	2025-09-02
AMZN	2025-09-03
AMZN	2025-09-04
AMZN	2025-09-05
AMZN	2025-09-08
AMZN	2025-09-09
AMZN	2025-09-10
AMZN	2025-09-11
AMZN	2025-09-12
AMZN	2025-09-15
AMZN	2025-09-16
AMZN	2025-09-17
AMZN	2025-09-18
AMZN	2025-09-19
AMZN	2025-09-22
AMZN	2025-09-23
AMZN	2025-09-24
AMZN	2025-09-25
AMZN	2025-09-26
AMZN	2025-09-29
AMZN	2025-09-30
AMZN	2025-10-07
AMZN	2025-10-08
AMZN	2025-10-09
AMZN	2025-10-10
AMZN	2025-10-13
AMZN	2025-10-14
AMZN	2025-10-15
AMZN	2025-10-16
AMZN	2025-10-17
AMZN	2025-10-20
AMZN	2025-10-21
AMZN	2025-10-22
AMZN	2025-10-23
AMZN	2025-10-24
AMZN	2025-10-27
AMZN	2025-10-28
AMZN	2025-10-29
AMZN	2025-10-30
AMZN	2025-10-31
AMZN	2026-03-11
AMZN	2026-03-12
AVGO	2025-09-02
AVGO	2025-09-03
AVGO	2025-09-04
AVGO	2025-09-05
AVGO	2025-09-08
AVGO	2025-09-09
AVGO	2025-09-10
AVGO	2025-09-11
AVGO	2025-09-12
AVGO	2025-09-15
AVGO	2025-09-16
AVGO	2025-09-17
AVGO	2025-09-18
AVGO	2025-09-19
AVGO	2025-09-22
AVGO	2025-09-23
AVGO	2025-09-24
AVGO	2025-09-25
AVGO	2025-09-26
AVGO	2025-09-29
AVGO	2025-09-30
AVGO	2025-10-06
AVGO	2025-10-07
AVGO	2025-10-08
AVGO	2025-10-09
AVGO	2025-10-10
AVGO	2025-10-13
AVGO	2025-10-14
AVGO	2025-10-15
AVGO	2025-10-16
AVGO	2025-10-17
AVGO	2025-10-20
AVGO	2025-10-21
AVGO	2025-10-22
AVGO	2025-10-23
AVGO	2025-10-24
AVGO	2025-10-27
AVGO	2025-10-28
AVGO	2025-10-29
AVGO	2025-10-30
AVGO	2025-10-31
AVGO	2026-03-11
AVGO	2026-03-12
AXP	2025-09-02
AXP	2025-09-03
AXP	2025-09-04
AXP	2025-09-05
AXP	2025-09-08
AXP	2025-09-09
AXP	2025-09-10
AXP	2025-09-11
AXP	2025-09-12
AXP	2025-09-15
AXP	2025-09-16
AXP	2025-09-17
AXP	2025-09-18
AXP	2025-09-19
AXP	2025-09-22
AXP	2025-09-23
AXP	2025-09-24
AXP	2025-09-25
AXP	2025-09-26
AXP	2025-09-29
AXP	2025-09-30
AXP	2025-10-07
AXP	2025-10-08
AXP	2025-10-09
AXP	2025-10-10
AXP	2025-10-13
AXP	2025-10-14
AXP	2025-10-15
AXP	2025-10-16
AXP	2025-10-17
AXP	2025-10-20
AXP	2025-10-21
AXP	2025-10-22
AXP	2025-10-23
AXP	2025-10-24
AXP	2025-10-27
AXP	2025-10-28
AXP	2025-10-29
AXP	2025-10-30
AXP	2026-03-11
AXP	2026-03-12
BA	2025-09-02
BA	2025-09-03
BA	2025-09-04
BA	2025-09-05
BA	2025-09-08
BA	2025-09-09
BA	2025-09-10
BA	2025-09-11
BA	2025-09-12
BA	2025-09-15
BA	2025-09-16
BA	2025-09-17
BA	2025-09-18
BA	2025-09-19
BA	2025-09-22
BA	2025-09-23
BA	2025-09-24
BA	2025-09-25
BA	2025-09-26
BA	2025-09-29
BA	2025-09-30
BA	2025-10-03
BA	2025-10-06
BA	2025-10-07
BA	2025-10-08
BA	2025-10-09
BA	2025-10-10
BA	2025-10-13
BA	2025-10-14
BA	2025-10-15
BA	2025-10-16
BA	2025-10-17
BA	2025-10-20
BA	2025-10-21
BA	2025-10-22
BA	2025-10-23
BA	2025-10-24
BA	2025-10-27
BA	2025-10-28
BA	2025-10-29
BA	2025-10-30
BA	2026-03-11
BA	2026-03-12
BAC	2025-09-02
BAC	2025-09-03
BAC	2025-09-04
BAC	2025-09-05
BAC	2025-09-08
BAC	2025-09-09
BAC	2025-09-10
BAC	2025-09-11
BAC	2025-09-12
BAC	2025-09-15
BAC	2025-09-16
BAC	2025-09-17
BAC	2025-09-18
BAC	2025-09-19
BAC	2025-09-22
BAC	2025-09-23
BAC	2025-09-24
BAC	2025-09-25
BAC	2025-09-26
BAC	2025-09-29
BAC	2025-09-30
BAC	2025-10-06
BAC	2025-10-07
BAC	2025-10-08
BAC	2025-10-09
BAC	2025-10-10
BAC	2025-10-13
BAC	2025-10-14
BAC	2025-10-15
BAC	2025-10-16
BAC	2025-10-17
BAC	2025-10-20
BAC	2025-10-21
BAC	2025-10-22
BAC	2025-10-23
BAC	2025-10-24
BAC	2025-10-27
BAC	2025-10-28
BAC	2025-10-29
BAC	2025-10-30
BAC	2026-03-11
BAC	2026-03-12
BLK	2025-09-02
BLK	2025-09-03
BLK	2025-09-04
BLK	2025-09-05
BLK	2025-09-08
BLK	2025-09-09
BLK	2025-09-10
BLK	2025-09-11
BLK	2025-09-12
BLK	2025-09-15
BLK	2025-09-16
BLK	2025-09-17
BLK	2025-09-18
BLK	2025-09-19
BLK	2025-09-22
BLK	2025-09-23
BLK	2025-09-24
BLK	2025-09-25
BLK	2025-09-26
BLK	2025-09-29
BLK	2025-09-30
BLK	2025-10-06
BLK	2025-10-07
BLK	2025-10-08
BLK	2025-10-09
BLK	2025-10-10
BLK	2025-10-13
BLK	2025-10-14
BLK	2025-10-15
BLK	2025-10-16
BLK	2025-10-17
BLK	2025-10-20
BLK	2025-10-21
BLK	2025-10-22
BLK	2025-10-23
BLK	2025-10-24
BLK	2025-10-27
BLK	2025-10-28
BLK	2025-10-29
BLK	2025-10-30
BLK	2025-10-31
BLK	2026-03-11
BLK	2026-03-12
BMY	2025-09-02
BMY	2025-09-03
BMY	2025-09-04
BMY	2025-09-05
BMY	2025-09-08
BMY	2025-09-09
BMY	2025-09-10
BMY	2025-09-11
BMY	2025-09-12
BMY	2025-09-15
BMY	2025-09-16
BMY	2025-09-17
BMY	2025-09-18
BMY	2025-09-19
BMY	2025-09-22
BMY	2025-09-23
BMY	2025-09-24
BMY	2025-09-25
BMY	2025-09-26
BMY	2025-09-29
BMY	2025-09-30
BMY	2025-10-07
BMY	2025-10-08
BMY	2025-10-09
BMY	2025-10-10
BMY	2025-10-13
BMY	2025-10-14
BMY	2025-10-15
BMY	2025-10-16
BMY	2025-10-17
BMY	2025-10-20
BMY	2025-10-21
BMY	2025-10-22
BMY	2025-10-23
BMY	2025-10-24
BMY	2025-10-27
BMY	2025-10-28
BMY	2025-10-29
BMY	2025-10-30
BMY	2026-03-11
BMY	2026-03-12
C	2025-09-02
C	2025-09-03
C	2025-09-04
C	2025-09-05
C	2025-09-08
C	2025-09-09
C	2025-09-10
C	2025-09-11
C	2025-09-12
C	2025-09-15
C	2025-09-16
C	2025-09-17
C	2025-09-18
C	2025-09-19
C	2025-09-22
C	2025-09-23
C	2025-09-24
C	2025-09-25
C	2025-09-26
C	2025-09-29
C	2025-09-30
C	2025-10-06
C	2025-10-07
C	2025-10-08
C	2025-10-09
C	2025-10-10
C	2025-10-13
C	2025-10-14
C	2025-10-15
C	2025-10-16
C	2025-10-17
C	2025-10-20
C	2025-10-21
C	2025-10-22
C	2025-10-23
C	2025-10-24
C	2025-10-27
C	2025-10-28
C	2025-10-29
C	2025-10-30
C	2026-03-11
C	2026-03-12
CAT	2025-09-02
CAT	2025-09-03
CAT	2025-09-04
CAT	2025-09-05
CAT	2025-09-08
CAT	2025-09-09
CAT	2025-09-10
CAT	2025-09-11
CAT	2025-09-12
CAT	2025-09-15
CAT	2025-09-16
CAT	2025-09-17
CAT	2025-09-18
CAT	2025-09-19
CAT	2025-09-22
CAT	2025-09-23
CAT	2025-09-24
CAT	2025-09-25
CAT	2025-09-26
CAT	2025-09-29
CAT	2025-09-30
CAT	2025-10-07
CAT	2025-10-08
CAT	2025-10-09
CAT	2025-10-10
CAT	2025-10-13
CAT	2025-10-14
CAT	2025-10-15
CAT	2025-10-16
CAT	2025-10-17
CAT	2025-10-20
CAT	2025-10-21
CAT	2025-10-22
CAT	2025-10-23
CAT	2025-10-24
CAT	2025-10-27
CAT	2025-10-28
CAT	2025-10-29
CAT	2025-10-30
CAT	2026-03-11
CAT	2026-03-12
CL	2025-09-02
CL	2025-09-03
CL	2025-09-04
CL	2025-09-05
CL	2025-09-08
CL	2025-09-09
CL	2025-09-10
CL	2025-09-11
CL	2025-09-12
CL	2025-09-15
CL	2025-09-16
CL	2025-09-17
CL	2025-09-18
CL	2025-09-19
CL	2025-09-22
CL	2025-09-23
CL	2025-09-24
CL	2025-09-25
CL	2025-09-26
CL	2025-09-29
CL	2025-09-30
CL	2025-10-03
CL	2025-10-06
CL	2025-10-07
CL	2025-10-08
CL	2025-10-09
CL	2025-10-10
CL	2025-10-13
CL	2025-10-14
CL	2025-10-15
CL	2025-10-16
CL	2025-10-17
CL	2025-10-20
CL	2025-10-21
CL	2025-10-22
CL	2025-10-23
CL	2025-10-24
CL	2025-10-27
CL	2025-10-28
CL	2025-10-29
CL	2025-10-30
CL	2026-03-11
CL	2026-03-12
CME	2025-09-02
CME	2025-09-03
CME	2025-09-04
CME	2025-09-05
CME	2025-09-08
CME	2025-09-09
CME	2025-09-10
CME	2025-09-11
CME	2025-09-12
CME	2025-09-15
CME	2025-09-16
CME	2025-09-17
CME	2025-09-18
CME	2025-09-19
CME	2025-09-22
CME	2025-09-23
CME	2025-09-24
CME	2025-09-25
CME	2025-09-26
CME	2025-09-29
CME	2025-09-30
CME	2025-10-03
CME	2025-10-06
CME	2025-10-07
CME	2025-10-08
CME	2025-10-09
CME	2025-10-10
CME	2025-10-13
CME	2025-10-14
CME	2025-10-15
CME	2025-10-16
CME	2025-10-17
CME	2025-10-20
CME	2025-10-21
CME	2025-10-22
CME	2025-10-23
CME	2025-10-24
CME	2025-10-27
CME	2025-10-28
CME	2025-10-29
CME	2025-10-30
CME	2026-03-11
CME	2026-03-12
CMG	2025-09-02
CMG	2025-09-03
CMG	2025-09-04
CMG	2025-09-05
CMG	2025-09-08
CMG	2025-09-09
CMG	2025-09-10
CMG	2025-09-11
CMG	2025-09-12
CMG	2025-09-15
CMG	2025-09-16
CMG	2025-09-17
CMG	2025-09-18
CMG	2025-09-19
CMG	2025-09-22
CMG	2025-09-23
CMG	2025-09-24
CMG	2025-09-25
CMG	2025-09-26
CMG	2025-09-29
CMG	2025-09-30
CMG	2025-10-06
CMG	2025-10-07
CMG	2025-10-08
CMG	2025-10-09
CMG	2025-10-10
CMG	2025-10-13
CMG	2025-10-14
CMG	2025-10-15
CMG	2025-10-16
CMG	2025-10-17
CMG	2025-10-20
CMG	2025-10-21
CMG	2025-10-22
CMG	2025-10-23
CMG	2025-10-24
CMG	2025-10-27
CMG	2025-10-28
CMG	2025-10-29
CMG	2025-10-30
CMG	2026-03-11
CMG	2026-03-12
COIN	2025-09-02
COIN	2025-09-03
COIN	2025-09-04
COIN	2025-09-05
COIN	2025-09-08
COIN	2025-09-09
COIN	2025-09-10
COIN	2025-09-11
COIN	2025-09-12
COIN	2025-09-15
COIN	2025-09-16
COIN	2025-09-17
COIN	2025-09-18
COIN	2025-09-19
COIN	2025-09-22
COIN	2025-09-23
COIN	2025-09-24
COIN	2025-09-25
COIN	2025-09-26
COIN	2025-09-29
COIN	2025-09-30
COIN	2025-10-07
COIN	2025-10-08
COIN	2025-10-09
COIN	2025-10-10
COIN	2025-10-13
COIN	2025-10-14
COIN	2025-10-15
COIN	2025-10-16
COIN	2025-10-17
COIN	2025-10-20
COIN	2025-10-21
COIN	2025-10-22
COIN	2025-10-23
COIN	2025-10-24
COIN	2025-10-27
COIN	2025-10-28
COIN	2025-10-29
COIN	2025-10-30
COIN	2026-03-11
COIN	2026-03-12
COP	2025-09-02
COP	2025-09-03
COP	2025-09-04
COP	2025-09-05
COP	2025-09-08
COP	2025-09-09
COP	2025-09-10
COP	2025-09-11
COP	2025-09-12
COP	2025-09-15
COP	2025-09-16
COP	2025-09-17
COP	2025-09-18
COP	2025-09-19
COP	2025-09-22
COP	2025-09-23
COP	2025-09-24
COP	2025-09-25
COP	2025-09-26
COP	2025-09-29
COP	2025-09-30
COP	2025-10-03
COP	2025-10-06
COP	2025-10-07
COP	2025-10-08
COP	2025-10-09
COP	2025-10-10
COP	2025-10-13
COP	2025-10-14
COP	2025-10-15
COP	2025-10-16
COP	2025-10-17
COP	2025-10-20
COP	2025-10-21
COP	2025-10-22
COP	2025-10-23
COP	2025-10-24
COP	2025-10-27
COP	2025-10-28
COP	2025-10-29
COP	2025-10-30
COP	2026-03-11
COP	2026-03-12
COST	2025-09-02
COST	2025-09-03
COST	2025-09-04
COST	2025-09-05
COST	2025-09-08
COST	2025-09-09
COST	2025-09-10
COST	2025-09-11
COST	2025-09-12
COST	2025-09-15
COST	2025-09-16
COST	2025-09-17
COST	2025-09-18
COST	2025-09-19
COST	2025-09-22
COST	2025-09-23
COST	2025-09-24
COST	2025-09-25
COST	2025-09-26
COST	2025-09-29
COST	2025-09-30
COST	2025-10-02
COST	2025-10-06
COST	2025-10-07
COST	2025-10-08
COST	2025-10-09
COST	2025-10-10
COST	2025-10-13
COST	2025-10-14
COST	2025-10-15
COST	2025-10-16
COST	2025-10-17
COST	2025-10-20
COST	2025-10-21
COST	2025-10-22
COST	2025-10-23
COST	2025-10-24
COST	2025-10-27
COST	2025-10-28
COST	2025-10-29
COST	2025-10-30
COST	2025-10-31
COST	2026-03-11
COST	2026-03-12
CRM	2025-09-02
CRM	2025-09-03
CRM	2025-09-04
CRM	2025-09-05
CRM	2025-09-08
CRM	2025-09-09
CRM	2025-09-10
CRM	2025-09-11
CRM	2025-09-12
CRM	2025-09-15
CRM	2025-09-16
CRM	2025-09-17
CRM	2025-09-18
CRM	2025-09-19
CRM	2025-09-22
CRM	2025-09-23
CRM	2025-09-24
CRM	2025-09-25
CRM	2025-09-26
CRM	2025-09-29
CRM	2025-09-30
CRM	2025-10-07
CRM	2025-10-08
CRM	2025-10-09
CRM	2025-10-10
CRM	2025-10-13
CRM	2025-10-14
CRM	2025-10-15
CRM	2025-10-16
CRM	2025-10-17
CRM	2025-10-20
CRM	2025-10-21
CRM	2025-10-22
CRM	2025-10-23
CRM	2025-10-24
CRM	2025-10-27
CRM	2025-10-28
CRM	2025-10-29
CRM	2025-10-30
CRM	2026-03-11
CRM	2026-03-12
CSCO	2025-09-02
CSCO	2025-09-03
CSCO	2025-09-04
CSCO	2025-09-05
CSCO	2025-09-08
CSCO	2025-09-09
CSCO	2025-09-10
CSCO	2025-09-11
CSCO	2025-09-12
CSCO	2025-09-15
CSCO	2025-09-16
CSCO	2025-09-17
CSCO	2025-09-18
CSCO	2025-09-19
CSCO	2025-09-22
CSCO	2025-09-23
CSCO	2025-09-24
CSCO	2025-09-25
CSCO	2025-09-26
CSCO	2025-09-29
CSCO	2025-09-30
CSCO	2025-10-03
CSCO	2025-10-06
CSCO	2025-10-07
CSCO	2025-10-08
CSCO	2025-10-09
CSCO	2025-10-10
CSCO	2025-10-13
CSCO	2025-10-14
CSCO	2025-10-15
CSCO	2025-10-16
CSCO	2025-10-17
CSCO	2025-10-20
CSCO	2025-10-21
CSCO	2025-10-22
CSCO	2025-10-23
CSCO	2025-10-24
CSCO	2025-10-27
CSCO	2025-10-28
CSCO	2025-10-29
CSCO	2025-10-30
CSCO	2025-10-31
CSCO	2026-03-11
CSCO	2026-03-12
CVS	2025-09-02
CVS	2025-09-03
CVS	2025-09-04
CVS	2025-09-05
CVS	2025-09-08
CVS	2025-09-09
CVS	2025-09-10
CVS	2025-09-11
CVS	2025-09-12
CVS	2025-09-15
CVS	2025-09-16
CVS	2025-09-17
CVS	2025-09-18
CVS	2025-09-19
CVS	2025-09-22
CVS	2025-09-23
CVS	2025-09-24
CVS	2025-09-25
CVS	2025-09-26
CVS	2025-09-29
CVS	2025-09-30
CVS	2025-10-06
CVS	2025-10-07
CVS	2025-10-08
CVS	2025-10-09
CVS	2025-10-10
CVS	2025-10-13
CVS	2025-10-14
CVS	2025-10-15
CVS	2025-10-16
CVS	2025-10-17
CVS	2025-10-20
CVS	2025-10-21
CVS	2025-10-22
CVS	2025-10-23
CVS	2025-10-24
CVS	2025-10-27
CVS	2025-10-28
CVS	2025-10-29
CVS	2025-10-30
CVS	2026-03-11
CVS	2026-03-12
CVX	2025-09-02
CVX	2025-09-03
CVX	2025-09-04
CVX	2025-09-05
CVX	2025-09-08
CVX	2025-09-09
CVX	2025-09-10
CVX	2025-09-11
CVX	2025-09-12
CVX	2025-09-15
CVX	2025-09-16
CVX	2025-09-17
CVX	2025-09-18
CVX	2025-09-19
CVX	2025-09-22
CVX	2025-09-23
CVX	2025-09-24
CVX	2025-09-25
CVX	2025-09-26
CVX	2025-09-29
CVX	2025-09-30
CVX	2025-10-06
CVX	2025-10-07
CVX	2025-10-08
CVX	2025-10-09
CVX	2025-10-10
CVX	2025-10-13
CVX	2025-10-14
CVX	2025-10-15
CVX	2025-10-16
CVX	2025-10-17
CVX	2025-10-20
CVX	2025-10-21
CVX	2025-10-22
CVX	2025-10-23
CVX	2025-10-24
CVX	2025-10-27
CVX	2025-10-28
CVX	2025-10-29
CVX	2025-10-30
CVX	2026-03-11
CVX	2026-03-12
DE	2025-09-02
DE	2025-09-03
DE	2025-09-04
DE	2025-09-05
DE	2025-09-08
DE	2025-09-09
DE	2025-09-10
DE	2025-09-11
DE	2025-09-12
DE	2025-09-15
DE	2025-09-16
DE	2025-09-17
DE	2025-09-18
DE	2025-09-19
DE	2025-09-22
DE	2025-09-23
DE	2025-09-24
DE	2025-09-25
DE	2025-09-26
DE	2025-09-29
DE	2025-09-30
DE	2025-10-06
DE	2025-10-07
DE	2025-10-08
DE	2025-10-09
DE	2025-10-10
DE	2025-10-13
DE	2025-10-14
DE	2025-10-15
DE	2025-10-16
DE	2025-10-17
DE	2025-10-20
DE	2025-10-21
DE	2025-10-22
DE	2025-10-23
DE	2025-10-24
DE	2025-10-27
DE	2025-10-28
DE	2025-10-29
DE	2025-10-30
DE	2026-03-11
DE	2026-03-12
DIS	2025-09-02
DIS	2025-09-03
DIS	2025-09-04
DIS	2025-09-05
DIS	2025-09-08
DIS	2025-09-09
DIS	2025-09-10
DIS	2025-09-11
DIS	2025-09-12
DIS	2025-09-15
DIS	2025-09-16
DIS	2025-09-17
DIS	2025-09-18
DIS	2025-09-19
DIS	2025-09-22
DIS	2025-09-23
DIS	2025-09-24
DIS	2025-09-25
DIS	2025-09-26
DIS	2025-09-29
DIS	2025-09-30
DIS	2025-10-06
DIS	2025-10-07
DIS	2025-10-08
DIS	2025-10-09
DIS	2025-10-10
DIS	2025-10-13
DIS	2025-10-14
DIS	2025-10-15
DIS	2025-10-16
DIS	2025-10-17
DIS	2025-10-20
DIS	2025-10-21
DIS	2025-10-22
DIS	2025-10-23
DIS	2025-10-24
DIS	2025-10-27
DIS	2025-10-28
DIS	2025-10-29
DIS	2025-10-30
DIS	2026-03-11
DIS	2026-03-12
EOG	2025-09-02
EOG	2025-09-03
EOG	2025-09-04
EOG	2025-09-05
EOG	2025-09-08
EOG	2025-09-09
EOG	2025-09-10
EOG	2025-09-11
EOG	2025-09-12
EOG	2025-09-15
EOG	2025-09-16
EOG	2025-09-17
EOG	2025-09-18
EOG	2025-09-19
EOG	2025-09-22
EOG	2025-09-23
EOG	2025-09-24
EOG	2025-09-25
EOG	2025-09-26
EOG	2025-09-29
EOG	2025-09-30
EOG	2025-10-06
EOG	2025-10-07
EOG	2025-10-08
EOG	2025-10-09
EOG	2025-10-10
EOG	2025-10-13
EOG	2025-10-14
EOG	2025-10-15
EOG	2025-10-16
EOG	2025-10-17
EOG	2025-10-20
EOG	2025-10-21
EOG	2025-10-22
EOG	2025-10-23
EOG	2025-10-24
EOG	2025-10-27
EOG	2025-10-28
EOG	2025-10-29
EOG	2025-10-30
EOG	2025-10-31
EOG	2026-03-11
EOG	2026-03-12
ETN	2025-09-02
ETN	2025-09-03
ETN	2025-09-04
ETN	2025-09-05
ETN	2025-09-08
ETN	2025-09-09
ETN	2025-09-10
ETN	2025-09-11
ETN	2025-09-12
ETN	2025-09-15
ETN	2025-09-16
ETN	2025-09-17
ETN	2025-09-18
ETN	2025-09-19
ETN	2025-09-22
ETN	2025-09-23
ETN	2025-09-24
ETN	2025-09-25
ETN	2025-09-26
ETN	2025-09-29
ETN	2025-09-30
ETN	2025-10-06
ETN	2025-10-07
ETN	2025-10-08
ETN	2025-10-09
ETN	2025-10-10
ETN	2025-10-13
ETN	2025-10-14
ETN	2025-10-15
ETN	2025-10-16
ETN	2025-10-17
ETN	2025-10-20
ETN	2025-10-21
ETN	2025-10-22
ETN	2025-10-23
ETN	2025-10-24
ETN	2025-10-27
ETN	2025-10-28
ETN	2025-10-29
ETN	2025-10-30
ETN	2025-10-31
ETN	2026-03-11
ETN	2026-03-12
GE	2025-09-02
GE	2025-09-03
GE	2025-09-04
GE	2025-09-05
GE	2025-09-08
GE	2025-09-09
GE	2025-09-10
GE	2025-09-11
GE	2025-09-12
GE	2025-09-15
GE	2025-09-16
GE	2025-09-17
GE	2025-09-18
GE	2025-09-19
GE	2025-09-22
GE	2025-09-23
GE	2025-09-24
GE	2025-09-25
GE	2025-09-26
GE	2025-09-29
GE	2025-09-30
GE	2025-10-06
GE	2025-10-07
GE	2025-10-08
GE	2025-10-09
GE	2025-10-10
GE	2025-10-13
GE	2025-10-14
GE	2025-10-15
GE	2025-10-16
GE	2025-10-17
GE	2025-10-20
GE	2025-10-21
GE	2025-10-22
GE	2025-10-23
GE	2025-10-24
GE	2025-10-27
GE	2025-10-28
GE	2025-10-29
GE	2025-10-30
GE	2025-10-31
GE	2026-03-11
GE	2026-03-12
GILD	2025-09-02
GILD	2025-09-03
GILD	2025-09-04
GILD	2025-09-05
GILD	2025-09-08
GILD	2025-09-09
GILD	2025-09-10
GILD	2025-09-11
GILD	2025-09-12
GILD	2025-09-15
GILD	2025-09-16
GILD	2025-09-17
GILD	2025-09-18
GILD	2025-09-19
GILD	2025-09-22
GILD	2025-09-23
GILD	2025-09-24
GILD	2025-09-25
GILD	2025-09-26
GILD	2025-09-29
GILD	2025-09-30
GILD	2025-10-02
GILD	2025-10-06
GILD	2025-10-07
GILD	2025-10-08
GILD	2025-10-09
GILD	2025-10-10
GILD	2025-10-13
GILD	2025-10-14
GILD	2025-10-15
GILD	2025-10-16
GILD	2025-10-17
GILD	2025-10-20
GILD	2025-10-21
GILD	2025-10-22
GILD	2025-10-23
GILD	2025-10-24
GILD	2025-10-27
GILD	2025-10-28
GILD	2025-10-29
GILD	2025-10-30
GILD	2025-10-31
GILD	2026-03-11
GILD	2026-03-12
GIS	2025-09-02
GIS	2025-09-03
GIS	2025-09-04
GIS	2025-09-05
GIS	2025-09-08
GIS	2025-09-09
GIS	2025-09-10
GIS	2025-09-11
GIS	2025-09-12
GIS	2025-09-15
GIS	2025-09-16
GIS	2025-09-17
GIS	2025-09-18
GIS	2025-09-19
GIS	2025-09-22
GIS	2025-09-23
GIS	2025-09-24
GIS	2025-09-25
GIS	2025-09-26
GIS	2025-09-29
GIS	2025-09-30
GIS	2025-10-03
GIS	2025-10-06
GIS	2025-10-07
GIS	2025-10-08
GIS	2025-10-09
GIS	2025-10-10
GIS	2025-10-13
GIS	2025-10-14
GIS	2025-10-15
GIS	2025-10-16
GIS	2025-10-17
GIS	2025-10-20
GIS	2025-10-21
GIS	2025-10-22
GIS	2025-10-23
GIS	2025-10-24
GIS	2025-10-27
GIS	2025-10-28
GIS	2025-10-29
GIS	2025-10-30
GIS	2026-03-11
GIS	2026-03-12
GOOGL	2025-09-02
GOOGL	2025-09-03
GOOGL	2025-09-04
GOOGL	2025-09-05
GOOGL	2025-09-08
GOOGL	2025-09-09
GOOGL	2025-09-10
GOOGL	2025-09-11
GOOGL	2025-09-12
GOOGL	2025-09-15
GOOGL	2025-09-16
GOOGL	2025-09-17
GOOGL	2025-09-18
GOOGL	2025-09-19
GOOGL	2025-09-22
GOOGL	2025-09-23
GOOGL	2025-09-24
GOOGL	2025-09-25
GOOGL	2025-09-26
GOOGL	2025-09-29
GOOGL	2025-09-30
GOOGL	2025-10-03
GOOGL	2025-10-07
GOOGL	2025-10-08
GOOGL	2025-10-09
GOOGL	2025-10-10
GOOGL	2025-10-13
GOOGL	2025-10-14
GOOGL	2025-10-15
GOOGL	2025-10-16
GOOGL	2025-10-17
GOOGL	2025-10-20
GOOGL	2025-10-21
GOOGL	2025-10-22
GOOGL	2025-10-23
GOOGL	2025-10-24
GOOGL	2025-10-27
GOOGL	2025-10-28
GOOGL	2025-10-29
GOOGL	2025-10-30
GOOGL	2025-10-31
GOOGL	2026-03-11
GOOGL	2026-03-12
GS	2025-09-02
GS	2025-09-03
GS	2025-09-04
GS	2025-09-05
GS	2025-09-08
GS	2025-09-09
GS	2025-09-10
GS	2025-09-11
GS	2025-09-12
GS	2025-09-15
GS	2025-09-16
GS	2025-09-17
GS	2025-09-18
GS	2025-09-19
GS	2025-09-22
GS	2025-09-23
GS	2025-09-24
GS	2025-09-25
GS	2025-09-26
GS	2025-09-29
GS	2025-09-30
GS	2025-10-06
GS	2025-10-07
GS	2025-10-08
GS	2025-10-09
GS	2025-10-10
GS	2025-10-13
GS	2025-10-14
GS	2025-10-15
GS	2025-10-16
GS	2025-10-17
GS	2025-10-20
GS	2025-10-21
GS	2025-10-22
GS	2025-10-23
GS	2025-10-24
GS	2025-10-27
GS	2025-10-28
GS	2025-10-29
GS	2025-10-30
GS	2025-10-31
GS	2026-03-11
GS	2026-03-12
HAL	2025-09-02
HAL	2025-09-03
HAL	2025-09-04
HAL	2025-09-05
HAL	2025-09-08
HAL	2025-09-09
HAL	2025-09-10
HAL	2025-09-11
HAL	2025-09-12
HAL	2025-09-15
HAL	2025-09-16
HAL	2025-09-17
HAL	2025-09-18
HAL	2025-09-19
HAL	2025-09-22
HAL	2025-09-23
HAL	2025-09-24
HAL	2025-09-25
HAL	2025-09-26
HAL	2025-09-29
HAL	2025-09-30
HAL	2025-10-06
HAL	2025-10-07
HAL	2025-10-08
HAL	2025-10-09
HAL	2025-10-10
HAL	2025-10-13
HAL	2025-10-14
HAL	2025-10-15
HAL	2025-10-16
HAL	2025-10-17
HAL	2025-10-20
HAL	2025-10-21
HAL	2025-10-22
HAL	2025-10-23
HAL	2025-10-24
HAL	2025-10-27
HAL	2025-10-28
HAL	2025-10-29
HAL	2025-10-30
HAL	2026-03-11
HAL	2026-03-12
HD	2025-09-02
HD	2025-09-03
HD	2025-09-04
HD	2025-09-05
HD	2025-09-08
HD	2025-09-09
HD	2025-09-10
HD	2025-09-11
HD	2025-09-12
HD	2025-09-15
HD	2025-09-16
HD	2025-09-17
HD	2025-09-18
HD	2025-09-19
HD	2025-09-22
HD	2025-09-23
HD	2025-09-24
HD	2025-09-25
HD	2025-09-26
HD	2025-09-29
HD	2025-09-30
HD	2025-10-06
HD	2025-10-07
HD	2025-10-08
HD	2025-10-09
HD	2025-10-10
HD	2025-10-13
HD	2025-10-14
HD	2025-10-15
HD	2025-10-16
HD	2025-10-17
HD	2025-10-20
HD	2025-10-21
HD	2025-10-22
HD	2025-10-23
HD	2025-10-24
HD	2025-10-27
HD	2025-10-28
HD	2025-10-29
HD	2025-10-30
HD	2026-03-11
HD	2026-03-12
HON	2025-09-02
HON	2025-09-03
HON	2025-09-04
HON	2025-09-05
HON	2025-09-08
HON	2025-09-09
HON	2025-09-10
HON	2025-09-11
HON	2025-09-12
HON	2025-09-15
HON	2025-09-16
HON	2025-09-17
HON	2025-09-18
HON	2025-09-19
HON	2025-09-22
HON	2025-09-23
HON	2025-09-24
HON	2025-09-25
HON	2025-09-26
HON	2025-09-29
HON	2025-09-30
HON	2025-10-06
HON	2025-10-07
HON	2025-10-08
HON	2025-10-09
HON	2025-10-10
HON	2025-10-13
HON	2025-10-14
HON	2025-10-15
HON	2025-10-16
HON	2025-10-17
HON	2025-10-20
HON	2025-10-21
HON	2025-10-22
HON	2025-10-23
HON	2025-10-24
HON	2025-10-27
HON	2025-10-28
HON	2025-10-29
HON	2025-10-31
HON	2026-03-11
HON	2026-03-12
HOOD	2025-09-02
HOOD	2025-09-03
HOOD	2025-09-04
HOOD	2025-09-05
HOOD	2025-09-08
HOOD	2025-09-09
HOOD	2025-09-10
HOOD	2025-09-11
HOOD	2025-09-12
HOOD	2025-09-15
HOOD	2025-09-16
HOOD	2025-09-17
HOOD	2025-09-18
HOOD	2025-09-19
HOOD	2025-09-22
HOOD	2025-09-23
HOOD	2025-09-24
HOOD	2025-09-25
HOOD	2025-09-26
HOOD	2025-09-29
HOOD	2025-09-30
HOOD	2025-10-06
HOOD	2025-10-07
HOOD	2025-10-08
HOOD	2025-10-09
HOOD	2025-10-10
HOOD	2025-10-13
HOOD	2025-10-14
HOOD	2025-10-15
HOOD	2025-10-16
HOOD	2025-10-17
HOOD	2025-10-20
HOOD	2025-10-21
HOOD	2025-10-22
HOOD	2025-10-23
HOOD	2025-10-24
HOOD	2025-10-27
HOOD	2025-10-28
HOOD	2025-10-29
HOOD	2025-10-30
HOOD	2025-10-31
HOOD	2026-03-11
HOOD	2026-03-12
ICE	2025-09-02
ICE	2025-09-03
ICE	2025-09-04
ICE	2025-09-05
ICE	2025-09-08
ICE	2025-09-09
ICE	2025-09-10
ICE	2025-09-11
ICE	2025-09-12
ICE	2025-09-15
ICE	2025-09-16
ICE	2025-09-17
ICE	2025-09-18
ICE	2025-09-19
ICE	2025-09-22
ICE	2025-09-23
ICE	2025-09-24
ICE	2025-09-25
ICE	2025-09-26
ICE	2025-09-29
ICE	2025-09-30
ICE	2025-10-06
ICE	2025-10-07
ICE	2025-10-08
ICE	2025-10-09
ICE	2025-10-10
ICE	2025-10-13
ICE	2025-10-14
ICE	2025-10-15
ICE	2025-10-16
ICE	2025-10-17
ICE	2025-10-20
ICE	2025-10-21
ICE	2025-10-22
ICE	2025-10-23
ICE	2025-10-24
ICE	2025-10-27
ICE	2025-10-28
ICE	2025-10-29
ICE	2025-10-30
ICE	2026-03-11
ICE	2026-03-12
INTC	2025-09-02
INTC	2025-09-03
INTC	2025-09-04
INTC	2025-09-05
INTC	2025-09-08
INTC	2025-09-09
INTC	2025-09-10
INTC	2025-09-11
INTC	2025-09-12
INTC	2025-09-15
INTC	2025-09-16
INTC	2025-09-17
INTC	2025-09-18
INTC	2025-09-19
INTC	2025-09-22
INTC	2025-09-23
INTC	2025-09-24
INTC	2025-09-25
INTC	2025-09-26
INTC	2025-09-29
INTC	2025-09-30
INTC	2025-10-07
INTC	2025-10-08
INTC	2025-10-09
INTC	2025-10-10
INTC	2025-10-13
INTC	2025-10-14
INTC	2025-10-15
INTC	2025-10-16
INTC	2025-10-17
INTC	2025-10-20
INTC	2025-10-21
INTC	2025-10-22
INTC	2025-10-23
INTC	2025-10-24
INTC	2025-10-27
INTC	2025-10-28
INTC	2025-10-29
INTC	2025-10-30
INTC	2026-03-11
INTC	2026-03-12
JNJ	2025-09-02
JNJ	2025-09-03
JNJ	2025-09-04
JNJ	2025-09-05
JNJ	2025-09-08
JNJ	2025-09-09
JNJ	2025-09-10
JNJ	2025-09-11
JNJ	2025-09-12
JNJ	2025-09-15
JNJ	2025-09-16
JNJ	2025-09-17
JNJ	2025-09-18
JNJ	2025-09-19
JNJ	2025-09-22
JNJ	2025-09-23
JNJ	2025-09-24
JNJ	2025-09-25
JNJ	2025-09-26
JNJ	2025-09-29
JNJ	2025-09-30
JNJ	2025-10-06
JNJ	2025-10-07
JNJ	2025-10-08
JNJ	2025-10-09
JNJ	2025-10-10
JNJ	2025-10-13
JNJ	2025-10-14
JNJ	2025-10-15
JNJ	2025-10-16
JNJ	2025-10-17
JNJ	2025-10-20
JNJ	2025-10-21
JNJ	2025-10-22
JNJ	2025-10-23
JNJ	2025-10-24
JNJ	2025-10-27
JNJ	2025-10-28
JNJ	2025-10-29
JNJ	2025-10-30
JNJ	2026-03-11
JNJ	2026-03-12
JPM	2025-09-02
JPM	2025-09-03
JPM	2025-09-04
JPM	2025-09-05
JPM	2025-09-08
JPM	2025-09-09
JPM	2025-09-10
JPM	2025-09-11
JPM	2025-09-12
JPM	2025-09-15
JPM	2025-09-16
JPM	2025-09-17
JPM	2025-09-18
JPM	2025-09-19
JPM	2025-09-22
JPM	2025-09-23
JPM	2025-09-24
JPM	2025-09-25
JPM	2025-09-26
JPM	2025-09-29
JPM	2025-09-30
JPM	2025-10-03
JPM	2025-10-06
JPM	2025-10-07
JPM	2025-10-08
JPM	2025-10-09
JPM	2025-10-10
JPM	2025-10-13
JPM	2025-10-14
JPM	2025-10-15
JPM	2025-10-16
JPM	2025-10-17
JPM	2025-10-20
JPM	2025-10-21
JPM	2025-10-22
JPM	2025-10-23
JPM	2025-10-24
JPM	2025-10-27
JPM	2025-10-28
JPM	2025-10-29
JPM	2025-10-30
JPM	2025-10-31
JPM	2026-03-11
JPM	2026-03-12
KEY	2025-09-02
KEY	2025-09-03
KEY	2025-09-04
KEY	2025-09-05
KEY	2025-09-08
KEY	2025-09-09
KEY	2025-09-10
KEY	2025-09-11
KEY	2025-09-12
KEY	2025-09-15
KEY	2025-09-16
KEY	2025-09-17
KEY	2025-09-18
KEY	2025-09-19
KEY	2025-09-22
KEY	2025-09-23
KEY	2025-09-24
KEY	2025-09-25
KEY	2025-09-26
KEY	2025-09-29
KEY	2025-09-30
KEY	2025-10-06
KEY	2025-10-07
KEY	2025-10-08
KEY	2025-10-09
KEY	2025-10-10
KEY	2025-10-13
KEY	2025-10-14
KEY	2025-10-15
KEY	2025-10-16
KEY	2025-10-17
KEY	2025-10-20
KEY	2025-10-21
KEY	2025-10-22
KEY	2025-10-23
KEY	2025-10-24
KEY	2025-10-27
KEY	2025-10-28
KEY	2025-10-29
KEY	2025-10-30
KEY	2025-10-31
KEY	2026-03-11
KEY	2026-03-12
KHC	2025-09-02
KHC	2025-09-03
KHC	2025-09-04
KHC	2025-09-05
KHC	2025-09-08
KHC	2025-09-09
KHC	2025-09-10
KHC	2025-09-11
KHC	2025-09-12
KHC	2025-09-15
KHC	2025-09-16
KHC	2025-09-17
KHC	2025-09-18
KHC	2025-09-19
KHC	2025-09-22
KHC	2025-09-23
KHC	2025-09-24
KHC	2025-09-25
KHC	2025-09-26
KHC	2025-09-29
KHC	2025-09-30
KHC	2025-10-06
KHC	2025-10-07
KHC	2025-10-08
KHC	2025-10-09
KHC	2025-10-10
KHC	2025-10-13
KHC	2025-10-14
KHC	2025-10-15
KHC	2025-10-16
KHC	2025-10-17
KHC	2025-10-20
KHC	2025-10-21
KHC	2025-10-22
KHC	2025-10-23
KHC	2025-10-24
KHC	2025-10-27
KHC	2025-10-28
KHC	2025-10-29
KHC	2025-10-30
KHC	2026-03-11
KHC	2026-03-12
KO	2025-09-02
KO	2025-09-03
KO	2025-09-04
KO	2025-09-05
KO	2025-09-08
KO	2025-09-09
KO	2025-09-10
KO	2025-09-11
KO	2025-09-12
KO	2025-09-15
KO	2025-09-16
KO	2025-09-17
KO	2025-09-18
KO	2025-09-19
KO	2025-09-22
KO	2025-09-23
KO	2025-09-24
KO	2025-09-25
KO	2025-09-26
KO	2025-09-29
KO	2025-09-30
KO	2025-10-02
KO	2025-10-06
KO	2025-10-07
KO	2025-10-08
KO	2025-10-09
KO	2025-10-10
KO	2025-10-13
KO	2025-10-14
KO	2025-10-15
KO	2025-10-16
KO	2025-10-17
KO	2025-10-20
KO	2025-10-21
KO	2025-10-22
KO	2025-10-23
KO	2025-10-24
KO	2025-10-27
KO	2025-10-28
KO	2025-10-29
KO	2025-10-30
KO	2025-10-31
KO	2026-03-11
KO	2026-03-12
LLY	2025-09-02
LLY	2025-09-03
LLY	2025-09-04
LLY	2025-09-05
LLY	2025-09-08
LLY	2025-09-09
LLY	2025-09-10
LLY	2025-09-11
LLY	2025-09-12
LLY	2025-09-15
LLY	2025-09-16
LLY	2025-09-17
LLY	2025-09-18
LLY	2025-09-19
LLY	2025-09-22
LLY	2025-09-23
LLY	2025-09-24
LLY	2025-09-25
LLY	2025-09-26
LLY	2025-09-29
LLY	2025-09-30
LLY	2025-10-07
LLY	2025-10-08
LLY	2025-10-09
LLY	2025-10-10
LLY	2025-10-13
LLY	2025-10-14
LLY	2025-10-15
LLY	2025-10-16
LLY	2025-10-17
LLY	2025-10-20
LLY	2025-10-21
LLY	2025-10-22
LLY	2025-10-23
LLY	2025-10-24
LLY	2025-10-27
LLY	2025-10-28
LLY	2025-10-29
LLY	2025-10-30
LLY	2026-03-11
LLY	2026-03-12
LMT	2025-09-02
LMT	2025-09-03
LMT	2025-09-04
LMT	2025-09-05
LMT	2025-09-08
LMT	2025-09-09
LMT	2025-09-10
LMT	2025-09-11
LMT	2025-09-12
LMT	2025-09-15
LMT	2025-09-16
LMT	2025-09-17
LMT	2025-09-18
LMT	2025-09-19
LMT	2025-09-22
LMT	2025-09-23
LMT	2025-09-24
LMT	2025-09-25
LMT	2025-09-26
LMT	2025-09-29
LMT	2025-09-30
LMT	2025-10-07
LMT	2025-10-08
LMT	2025-10-09
LMT	2025-10-10
LMT	2025-10-13
LMT	2025-10-14
LMT	2025-10-15
LMT	2025-10-16
LMT	2025-10-17
LMT	2025-10-20
LMT	2025-10-21
LMT	2025-10-22
LMT	2025-10-23
LMT	2025-10-24
LMT	2025-10-27
LMT	2025-10-28
LMT	2025-10-29
LMT	2025-10-30
LMT	2026-03-11
LMT	2026-03-12
LOW	2025-09-02
LOW	2025-09-03
LOW	2025-09-04
LOW	2025-09-05
LOW	2025-09-08
LOW	2025-09-09
LOW	2025-09-10
LOW	2025-09-11
LOW	2025-09-12
LOW	2025-09-15
LOW	2025-09-16
LOW	2025-09-17
LOW	2025-09-18
LOW	2025-09-19
LOW	2025-09-22
LOW	2025-09-23
LOW	2025-09-24
LOW	2025-09-25
LOW	2025-09-26
LOW	2025-09-29
LOW	2025-09-30
LOW	2025-10-03
LOW	2025-10-06
LOW	2025-10-07
LOW	2025-10-08
LOW	2025-10-09
LOW	2025-10-10
LOW	2025-10-13
LOW	2025-10-14
LOW	2025-10-15
LOW	2025-10-16
LOW	2025-10-17
LOW	2025-10-20
LOW	2025-10-21
LOW	2025-10-22
LOW	2025-10-23
LOW	2025-10-24
LOW	2025-10-27
LOW	2025-10-28
LOW	2025-10-29
LOW	2025-10-30
LOW	2026-03-11
LOW	2026-03-12
MA	2025-09-02
MA	2025-09-03
MA	2025-09-04
MA	2025-09-05
MA	2025-09-08
MA	2025-09-09
MA	2025-09-10
MA	2025-09-11
MA	2025-09-12
MA	2025-09-15
MA	2025-09-16
MA	2025-09-17
MA	2025-09-18
MA	2025-09-19
MA	2025-09-22
MA	2025-09-23
MA	2025-09-24
MA	2025-09-25
MA	2025-09-26
MA	2025-09-29
MA	2025-09-30
MA	2025-10-03
MA	2025-10-06
MA	2025-10-07
MA	2025-10-08
MA	2025-10-09
MA	2025-10-10
MA	2025-10-13
MA	2025-10-14
MA	2025-10-15
MA	2025-10-16
MA	2025-10-17
MA	2025-10-20
MA	2025-10-21
MA	2025-10-22
MA	2025-10-23
MA	2025-10-24
MA	2025-10-27
MA	2025-10-28
MA	2025-10-29
MA	2025-10-30
MA	2026-03-11
MA	2026-03-12
MCD	2025-09-02
MCD	2025-09-03
MCD	2025-09-04
MCD	2025-09-05
MCD	2025-09-08
MCD	2025-09-09
MCD	2025-09-10
MCD	2025-09-11
MCD	2025-09-12
MCD	2025-09-15
MCD	2025-09-16
MCD	2025-09-17
MCD	2025-09-18
MCD	2025-09-19
MCD	2025-09-22
MCD	2025-09-23
MCD	2025-09-24
MCD	2025-09-25
MCD	2025-09-26
MCD	2025-09-29
MCD	2025-09-30
MCD	2025-10-02
MCD	2025-10-06
MCD	2025-10-07
MCD	2025-10-08
MCD	2025-10-09
MCD	2025-10-10
MCD	2025-10-13
MCD	2025-10-14
MCD	2025-10-15
MCD	2025-10-16
MCD	2025-10-17
MCD	2025-10-20
MCD	2025-10-21
MCD	2025-10-22
MCD	2025-10-23
MCD	2025-10-24
MCD	2025-10-27
MCD	2025-10-28
MCD	2025-10-29
MCD	2025-10-30
MCD	2025-10-31
MCD	2026-03-11
MCD	2026-03-12
META	2025-09-02
META	2025-09-03
META	2025-09-04
META	2025-09-05
META	2025-09-08
META	2025-09-09
META	2025-09-10
META	2025-09-11
META	2025-09-12
META	2025-09-15
META	2025-09-16
META	2025-09-17
META	2025-09-18
META	2025-09-19
META	2025-09-22
META	2025-09-23
META	2025-09-24
META	2025-09-25
META	2025-09-26
META	2025-09-29
META	2025-09-30
META	2025-10-07
META	2025-10-08
META	2025-10-09
META	2025-10-10
META	2025-10-13
META	2025-10-14
META	2025-10-15
META	2025-10-16
META	2025-10-17
META	2025-10-20
META	2025-10-21
META	2025-10-22
META	2025-10-23
META	2025-10-24
META	2025-10-27
META	2025-10-28
META	2025-10-29
META	2025-10-30
META	2026-03-11
META	2026-03-12
MMM	2025-09-02
MMM	2025-09-03
MMM	2025-09-04
MMM	2025-09-05
MMM	2025-09-08
MMM	2025-09-09
MMM	2025-09-10
MMM	2025-09-11
MMM	2025-09-12
MMM	2025-09-15
MMM	2025-09-16
MMM	2025-09-17
MMM	2025-09-18
MMM	2025-09-19
MMM	2025-09-22
MMM	2025-09-23
MMM	2025-09-24
MMM	2025-09-25
MMM	2025-09-26
MMM	2025-09-29
MMM	2025-09-30
MMM	2025-10-03
MMM	2025-10-06
MMM	2025-10-07
MMM	2025-10-08
MMM	2025-10-09
MMM	2025-10-10
MMM	2025-10-13
MMM	2025-10-14
MMM	2025-10-15
MMM	2025-10-16
MMM	2025-10-17
MMM	2025-10-20
MMM	2025-10-21
MMM	2025-10-22
MMM	2025-10-23
MMM	2025-10-24
MMM	2025-10-27
MMM	2025-10-28
MMM	2025-10-29
MMM	2025-10-30
MMM	2026-03-11
MMM	2026-03-12
MO	2025-09-02
MO	2025-09-03
MO	2025-09-04
MO	2025-09-05
MO	2025-09-08
MO	2025-09-09
MO	2025-09-10
MO	2025-09-11
MO	2025-09-12
MO	2025-09-15
MO	2025-09-16
MO	2025-09-17
MO	2025-09-18
MO	2025-09-19
MO	2025-09-22
MO	2025-09-23
MO	2025-09-24
MO	2025-09-25
MO	2025-09-26
MO	2025-09-29
MO	2025-09-30
MO	2025-10-02
MO	2025-10-06
MO	2025-10-07
MO	2025-10-08
MO	2025-10-09
MO	2025-10-10
MO	2025-10-13
MO	2025-10-14
MO	2025-10-15
MO	2025-10-16
MO	2025-10-17
MO	2025-10-20
MO	2025-10-21
MO	2025-10-22
MO	2025-10-23
MO	2025-10-24
MO	2025-10-27
MO	2025-10-28
MO	2025-10-29
MO	2025-10-30
MO	2025-10-31
MO	2026-03-11
MO	2026-03-12
MPC	2025-09-02
MPC	2025-09-03
MPC	2025-09-04
MPC	2025-09-05
MPC	2025-09-08
MPC	2025-09-09
MPC	2025-09-10
MPC	2025-09-11
MPC	2025-09-12
MPC	2025-09-15
MPC	2025-09-16
MPC	2025-09-17
MPC	2025-09-18
MPC	2025-09-19
MPC	2025-09-22
MPC	2025-09-23
MPC	2025-09-24
MPC	2025-09-25
MPC	2025-09-26
MPC	2025-09-29
MPC	2025-09-30
MPC	2025-10-03
MPC	2025-10-06
MPC	2025-10-07
MPC	2025-10-08
MPC	2025-10-09
MPC	2025-10-10
MPC	2025-10-13
MPC	2025-10-14
MPC	2025-10-15
MPC	2025-10-16
MPC	2025-10-17
MPC	2025-10-20
MPC	2025-10-21
MPC	2025-10-22
MPC	2025-10-23
MPC	2025-10-24
MPC	2025-10-27
MPC	2025-10-28
MPC	2025-10-29
MPC	2025-10-30
MPC	2026-03-11
MPC	2026-03-12
MRK	2025-09-02
MRK	2025-09-03
MRK	2025-09-04
MRK	2025-09-05
MRK	2025-09-08
MRK	2025-09-09
MRK	2025-09-10
MRK	2025-09-11
MRK	2025-09-12
MRK	2025-09-15
MRK	2025-09-16
MRK	2025-09-17
MRK	2025-09-18
MRK	2025-09-19
MRK	2025-09-22
MRK	2025-09-23
MRK	2025-09-24
MRK	2025-09-25
MRK	2025-09-26
MRK	2025-09-29
MRK	2025-09-30
MRK	2025-10-06
MRK	2025-10-07
MRK	2025-10-08
MRK	2025-10-09
MRK	2025-10-10
MRK	2025-10-13
MRK	2025-10-14
MRK	2025-10-15
MRK	2025-10-16
MRK	2025-10-17
MRK	2025-10-20
MRK	2025-10-21
MRK	2025-10-22
MRK	2025-10-23
MRK	2025-10-24
MRK	2025-10-27
MRK	2025-10-28
MRK	2025-10-29
MRK	2025-10-30
MRK	2025-10-31
MRK	2026-03-11
MRK	2026-03-12
MS	2025-09-02
MS	2025-09-03
MS	2025-09-04
MS	2025-09-05
MS	2025-09-08
MS	2025-09-09
MS	2025-09-10
MS	2025-09-11
MS	2025-09-12
MS	2025-09-15
MS	2025-09-16
MS	2025-09-17
MS	2025-09-18
MS	2025-09-19
MS	2025-09-22
MS	2025-09-23
MS	2025-09-24
MS	2025-09-25
MS	2025-09-26
MS	2025-09-29
MS	2025-09-30
MS	2025-10-03
MS	2025-10-06
MS	2025-10-07
MS	2025-10-08
MS	2025-10-09
MS	2025-10-10
MS	2025-10-13
MS	2025-10-14
MS	2025-10-15
MS	2025-10-16
MS	2025-10-17
MS	2025-10-20
MS	2025-10-21
MS	2025-10-22
MS	2025-10-23
MS	2025-10-24
MS	2025-10-27
MS	2025-10-28
MS	2025-10-29
MS	2025-10-30
MS	2026-03-11
MS	2026-03-12
MSFT	2025-09-02
MSFT	2025-09-03
MSFT	2025-09-04
MSFT	2025-09-05
MSFT	2025-09-08
MSFT	2025-09-09
MSFT	2025-09-10
MSFT	2025-09-11
MSFT	2025-09-12
MSFT	2025-09-15
MSFT	2025-09-16
MSFT	2025-09-17
MSFT	2025-09-18
MSFT	2025-09-19
MSFT	2025-09-22
MSFT	2025-09-23
MSFT	2025-09-24
MSFT	2025-09-25
MSFT	2025-09-26
MSFT	2025-09-29
MSFT	2025-09-30
MSFT	2025-10-06
MSFT	2025-10-07
MSFT	2025-10-08
MSFT	2025-10-09
MSFT	2025-10-10
MSFT	2025-10-13
MSFT	2025-10-14
MSFT	2025-10-15
MSFT	2025-10-16
MSFT	2025-10-17
MSFT	2025-10-20
MSFT	2025-10-21
MSFT	2025-10-22
MSFT	2025-10-23
MSFT	2025-10-24
MSFT	2025-10-27
MSFT	2025-10-28
MSFT	2025-10-29
MSFT	2025-10-30
MSFT	2025-10-31
MSFT	2026-03-11
MSFT	2026-03-12
MU	2025-09-02
MU	2025-09-03
MU	2025-09-04
MU	2025-09-05
MU	2025-09-08
MU	2025-09-09
MU	2025-09-10
MU	2025-09-11
MU	2025-09-12
MU	2025-09-15
MU	2025-09-16
MU	2025-09-17
MU	2025-09-18
MU	2025-09-19
MU	2025-09-22
MU	2025-09-23
MU	2025-09-24
MU	2025-09-25
MU	2025-09-26
MU	2025-09-29
MU	2025-09-30
MU	2025-10-03
MU	2025-10-07
MU	2025-10-08
MU	2025-10-09
MU	2025-10-10
MU	2025-10-13
MU	2025-10-14
MU	2025-10-15
MU	2025-10-16
MU	2025-10-17
MU	2025-10-20
MU	2025-10-21
MU	2025-10-22
MU	2025-10-23
MU	2025-10-24
MU	2025-10-27
MU	2025-10-28
MU	2025-10-29
MU	2025-10-30
MU	2026-03-11
MU	2026-03-12
NFLX	2025-09-02
NFLX	2025-09-03
NFLX	2025-09-04
NFLX	2025-09-05
NFLX	2025-09-08
NFLX	2025-09-09
NFLX	2025-09-10
NFLX	2025-09-11
NFLX	2025-09-12
NFLX	2025-09-15
NFLX	2025-09-16
NFLX	2025-09-17
NFLX	2025-09-18
NFLX	2025-09-19
NFLX	2025-09-22
NFLX	2025-09-23
NFLX	2025-09-24
NFLX	2025-09-25
NFLX	2025-09-26
NFLX	2025-09-29
NFLX	2025-09-30
NFLX	2025-10-06
NFLX	2025-10-07
NFLX	2025-10-08
NFLX	2025-10-09
NFLX	2025-10-10
NFLX	2025-10-13
NFLX	2025-10-14
NFLX	2025-10-15
NFLX	2025-10-16
NFLX	2025-10-17
NFLX	2025-10-20
NFLX	2025-10-21
NFLX	2025-10-22
NFLX	2025-10-23
NFLX	2025-10-24
NFLX	2025-10-27
NFLX	2025-10-28
NFLX	2025-10-29
NFLX	2025-10-30
NFLX	2026-03-11
NFLX	2026-03-12
NKE	2025-09-02
NKE	2025-09-03
NKE	2025-09-04
NKE	2025-09-05
NKE	2025-09-08
NKE	2025-09-09
NKE	2025-09-10
NKE	2025-09-11
NKE	2025-09-12
NKE	2025-09-15
NKE	2025-09-16
NKE	2025-09-17
NKE	2025-09-18
NKE	2025-09-19
NKE	2025-09-22
NKE	2025-09-23
NKE	2025-09-24
NKE	2025-09-25
NKE	2025-09-26
NKE	2025-09-29
NKE	2025-09-30
NKE	2025-10-03
NKE	2025-10-06
NKE	2025-10-07
NKE	2025-10-08
NKE	2025-10-09
NKE	2025-10-10
NKE	2025-10-13
NKE	2025-10-14
NKE	2025-10-15
NKE	2025-10-16
NKE	2025-10-17
NKE	2025-10-20
NKE	2025-10-21
NKE	2025-10-22
NKE	2025-10-23
NKE	2025-10-24
NKE	2025-10-27
NKE	2025-10-28
NKE	2025-10-29
NKE	2025-10-30
NKE	2026-03-11
NKE	2026-03-12
NOC	2025-09-02
NOC	2025-09-03
NOC	2025-09-04
NOC	2025-09-05
NOC	2025-09-08
NOC	2025-09-09
NOC	2025-09-10
NOC	2025-09-11
NOC	2025-09-12
NOC	2025-09-15
NOC	2025-09-16
NOC	2025-09-17
NOC	2025-09-18
NOC	2025-09-19
NOC	2025-09-22
NOC	2025-09-23
NOC	2025-09-24
NOC	2025-09-25
NOC	2025-09-26
NOC	2025-09-29
NOC	2025-09-30
NOC	2025-10-06
NOC	2025-10-07
NOC	2025-10-08
NOC	2025-10-09
NOC	2025-10-10
NOC	2025-10-13
NOC	2025-10-14
NOC	2025-10-15
NOC	2025-10-16
NOC	2025-10-17
NOC	2025-10-20
NOC	2025-10-21
NOC	2025-10-22
NOC	2025-10-23
NOC	2025-10-24
NOC	2025-10-27
NOC	2025-10-28
NOC	2025-10-29
NOC	2025-10-30
NOC	2026-03-11
NOC	2026-03-12
NOW	2025-09-02
NOW	2025-09-03
NOW	2025-09-04
NOW	2025-09-05
NOW	2025-09-08
NOW	2025-09-09
NOW	2025-09-10
NOW	2025-09-11
NOW	2025-09-12
NOW	2025-09-15
NOW	2025-09-16
NOW	2025-09-17
NOW	2025-09-18
NOW	2025-09-19
NOW	2025-09-22
NOW	2025-09-23
NOW	2025-09-24
NOW	2025-09-25
NOW	2025-09-26
NOW	2025-09-29
NOW	2025-09-30
NOW	2025-10-07
NOW	2025-10-08
NOW	2025-10-09
NOW	2025-10-10
NOW	2025-10-13
NOW	2025-10-14
NOW	2025-10-15
NOW	2025-10-16
NOW	2025-10-17
NOW	2025-10-20
NOW	2025-10-21
NOW	2025-10-22
NOW	2025-10-23
NOW	2025-10-24
NOW	2025-10-27
NOW	2025-10-28
NOW	2025-10-29
NOW	2025-10-30
NOW	2026-03-11
NOW	2026-03-12
NVDA	2025-09-02
NVDA	2025-09-03
NVDA	2025-09-04
NVDA	2025-09-05
NVDA	2025-09-08
NVDA	2025-09-09
NVDA	2025-09-10
NVDA	2025-09-11
NVDA	2025-09-12
NVDA	2025-09-15
NVDA	2025-09-16
NVDA	2025-09-17
NVDA	2025-09-18
NVDA	2025-09-19
NVDA	2025-09-22
NVDA	2025-09-23
NVDA	2025-09-24
NVDA	2025-09-25
NVDA	2025-09-26
NVDA	2025-09-29
NVDA	2025-09-30
NVDA	2025-10-06
NVDA	2025-10-07
NVDA	2025-10-08
NVDA	2025-10-09
NVDA	2025-10-10
NVDA	2025-10-13
NVDA	2025-10-14
NVDA	2025-10-15
NVDA	2025-10-16
NVDA	2025-10-17
NVDA	2025-10-20
NVDA	2025-10-21
NVDA	2025-10-22
NVDA	2025-10-23
NVDA	2025-10-24
NVDA	2025-10-27
NVDA	2025-10-28
NVDA	2025-10-29
NVDA	2025-10-30
NVDA	2026-03-11
NVDA	2026-03-12
ORCL	2025-09-02
ORCL	2025-09-03
ORCL	2025-09-04
ORCL	2025-09-05
ORCL	2025-09-08
ORCL	2025-09-09
ORCL	2025-09-10
ORCL	2025-09-11
ORCL	2025-09-12
ORCL	2025-09-15
ORCL	2025-09-16
ORCL	2025-09-17
ORCL	2025-09-18
ORCL	2025-09-19
ORCL	2025-09-22
ORCL	2025-09-23
ORCL	2025-09-24
ORCL	2025-09-25
ORCL	2025-09-26
ORCL	2025-09-29
ORCL	2025-09-30
ORCL	2025-10-06
ORCL	2025-10-07
ORCL	2025-10-08
ORCL	2025-10-09
ORCL	2025-10-10
ORCL	2025-10-13
ORCL	2025-10-14
ORCL	2025-10-15
ORCL	2025-10-16
ORCL	2025-10-17
ORCL	2025-10-20
ORCL	2025-10-21
ORCL	2025-10-22
ORCL	2025-10-23
ORCL	2025-10-24
ORCL	2025-10-27
ORCL	2025-10-28
ORCL	2025-10-29
ORCL	2025-10-30
ORCL	2026-03-11
ORCL	2026-03-12
OXY	2025-09-02
OXY	2025-09-03
OXY	2025-09-04
OXY	2025-09-05
OXY	2025-09-08
OXY	2025-09-09
OXY	2025-09-10
OXY	2025-09-11
OXY	2025-09-12
OXY	2025-09-15
OXY	2025-09-16
OXY	2025-09-17
OXY	2025-09-18
OXY	2025-09-19
OXY	2025-09-22
OXY	2025-09-23
OXY	2025-09-24
OXY	2025-09-25
OXY	2025-09-26
OXY	2025-09-29
OXY	2025-09-30
OXY	2025-10-06
OXY	2025-10-07
OXY	2025-10-08
OXY	2025-10-09
OXY	2025-10-10
OXY	2025-10-13
OXY	2025-10-14
OXY	2025-10-15
OXY	2025-10-16
OXY	2025-10-17
OXY	2025-10-20
OXY	2025-10-21
OXY	2025-10-22
OXY	2025-10-23
OXY	2025-10-24
OXY	2025-10-27
OXY	2025-10-28
OXY	2025-10-29
OXY	2025-10-30
OXY	2026-03-11
OXY	2026-03-12
PEP	2025-09-02
PEP	2025-09-03
PEP	2025-09-04
PEP	2025-09-05
PEP	2025-09-08
PEP	2025-09-09
PEP	2025-09-10
PEP	2025-09-11
PEP	2025-09-12
PEP	2025-09-15
PEP	2025-09-16
PEP	2025-09-17
PEP	2025-09-18
PEP	2025-09-19
PEP	2025-09-22
PEP	2025-09-23
PEP	2025-09-24
PEP	2025-09-25
PEP	2025-09-26
PEP	2025-09-29
PEP	2025-09-30
PEP	2025-10-07
PEP	2025-10-08
PEP	2025-10-09
PEP	2025-10-10
PEP	2025-10-13
PEP	2025-10-14
PEP	2025-10-15
PEP	2025-10-16
PEP	2025-10-17
PEP	2025-10-20
PEP	2025-10-21
PEP	2025-10-22
PEP	2025-10-23
PEP	2025-10-24
PEP	2025-10-27
PEP	2025-10-28
PEP	2025-10-29
PEP	2025-10-30
PEP	2026-03-11
PEP	2026-03-12
PFE	2025-09-02
PFE	2025-09-03
PFE	2025-09-04
PFE	2025-09-05
PFE	2025-09-08
PFE	2025-09-09
PFE	2025-09-10
PFE	2025-09-11
PFE	2025-09-12
PFE	2025-09-15
PFE	2025-09-16
PFE	2025-09-17
PFE	2025-09-18
PFE	2025-09-19
PFE	2025-09-22
PFE	2025-09-23
PFE	2025-09-24
PFE	2025-09-25
PFE	2025-09-26
PFE	2025-09-29
PFE	2025-09-30
PFE	2025-10-03
PFE	2025-10-06
PFE	2025-10-07
PFE	2025-10-08
PFE	2025-10-09
PFE	2025-10-10
PFE	2025-10-13
PFE	2025-10-14
PFE	2025-10-15
PFE	2025-10-16
PFE	2025-10-17
PFE	2025-10-20
PFE	2025-10-21
PFE	2025-10-22
PFE	2025-10-23
PFE	2025-10-24
PFE	2025-10-27
PFE	2025-10-28
PFE	2025-10-29
PFE	2025-10-30
PFE	2026-03-11
PFE	2026-03-12
PG	2025-09-02
PG	2025-09-03
PG	2025-09-04
PG	2025-09-05
PG	2025-09-08
PG	2025-09-09
PG	2025-09-10
PG	2025-09-11
PG	2025-09-12
PG	2025-09-15
PG	2025-09-16
PG	2025-09-17
PG	2025-09-18
PG	2025-09-19
PG	2025-09-22
PG	2025-09-23
PG	2025-09-24
PG	2025-09-25
PG	2025-09-26
PG	2025-09-29
PG	2025-09-30
PG	2025-10-06
PG	2025-10-07
PG	2025-10-08
PG	2025-10-09
PG	2025-10-10
PG	2025-10-13
PG	2025-10-14
PG	2025-10-15
PG	2025-10-16
PG	2025-10-17
PG	2025-10-20
PG	2025-10-21
PG	2025-10-22
PG	2025-10-23
PG	2025-10-24
PG	2025-10-27
PG	2025-10-28
PG	2025-10-29
PG	2025-10-30
PG	2026-03-11
PG	2026-03-12
PLTR	2025-09-02
PLTR	2025-09-03
PLTR	2025-09-04
PLTR	2025-09-05
PLTR	2025-09-08
PLTR	2025-09-09
PLTR	2025-09-10
PLTR	2025-09-11
PLTR	2025-09-12
PLTR	2025-09-15
PLTR	2025-09-16
PLTR	2025-09-17
PLTR	2025-09-18
PLTR	2025-09-19
PLTR	2025-09-22
PLTR	2025-09-23
PLTR	2025-09-24
PLTR	2025-09-25
PLTR	2025-09-26
PLTR	2025-09-29
PLTR	2025-09-30
PLTR	2025-10-06
PLTR	2025-10-07
PLTR	2025-10-08
PLTR	2025-10-09
PLTR	2025-10-10
PLTR	2025-10-13
PLTR	2025-10-14
PLTR	2025-10-15
PLTR	2025-10-16
PLTR	2025-10-17
PLTR	2025-10-20
PLTR	2025-10-21
PLTR	2025-10-22
PLTR	2025-10-23
PLTR	2025-10-24
PLTR	2025-10-27
PLTR	2025-10-28
PLTR	2025-10-29
PLTR	2025-10-30
PLTR	2026-03-11
PLTR	2026-03-12
PM	2025-09-02
PM	2025-09-03
PM	2025-09-04
PM	2025-09-05
PM	2025-09-08
PM	2025-09-09
PM	2025-09-10
PM	2025-09-11
PM	2025-09-12
PM	2025-09-15
PM	2025-09-16
PM	2025-09-17
PM	2025-09-18
PM	2025-09-19
PM	2025-09-22
PM	2025-09-23
PM	2025-09-24
PM	2025-09-25
PM	2025-09-26
PM	2025-09-29
PM	2025-09-30
PM	2025-10-07
PM	2025-10-08
PM	2025-10-09
PM	2025-10-10
PM	2025-10-13
PM	2025-10-14
PM	2025-10-15
PM	2025-10-16
PM	2025-10-17
PM	2025-10-20
PM	2025-10-21
PM	2025-10-22
PM	2025-10-23
PM	2025-10-24
PM	2025-10-27
PM	2025-10-28
PM	2025-10-29
PM	2025-10-30
PM	2026-03-11
PM	2026-03-12
PNC	2025-09-02
PNC	2025-09-03
PNC	2025-09-04
PNC	2025-09-05
PNC	2025-09-08
PNC	2025-09-09
PNC	2025-09-10
PNC	2025-09-11
PNC	2025-09-12
PNC	2025-09-15
PNC	2025-09-16
PNC	2025-09-17
PNC	2025-09-18
PNC	2025-09-19
PNC	2025-09-22
PNC	2025-09-23
PNC	2025-09-24
PNC	2025-09-25
PNC	2025-09-26
PNC	2025-09-29
PNC	2025-09-30
PNC	2025-10-07
PNC	2025-10-08
PNC	2025-10-09
PNC	2025-10-10
PNC	2025-10-13
PNC	2025-10-14
PNC	2025-10-15
PNC	2025-10-16
PNC	2025-10-17
PNC	2025-10-20
PNC	2025-10-21
PNC	2025-10-22
PNC	2025-10-23
PNC	2025-10-24
PNC	2025-10-27
PNC	2025-10-28
PNC	2025-10-29
PNC	2025-10-30
PNC	2026-03-11
PNC	2026-03-12
PSX	2025-09-02
PSX	2025-09-03
PSX	2025-09-04
PSX	2025-09-05
PSX	2025-09-08
PSX	2025-09-09
PSX	2025-09-10
PSX	2025-09-11
PSX	2025-09-12
PSX	2025-09-15
PSX	2025-09-16
PSX	2025-09-17
PSX	2025-09-18
PSX	2025-09-19
PSX	2025-09-22
PSX	2025-09-23
PSX	2025-09-24
PSX	2025-09-25
PSX	2025-09-26
PSX	2025-09-29
PSX	2025-09-30
PSX	2025-10-07
PSX	2025-10-08
PSX	2025-10-09
PSX	2025-10-10
PSX	2025-10-13
PSX	2025-10-14
PSX	2025-10-15
PSX	2025-10-16
PSX	2025-10-17
PSX	2025-10-20
PSX	2025-10-21
PSX	2025-10-22
PSX	2025-10-23
PSX	2025-10-24
PSX	2025-10-27
PSX	2025-10-28
PSX	2025-10-29
PSX	2025-10-30
PSX	2026-03-11
PSX	2026-03-12
PYPL	2025-09-02
PYPL	2025-09-03
PYPL	2025-09-04
PYPL	2025-09-05
PYPL	2025-09-08
PYPL	2025-09-09
PYPL	2025-09-10
PYPL	2025-09-11
PYPL	2025-09-12
PYPL	2025-09-15
PYPL	2025-09-16
PYPL	2025-09-17
PYPL	2025-09-18
PYPL	2025-09-19
PYPL	2025-09-22
PYPL	2025-09-23
PYPL	2025-09-24
PYPL	2025-09-25
PYPL	2025-09-26
PYPL	2025-09-29
PYPL	2025-09-30
PYPL	2025-10-06
PYPL	2025-10-07
PYPL	2025-10-08
PYPL	2025-10-09
PYPL	2025-10-10
PYPL	2025-10-13
PYPL	2025-10-14
PYPL	2025-10-15
PYPL	2025-10-16
PYPL	2025-10-17
PYPL	2025-10-20
PYPL	2025-10-21
PYPL	2025-10-22
PYPL	2025-10-23
PYPL	2025-10-24
PYPL	2025-10-27
PYPL	2025-10-28
PYPL	2025-10-29
PYPL	2025-10-30
PYPL	2025-10-31
PYPL	2026-03-11
PYPL	2026-03-12
QCOM	2025-09-02
QCOM	2025-09-03
QCOM	2025-09-04
QCOM	2025-09-05
QCOM	2025-09-08
QCOM	2025-09-09
QCOM	2025-09-10
QCOM	2025-09-11
QCOM	2025-09-12
QCOM	2025-09-15
QCOM	2025-09-16
QCOM	2025-09-17
QCOM	2025-09-18
QCOM	2025-09-19
QCOM	2025-09-22
QCOM	2025-09-23
QCOM	2025-09-24
QCOM	2025-09-25
QCOM	2025-09-26
QCOM	2025-09-29
QCOM	2025-09-30
QCOM	2025-10-06
QCOM	2025-10-07
QCOM	2025-10-08
QCOM	2025-10-09
QCOM	2025-10-10
QCOM	2025-10-13
QCOM	2025-10-14
QCOM	2025-10-15
QCOM	2025-10-16
QCOM	2025-10-17
QCOM	2025-10-20
QCOM	2025-10-21
QCOM	2025-10-22
QCOM	2025-10-23
QCOM	2025-10-24
QCOM	2025-10-27
QCOM	2025-10-28
QCOM	2025-10-29
QCOM	2025-10-30
QCOM	2026-03-11
QCOM	2026-03-12
QQQ	2025-09-02
QQQ	2025-09-03
QQQ	2025-09-04
QQQ	2025-09-05
QQQ	2025-09-08
QQQ	2025-09-09
QQQ	2025-09-10
QQQ	2025-09-11
QQQ	2025-09-12
QQQ	2025-09-15
QQQ	2025-09-16
QQQ	2025-09-17
QQQ	2025-09-18
QQQ	2025-09-19
QQQ	2025-09-22
QQQ	2025-09-23
QQQ	2025-09-24
QQQ	2025-09-25
QQQ	2025-09-26
QQQ	2025-09-29
QQQ	2025-09-30
QQQ	2025-10-06
QQQ	2025-10-07
QQQ	2025-10-08
QQQ	2025-10-09
QQQ	2025-10-10
QQQ	2025-10-13
QQQ	2025-10-14
QQQ	2025-10-15
QQQ	2025-10-16
QQQ	2025-10-17
QQQ	2025-10-20
QQQ	2025-10-21
QQQ	2025-10-22
QQQ	2025-10-23
QQQ	2025-10-24
QQQ	2025-10-27
QQQ	2025-10-28
QQQ	2025-10-29
QQQ	2025-10-30
QQQ	2026-03-11
QQQ	2026-03-12
RBLX	2025-09-02
RBLX	2025-09-03
RBLX	2025-09-04
RBLX	2025-09-05
RBLX	2025-09-08
RBLX	2025-09-09
RBLX	2025-09-10
RBLX	2025-09-11
RBLX	2025-09-12
RBLX	2025-09-15
RBLX	2025-09-16
RBLX	2025-09-17
RBLX	2025-09-18
RBLX	2025-09-19
RBLX	2025-09-22
RBLX	2025-09-23
RBLX	2025-09-24
RBLX	2025-09-25
RBLX	2025-09-26
RBLX	2025-09-29
RBLX	2025-09-30
RBLX	2025-10-03
RBLX	2025-10-06
RBLX	2025-10-07
RBLX	2025-10-08
RBLX	2025-10-09
RBLX	2025-10-10
RBLX	2025-10-13
RBLX	2025-10-14
RBLX	2025-10-15
RBLX	2025-10-16
RBLX	2025-10-17
RBLX	2025-10-20
RBLX	2025-10-21
RBLX	2025-10-22
RBLX	2025-10-23
RBLX	2025-10-24
RBLX	2025-10-27
RBLX	2025-10-28
RBLX	2025-10-29
RBLX	2025-10-30
RBLX	2026-03-11
RBLX	2026-03-12
RF	2025-09-02
RF	2025-09-03
RF	2025-09-04
RF	2025-09-05
RF	2025-09-08
RF	2025-09-09
RF	2025-09-10
RF	2025-09-11
RF	2025-09-12
RF	2025-09-15
RF	2025-09-16
RF	2025-09-17
RF	2025-09-18
RF	2025-09-19
RF	2025-09-22
RF	2025-09-23
RF	2025-09-24
RF	2025-09-25
RF	2025-09-26
RF	2025-09-29
RF	2025-09-30
RF	2025-10-03
RF	2025-10-06
RF	2025-10-07
RF	2025-10-08
RF	2025-10-09
RF	2025-10-10
RF	2025-10-13
RF	2025-10-14
RF	2025-10-15
RF	2025-10-16
RF	2025-10-17
RF	2025-10-20
RF	2025-10-21
RF	2025-10-22
RF	2025-10-23
RF	2025-10-24
RF	2025-10-27
RF	2025-10-28
RF	2025-10-29
RF	2025-10-30
RF	2026-03-11
RF	2026-03-12
RTX	2025-09-02
RTX	2025-09-03
RTX	2025-09-04
RTX	2025-09-05
RTX	2025-09-08
RTX	2025-09-09
RTX	2025-09-10
RTX	2025-09-11
RTX	2025-09-12
RTX	2025-09-15
RTX	2025-09-16
RTX	2025-09-17
RTX	2025-09-18
RTX	2025-09-19
RTX	2025-09-22
RTX	2025-09-23
RTX	2025-09-24
RTX	2025-09-25
RTX	2025-09-26
RTX	2025-09-29
RTX	2025-09-30
RTX	2025-10-03
RTX	2025-10-06
RTX	2025-10-07
RTX	2025-10-08
RTX	2025-10-09
RTX	2025-10-10
RTX	2025-10-13
RTX	2025-10-14
RTX	2025-10-15
RTX	2025-10-16
RTX	2025-10-17
RTX	2025-10-20
RTX	2025-10-21
RTX	2025-10-22
RTX	2025-10-23
RTX	2025-10-24
RTX	2025-10-27
RTX	2025-10-28
RTX	2025-10-29
RTX	2025-10-30
RTX	2026-03-11
RTX	2026-03-12
SBUX	2025-09-02
SBUX	2025-09-03
SBUX	2025-09-04
SBUX	2025-09-05
SBUX	2025-09-08
SBUX	2025-09-09
SBUX	2025-09-10
SBUX	2025-09-11
SBUX	2025-09-12
SBUX	2025-09-15
SBUX	2025-09-16
SBUX	2025-09-17
SBUX	2025-09-18
SBUX	2025-09-19
SBUX	2025-09-22
SBUX	2025-09-23
SBUX	2025-09-24
SBUX	2025-09-25
SBUX	2025-09-26
SBUX	2025-09-29
SBUX	2025-09-30
SBUX	2025-10-07
SBUX	2025-10-08
SBUX	2025-10-09
SBUX	2025-10-10
SBUX	2025-10-13
SBUX	2025-10-14
SBUX	2025-10-15
SBUX	2025-10-16
SBUX	2025-10-17
SBUX	2025-10-20
SBUX	2025-10-21
SBUX	2025-10-22
SBUX	2025-10-23
SBUX	2025-10-24
SBUX	2025-10-27
SBUX	2025-10-28
SBUX	2025-10-29
SBUX	2025-10-30
SBUX	2026-03-11
SBUX	2026-03-12
SCHW	2025-09-02
SCHW	2025-09-03
SCHW	2025-09-04
SCHW	2025-09-05
SCHW	2025-09-08
SCHW	2025-09-09
SCHW	2025-09-10
SCHW	2025-09-11
SCHW	2025-09-12
SCHW	2025-09-15
SCHW	2025-09-16
SCHW	2025-09-17
SCHW	2025-09-18
SCHW	2025-09-19
SCHW	2025-09-22
SCHW	2025-09-23
SCHW	2025-09-24
SCHW	2025-09-25
SCHW	2025-09-26
SCHW	2025-09-29
SCHW	2025-09-30
SCHW	2025-10-06
SCHW	2025-10-07
SCHW	2025-10-08
SCHW	2025-10-09
SCHW	2025-10-10
SCHW	2025-10-13
SCHW	2025-10-14
SCHW	2025-10-15
SCHW	2025-10-16
SCHW	2025-10-17
SCHW	2025-10-20
SCHW	2025-10-21
SCHW	2025-10-22
SCHW	2025-10-23
SCHW	2025-10-24
SCHW	2025-10-27
SCHW	2025-10-28
SCHW	2025-10-29
SCHW	2025-10-30
SCHW	2025-10-31
SCHW	2026-03-11
SCHW	2026-03-12
SHOP	2025-09-02
SHOP	2025-09-03
SHOP	2025-09-04
SHOP	2025-09-05
SHOP	2025-09-08
SHOP	2025-09-09
SHOP	2025-09-10
SHOP	2025-09-11
SHOP	2025-09-12
SHOP	2025-09-15
SHOP	2025-09-16
SHOP	2025-09-17
SHOP	2025-09-18
SHOP	2025-09-19
SHOP	2025-09-22
SHOP	2025-09-23
SHOP	2025-09-24
SHOP	2025-09-25
SHOP	2025-09-26
SHOP	2025-09-29
SHOP	2025-09-30
SHOP	2025-10-07
SHOP	2025-10-08
SHOP	2025-10-09
SHOP	2025-10-10
SHOP	2025-10-13
SHOP	2025-10-14
SHOP	2025-10-15
SHOP	2025-10-16
SHOP	2025-10-17
SHOP	2025-10-20
SHOP	2025-10-21
SHOP	2025-10-22
SHOP	2025-10-23
SHOP	2025-10-24
SHOP	2025-10-27
SHOP	2025-10-28
SHOP	2025-10-29
SHOP	2025-10-30
SHOP	2026-03-11
SHOP	2026-03-12
SLB	2025-09-02
SLB	2025-09-03
SLB	2025-09-04
SLB	2025-09-05
SLB	2025-09-08
SLB	2025-09-09
SLB	2025-09-10
SLB	2025-09-11
SLB	2025-09-12
SLB	2025-09-15
SLB	2025-09-16
SLB	2025-09-17
SLB	2025-09-18
SLB	2025-09-19
SLB	2025-09-22
SLB	2025-09-23
SLB	2025-09-24
SLB	2025-09-25
SLB	2025-09-26
SLB	2025-09-29
SLB	2025-09-30
SLB	2025-10-07
SLB	2025-10-08
SLB	2025-10-09
SLB	2025-10-10
SLB	2025-10-13
SLB	2025-10-14
SLB	2025-10-15
SLB	2025-10-16
SLB	2025-10-17
SLB	2025-10-20
SLB	2025-10-21
SLB	2025-10-22
SLB	2025-10-23
SLB	2025-10-24
SLB	2025-10-27
SLB	2025-10-28
SLB	2025-10-29
SLB	2025-10-30
SLB	2026-03-11
SLB	2026-03-12
SNOW	2025-09-02
SNOW	2025-09-03
SNOW	2025-09-04
SNOW	2025-09-05
SNOW	2025-09-08
SNOW	2025-09-09
SNOW	2025-09-10
SNOW	2025-09-11
SNOW	2025-09-12
SNOW	2025-09-15
SNOW	2025-09-16
SNOW	2025-09-17
SNOW	2025-09-18
SNOW	2025-09-19
SNOW	2025-09-22
SNOW	2025-09-23
SNOW	2025-09-24
SNOW	2025-09-25
SNOW	2025-09-26
SNOW	2025-09-29
SNOW	2025-09-30
SNOW	2025-10-06
SNOW	2025-10-07
SNOW	2025-10-08
SNOW	2025-10-09
SNOW	2025-10-10
SNOW	2025-10-13
SNOW	2025-10-14
SNOW	2025-10-15
SNOW	2025-10-16
SNOW	2025-10-17
SNOW	2025-10-20
SNOW	2025-10-21
SNOW	2025-10-22
SNOW	2025-10-23
SNOW	2025-10-24
SNOW	2025-10-27
SNOW	2025-10-28
SNOW	2025-10-29
SNOW	2025-10-30
SNOW	2026-03-11
SNOW	2026-03-12
SOFI	2025-09-02
SOFI	2025-09-03
SOFI	2025-09-04
SOFI	2025-09-05
SOFI	2025-09-08
SOFI	2025-09-09
SOFI	2025-09-10
SOFI	2025-09-11
SOFI	2025-09-12
SOFI	2025-09-15
SOFI	2025-09-16
SOFI	2025-09-17
SOFI	2025-09-18
SOFI	2025-09-19
SOFI	2025-09-22
SOFI	2025-09-23
SOFI	2025-09-24
SOFI	2025-09-25
SOFI	2025-09-26
SOFI	2025-09-29
SOFI	2025-09-30
SOFI	2025-10-07
SOFI	2025-10-08
SOFI	2025-10-09
SOFI	2025-10-10
SOFI	2025-10-13
SOFI	2025-10-14
SOFI	2025-10-15
SOFI	2025-10-16
SOFI	2025-10-17
SOFI	2025-10-20
SOFI	2025-10-21
SOFI	2025-10-22
SOFI	2025-10-23
SOFI	2025-10-24
SOFI	2025-10-27
SOFI	2025-10-28
SOFI	2025-10-29
SOFI	2025-10-30
SOFI	2026-03-11
SOFI	2026-03-12
SPGI	2025-09-02
SPGI	2025-09-03
SPGI	2025-09-04
SPGI	2025-09-05
SPGI	2025-09-08
SPGI	2025-09-09
SPGI	2025-09-10
SPGI	2025-09-11
SPGI	2025-09-12
SPGI	2025-09-15
SPGI	2025-09-16
SPGI	2025-09-17
SPGI	2025-09-18
SPGI	2025-09-19
SPGI	2025-09-22
SPGI	2025-09-23
SPGI	2025-09-24
SPGI	2025-09-25
SPGI	2025-09-26
SPGI	2025-09-29
SPGI	2025-09-30
SPGI	2025-10-07
SPGI	2025-10-08
SPGI	2025-10-09
SPGI	2025-10-10
SPGI	2025-10-13
SPGI	2025-10-14
SPGI	2025-10-15
SPGI	2025-10-16
SPGI	2025-10-17
SPGI	2025-10-20
SPGI	2025-10-21
SPGI	2025-10-22
SPGI	2025-10-23
SPGI	2025-10-24
SPGI	2025-10-27
SPGI	2025-10-28
SPGI	2025-10-29
SPGI	2025-10-30
SPGI	2026-03-11
SPGI	2026-03-12
SPY	2025-09-02
SPY	2025-09-03
SPY	2025-09-04
SPY	2025-09-05
SPY	2025-09-08
SPY	2025-09-09
SPY	2025-09-10
SPY	2025-09-11
SPY	2025-09-12
SPY	2025-09-15
SPY	2025-09-16
SPY	2025-09-17
SPY	2025-09-18
SPY	2025-09-19
SPY	2025-09-22
SPY	2025-09-23
SPY	2025-09-24
SPY	2025-09-25
SPY	2025-09-26
SPY	2025-09-29
SPY	2025-09-30
SPY	2025-10-07
SPY	2025-10-08
SPY	2025-10-09
SPY	2025-10-10
SPY	2025-10-13
SPY	2025-10-14
SPY	2025-10-15
SPY	2025-10-16
SPY	2025-10-17
SPY	2025-10-20
SPY	2025-10-21
SPY	2025-10-22
SPY	2025-10-23
SPY	2025-10-24
SPY	2025-10-27
SPY	2025-10-28
SPY	2025-10-29
SPY	2025-10-30
SPY	2026-03-11
SPY	2026-03-12
TFC	2025-09-02
TFC	2025-09-03
TFC	2025-09-04
TFC	2025-09-05
TFC	2025-09-08
TFC	2025-09-09
TFC	2025-09-10
TFC	2025-09-11
TFC	2025-09-12
TFC	2025-09-15
TFC	2025-09-16
TFC	2025-09-17
TFC	2025-09-18
TFC	2025-09-19
TFC	2025-09-22
TFC	2025-09-23
TFC	2025-09-24
TFC	2025-09-25
TFC	2025-09-26
TFC	2025-09-29
TFC	2025-09-30
TFC	2025-10-06
TFC	2025-10-07
TFC	2025-10-08
TFC	2025-10-09
TFC	2025-10-10
TFC	2025-10-13
TFC	2025-10-14
TFC	2025-10-15
TFC	2025-10-16
TFC	2025-10-17
TFC	2025-10-20
TFC	2025-10-21
TFC	2025-10-22
TFC	2025-10-23
TFC	2025-10-24
TFC	2025-10-27
TFC	2025-10-28
TFC	2025-10-29
TFC	2025-10-30
TFC	2026-03-11
TFC	2026-03-12
TGT	2025-09-02
TGT	2025-09-03
TGT	2025-09-04
TGT	2025-09-05
TGT	2025-09-08
TGT	2025-09-09
TGT	2025-09-10
TGT	2025-09-11
TGT	2025-09-12
TGT	2025-09-15
TGT	2025-09-16
TGT	2025-09-17
TGT	2025-09-18
TGT	2025-09-19
TGT	2025-09-22
TGT	2025-09-23
TGT	2025-09-24
TGT	2025-09-25
TGT	2025-09-26
TGT	2025-09-29
TGT	2025-09-30
TGT	2025-10-07
TGT	2025-10-08
TGT	2025-10-09
TGT	2025-10-10
TGT	2025-10-13
TGT	2025-10-14
TGT	2025-10-15
TGT	2025-10-16
TGT	2025-10-17
TGT	2025-10-20
TGT	2025-10-21
TGT	2025-10-22
TGT	2025-10-23
TGT	2025-10-24
TGT	2025-10-27
TGT	2025-10-28
TGT	2025-10-29
TGT	2025-10-30
TGT	2026-03-11
TGT	2026-03-12
TSLA	2025-09-02
TSLA	2025-09-03
TSLA	2025-09-04
TSLA	2025-09-05
TSLA	2025-09-08
TSLA	2025-09-09
TSLA	2025-09-10
TSLA	2025-09-11
TSLA	2025-09-12
TSLA	2025-09-15
TSLA	2025-09-16
TSLA	2025-09-17
TSLA	2025-09-18
TSLA	2025-09-19
TSLA	2025-09-22
TSLA	2025-09-23
TSLA	2025-09-24
TSLA	2025-09-25
TSLA	2025-09-26
TSLA	2025-09-29
TSLA	2025-09-30
TSLA	2025-10-07
TSLA	2025-10-08
TSLA	2025-10-09
TSLA	2025-10-10
TSLA	2025-10-13
TSLA	2025-10-14
TSLA	2025-10-15
TSLA	2025-10-16
TSLA	2025-10-17
TSLA	2025-10-20
TSLA	2025-10-21
TSLA	2025-10-22
TSLA	2025-10-23
TSLA	2025-10-24
TSLA	2025-10-27
TSLA	2025-10-28
TSLA	2025-10-29
TSLA	2025-10-30
TSLA	2026-03-11
TSLA	2026-03-12
UBER	2025-09-02
UBER	2025-09-03
UBER	2025-09-04
UBER	2025-09-05
UBER	2025-09-08
UBER	2025-09-09
UBER	2025-09-10
UBER	2025-09-11
UBER	2025-09-12
UBER	2025-09-15
UBER	2025-09-16
UBER	2025-09-17
UBER	2025-09-18
UBER	2025-09-19
UBER	2025-09-22
UBER	2025-09-23
UBER	2025-09-24
UBER	2025-09-25
UBER	2025-09-26
UBER	2025-09-29
UBER	2025-09-30
UBER	2025-10-06
UBER	2025-10-07
UBER	2025-10-08
UBER	2025-10-09
UBER	2025-10-10
UBER	2025-10-13
UBER	2025-10-14
UBER	2025-10-15
UBER	2025-10-16
UBER	2025-10-17
UBER	2025-10-20
UBER	2025-10-21
UBER	2025-10-22
UBER	2025-10-23
UBER	2025-10-24
UBER	2025-10-27
UBER	2025-10-28
UBER	2025-10-29
UBER	2025-10-30
UBER	2026-03-11
UBER	2026-03-12
UNH	2025-09-02
UNH	2025-09-03
UNH	2025-09-04
UNH	2025-09-05
UNH	2025-09-08
UNH	2025-09-09
UNH	2025-09-10
UNH	2025-09-11
UNH	2025-09-12
UNH	2025-09-15
UNH	2025-09-16
UNH	2025-09-17
UNH	2025-09-18
UNH	2025-09-19
UNH	2025-09-22
UNH	2025-09-23
UNH	2025-09-24
UNH	2025-09-25
UNH	2025-09-26
UNH	2025-09-29
UNH	2025-09-30
UNH	2025-10-07
UNH	2025-10-08
UNH	2025-10-09
UNH	2025-10-10
UNH	2025-10-13
UNH	2025-10-14
UNH	2025-10-15
UNH	2025-10-16
UNH	2025-10-17
UNH	2025-10-20
UNH	2025-10-21
UNH	2025-10-22
UNH	2025-10-23
UNH	2025-10-24
UNH	2025-10-27
UNH	2025-10-28
UNH	2025-10-29
UNH	2025-10-30
UNH	2026-03-11
UNH	2026-03-12
UPST	2025-09-02
UPST	2025-09-03
UPST	2025-09-04
UPST	2025-09-05
UPST	2025-09-08
UPST	2025-09-09
UPST	2025-09-10
UPST	2025-09-11
UPST	2025-09-12
UPST	2025-09-15
UPST	2025-09-16
UPST	2025-09-17
UPST	2025-09-18
UPST	2025-09-19
UPST	2025-09-22
UPST	2025-09-23
UPST	2025-09-24
UPST	2025-09-25
UPST	2025-09-26
UPST	2025-09-29
UPST	2025-09-30
UPST	2025-10-03
UPST	2025-10-06
UPST	2025-10-07
UPST	2025-10-08
UPST	2025-10-09
UPST	2025-10-10
UPST	2025-10-13
UPST	2025-10-14
UPST	2025-10-15
UPST	2025-10-16
UPST	2025-10-17
UPST	2025-10-20
UPST	2025-10-21
UPST	2025-10-22
UPST	2025-10-23
UPST	2025-10-24
UPST	2025-10-27
UPST	2025-10-28
UPST	2025-10-29
UPST	2025-10-30
UPST	2026-03-11
UPST	2026-03-12
USB	2025-09-02
USB	2025-09-03
USB	2025-09-04
USB	2025-09-05
USB	2025-09-08
USB	2025-09-09
USB	2025-09-10
USB	2025-09-11
USB	2025-09-12
USB	2025-09-15
USB	2025-09-16
USB	2025-09-17
USB	2025-09-18
USB	2025-09-19
USB	2025-09-22
USB	2025-09-23
USB	2025-09-24
USB	2025-09-25
USB	2025-09-26
USB	2025-09-29
USB	2025-09-30
USB	2025-10-06
USB	2025-10-07
USB	2025-10-08
USB	2025-10-09
USB	2025-10-10
USB	2025-10-13
USB	2025-10-14
USB	2025-10-15
USB	2025-10-16
USB	2025-10-17
USB	2025-10-20
USB	2025-10-21
USB	2025-10-22
USB	2025-10-23
USB	2025-10-24
USB	2025-10-27
USB	2025-10-28
USB	2025-10-29
USB	2025-10-30
USB	2025-10-31
USB	2026-03-11
USB	2026-03-12
V	2025-09-02
V	2025-09-03
V	2025-09-04
V	2025-09-05
V	2025-09-08
V	2025-09-09
V	2025-09-10
V	2025-09-11
V	2025-09-12
V	2025-09-15
V	2025-09-16
V	2025-09-17
V	2025-09-18
V	2025-09-19
V	2025-09-22
V	2025-09-23
V	2025-09-24
V	2025-09-25
V	2025-09-26
V	2025-09-29
V	2025-09-30
V	2025-10-06
V	2025-10-07
V	2025-10-08
V	2025-10-09
V	2025-10-10
V	2025-10-13
V	2025-10-14
V	2025-10-15
V	2025-10-16
V	2025-10-17
V	2025-10-20
V	2025-10-21
V	2025-10-22
V	2025-10-23
V	2025-10-24
V	2025-10-27
V	2025-10-28
V	2025-10-29
V	2025-10-30
V	2026-03-11
V	2026-03-12
VLO	2025-09-02
VLO	2025-09-03
VLO	2025-09-04
VLO	2025-09-05
VLO	2025-09-08
VLO	2025-09-09
VLO	2025-09-10
VLO	2025-09-11
VLO	2025-09-12
VLO	2025-09-15
VLO	2025-09-16
VLO	2025-09-17
VLO	2025-09-18
VLO	2025-09-19
VLO	2025-09-22
VLO	2025-09-23
VLO	2025-09-24
VLO	2025-09-25
VLO	2025-09-26
VLO	2025-09-29
VLO	2025-09-30
VLO	2025-10-06
VLO	2025-10-07
VLO	2025-10-08
VLO	2025-10-09
VLO	2025-10-10
VLO	2025-10-13
VLO	2025-10-14
VLO	2025-10-15
VLO	2025-10-16
VLO	2025-10-17
VLO	2025-10-20
VLO	2025-10-21
VLO	2025-10-22
VLO	2025-10-23
VLO	2025-10-24
VLO	2025-10-27
VLO	2025-10-28
VLO	2025-10-29
VLO	2025-10-30
VLO	2025-10-31
VLO	2026-03-11
VLO	2026-03-12
WFC	2025-09-02
WFC	2025-09-03
WFC	2025-09-04
WFC	2025-09-05
WFC	2025-09-08
WFC	2025-09-09
WFC	2025-09-10
WFC	2025-09-11
WFC	2025-09-12
WFC	2025-09-15
WFC	2025-09-16
WFC	2025-09-17
WFC	2025-09-18
WFC	2025-09-19
WFC	2025-09-22
WFC	2025-09-23
WFC	2025-09-24
WFC	2025-09-25
WFC	2025-09-26
WFC	2025-09-29
WFC	2025-09-30
WFC	2025-10-07
WFC	2025-10-08
WFC	2025-10-09
WFC	2025-10-10
WFC	2025-10-13
WFC	2025-10-14
WFC	2025-10-15
WFC	2025-10-16
WFC	2025-10-17
WFC	2025-10-20
WFC	2025-10-21
WFC	2025-10-22
WFC	2025-10-23
WFC	2025-10-24
WFC	2025-10-27
WFC	2025-10-28
WFC	2025-10-29
WFC	2025-10-30
WFC	2026-03-11
WFC	2026-03-12
WMT	2025-09-02
WMT	2025-09-03
WMT	2025-09-04
WMT	2025-09-05
WMT	2025-09-08
WMT	2025-09-09
WMT	2025-09-10
WMT	2025-09-11
WMT	2025-09-12
WMT	2025-09-15
WMT	2025-09-16
WMT	2025-09-17
WMT	2025-09-18
WMT	2025-09-19
WMT	2025-09-22
WMT	2025-09-23
WMT	2025-09-24
WMT	2025-09-25
WMT	2025-09-26
WMT	2025-09-29
WMT	2025-09-30
WMT	2025-10-03
WMT	2025-10-06
WMT	2025-10-07
WMT	2025-10-08
WMT	2025-10-09
WMT	2025-10-10
WMT	2025-10-13
WMT	2025-10-14
WMT	2025-10-15
WMT	2025-10-16
WMT	2025-10-17
WMT	2025-10-20
WMT	2025-10-21
WMT	2025-10-22
WMT	2025-10-23
WMT	2025-10-24
WMT	2025-10-27
WMT	2025-10-28
WMT	2025-10-29
WMT	2025-10-30
WMT	2026-03-11
WMT	2026-03-12
XOM	2025-09-02
XOM	2025-09-03
XOM	2025-09-04
XOM	2025-09-05
XOM	2025-09-08
XOM	2025-09-09
XOM	2025-09-10
XOM	2025-09-11
XOM	2025-09-12
XOM	2025-09-15
XOM	2025-09-16
XOM	2025-09-17
XOM	2025-09-18
XOM	2025-09-19
XOM	2025-09-22
XOM	2025-09-23
XOM	2025-09-24
XOM	2025-09-25
XOM	2025-09-26
XOM	2025-09-29
XOM	2025-09-30
XOM	2025-10-07
XOM	2025-10-08
XOM	2025-10-09
XOM	2025-10-10
XOM	2025-10-13
XOM	2025-10-14
XOM	2025-10-15
XOM	2025-10-16
XOM	2025-10-17
XOM	2025-10-20
XOM	2025-10-21
XOM	2025-10-22
XOM	2025-10-23
XOM	2025-10-24
XOM	2025-10-27
XOM	2025-10-28
XOM	2025-10-29
XOM	2025-10-30
XOM	2025-10-31
XOM	2026-03-11
XOM	2026-03-12
