symbol	month	scope_symbol_days	expected_1m_slots_calendar	early_close_days_in_scope	full_close_days_in_scope	trade_1m_slots	trade_slot_cov_pct	quote_1m_slots	quote_slot_cov_pct	stock_1m_slots	stock_slot_cov_pct	enrich_1m_slots	enrich_slot_cov_pct	enrich_vs_trade_slot_pct	trade_rows	quote_rows	stock_rows	enrich_rows
AAPL	2025-11-01	18	7308	0	0	7021	96.07	7308	100	7308	100	7021	96.07	100	2043821	18162549	7308	2043821
ABBV	2025-11-01	18	7308	0	0	6735	92.16	7308	100	7308	100	6735	92.16	100	72885	10743572	7308	72885
ABNB	2025-11-01	18	7308	0	0	6751	92.38	7308	100	7308	100	6751	92.38	100	91381	9789472	7308	91381
ADBE	2025-11-01	18	7308	0	0	7013	95.96	7308	100	7308	100	7013	95.96	100	166371	19791344	7308	166371
AFRM	2025-11-01	18	7308	0	0	6970	95.37	7308	100	7308	100	6970	95.37	100	129621	9294964	7308	129621
ALLY	2025-11-01	18	7308	0	0	3145	43.04	7308	100	7308	100	3145	43.04	100	9599	3628828	7308	9599
AMD	2025-11-01	18	7308	0	0	7023	96.1	7308	100	7308	100	7023	96.1	100	2820908	22404704	7308	2820908
AMGN	2025-11-01	18	7308	0	0	6470	88.53	7308	100	7308	100	6470	88.53	100	52548	12485312	7308	52548
AMZN	2025-11-01	18	7308	0	0	7025	96.13	7878	107.8	7293	99.79	7025	96.13	100	1943792	16066335	7293	1943792
AVGO	2025-11-01	18	7308	0	0	7021	96.07	7308	100	7308	100	7021	96.07	100	812701	23213781	7308	812701
AXP	2025-11-01	18	7308	0	0	6563	89.81	7308	100	7308	100	6563	89.81	100	57109	12983068	7308	57109
BA	2025-11-01	18	7308	0	0	7021	96.07	7308	100	7308	100	7021	96.07	100	312504	12120724	7308	312504
BAC	2025-11-01	18	7308	0	0	7020	96.06	7308	100	7308	100	7020	96.06	100	229641	7726992	7308	229641
BLK	2025-11-01	18	7308	0	0	4191	57.35	7308	100	7308	100	4191	57.35	100	15728	20256823	7308	15728
BMY	2025-11-01	18	7308	0	0	6923	94.73	7308	100	7308	100	6923	94.73	100	99864	6607244	7308	99864
C	2025-11-01	18	7308	0	0	6923	94.73	7308	100	7308	100	6923	94.73	100	146786	10099656	7308	146786
CAT	2025-11-01	18	7308	0	0	6938	94.94	7308	100	7308	100	6938	94.94	100	103324	21995456	7308	103324
CL	2025-11-01	18	7308	0	0	4495	61.51	7308	100	7308	100	4495	61.51	100	14788	6525232	7308	14788
CME	2025-11-01	18	7308	0	0	2770	37.9	7308	100	7308	100	2770	37.9	100	7645	8201200	7308	7645
CMG	2025-11-01	18	7308	0	0	6989	95.63	7308	100	7308	100	6989	95.63	100	173285	13795068	7308	173285
COIN	2025-11-01	18	7308	0	0	7024	96.11	7308	100	7308	100	7024	96.11	100	819068	25467579	7308	819068
COP	2025-11-01	18	7308	0	0	6185	84.63	7308	100	7308	100	6185	84.63	100	42621	8939308	7308	42621
COST	2025-11-01	18	7308	0	0	7020	96.06	7308	100	7308	100	7020	96.06	100	242207	23809466	7308	242207
CRM	2025-11-01	18	7308	0	0	7019	96.05	7308	100	7308	100	7019	96.05	100	188694	13033412	7308	188694
CSCO	2025-11-01	18	7308	0	0	6984	95.57	7308	100	7308	100	6984	95.57	100	220022	7186625	7308	220022
CVS	2025-11-01	18	7308	0	0	6470	88.53	7308	100	7308	100	6470	88.53	100	50437	8392832	7308	50437
CVX	2025-11-01	18	7308	0	0	6954	95.16	7308	100	7308	100	6954	95.16	100	109096	7917000	7308	109096
DE	2025-11-01	18	7308	0	0	5253	71.88	7308	100	7308	100	5253	71.88	100	31937	12625026	7308	31937
DIS	2025-11-01	18	7308	0	0	7005	95.85	7308	100	7308	100	7005	95.85	100	219694	9143120	7308	219694
EOG	2025-11-01	18	7308	0	0	4227	57.84	7308	100	7308	100	4227	57.84	100	16717	8292144	7308	16717
ETN	2025-11-01	18	7308	0	0	4984	68.2	7308	100	7308	100	4984	68.2	100	25981	11553136	7308	25981
GE	2025-11-01	18	7308	0	0	6600	90.31	7308	100	7308	100	6600	90.31	100	54787	11453260	7308	54787
GILD	2025-11-01	18	7308	0	0	6047	82.74	7308	100	7308	100	6047	82.74	100	35921	8777848	7308	35921
GIS	2025-11-01	18	7308	0	0	4508	61.69	7308	100	7308	100	4508	61.69	100	14740	3055556	7308	14740
GOOGL	2025-11-01	18	7308	0	0	7022	96.09	7308	100	7308	100	7022	96.09	100	1763079	22590798	7308	1763079
GS	2025-11-01	18	7308	0	0	6997	95.74	7308	100	7308	100	6997	95.74	100	208671	32698428	7308	208671
HAL	2025-11-01	18	7308	0	0	6099	83.46	7308	100	7308	100	6099	83.46	100	38961	6438348	7308	38961
HD	2025-11-01	18	7308	0	0	6967	95.33	7308	100	7308	100	6967	95.33	100	137893	14068360	7308	137893
HON	2025-11-01	18	7308	0	0	4836	66.17	7308	100	7308	100	4836	66.17	100	18066	6694844	7308	18066
HOOD	2025-11-01	18	7308	0	0	7022	96.09	7308	100	7308	100	7022	96.09	100	1137488	15907892	7308	1137488
ICE	2025-11-01	18	7308	0	0	2006	27.45	7308	100	7308	100	2006	27.45	100	4766	3986108	7308	4766
INTC	2025-11-01	18	7308	0	0	7022	96.09	7308	100	7308	100	7022	96.09	100	583383	9584036	7308	583383
JNJ	2025-11-01	18	7308	0	0	6865	93.94	7308	100	7308	100	6865	93.94	100	88374	9008592	7308	88374
JPM	2025-11-01	18	7308	0	0	7017	96.02	7308	100	7308	100	7017	96.02	100	205085	16656204	7308	205085
KEY	2025-11-01	18	7308	0	0	3406	46.61	7308	100	7308	100	3406	46.61	100	10140	5377064	7308	10140
KHC	2025-11-01	18	7308	0	0	6022	82.4	7308	100	7308	100	6022	82.4	100	32226	4394544	7308	32226
KO	2025-11-01	18	7308	0	0	6969	95.36	7308	100	7308	100	6969	95.36	100	124571	6759088	7308	124571
LLY	2025-11-01	18	7308	0	0	7015	95.99	7308	100	7308	100	7015	95.99	100	424625	26089367	7308	424625
LMT	2025-11-01	18	7308	0	0	6237	85.34	7308	100	7308	100	6237	85.34	100	41097	14326928	7308	41097
LOW	2025-11-01	18	7308	0	0	5889	80.58	7308	100	7308	100	5889	80.58	100	42098	9175062	7308	42098
MA	2025-11-01	18	7308	0	0	6450	88.26	7308	100	7308	100	6450	88.26	100	51514	18866820	7308	51514
MCD	2025-11-01	18	7308	0	0	6724	92.01	7308	100	7308	100	6724	92.01	100	77968	11407392	7308	77968
META	2025-11-01	18	7308	0	0	7022	96.09	7308	100	7308	100	7022	96.09	100	2754019	43538153	7308	2754019
MMM	2025-11-01	18	7308	0	0	5485	75.05	7308	100	7308	100	5485	75.05	100	26734	7781396	7308	26734
MO	2025-11-01	18	7308	0	0	6394	87.49	7308	100	7308	100	6394	87.49	100	41784	6109488	7308	41784
MPC	2025-11-01	18	7308	0	0	3064	41.93	7308	100	7308	100	3064	41.93	100	9029	5222784	7308	9029
MRK	2025-11-01	18	7308	0	0	6970	95.37	7308	100	7308	100	6970	95.37	100	153618	7377442	7308	153618
MS	2025-11-01	18	7308	0	0	6363	87.07	7308	100	7308	100	6363	87.07	100	50994	9506896	7308	50994
MSFT	2025-11-01	18	7308	0	0	7023	96.1	7308	100	7308	100	7023	96.1	100	1351747	23536806	7308	1351747
MU	2025-11-01	18	7308	0	0	7021	96.07	7308	100	7308	100	7021	96.07	100	822311	19048708	7308	822311
NFLX	2025-11-01	18	7308	0	0	7021	96.07	7308	100	7308	100	7021	96.07	100	833282	52071114	7308	833282
NKE	2025-11-01	18	7308	0	0	7014	95.98	7308	100	7308	100	7014	95.98	100	184586	9403772	7308	184586
NOC	2025-11-01	18	7308	0	0	1991	27.24	7308	100	7308	100	1991	27.24	100	5380	10068280	7308	5380
NOW	2025-11-01	18	7308	0	0	6552	89.66	7308	100	7308	100	6552	89.66	100	52062	23899002	7308	52062
NVDA	2025-11-01	18	7308	0	0	7030	96.2	7878	107.8	7293	99.79	7030	96.2	100	7669270	29970440	7293	7669270
ORCL	2025-11-01	18	7308	0	0	6984	95.57	7308	100	7308	100	6984	95.57	100	968778	17715404	7308	968778
OXY	2025-11-01	18	7308	0	0	6893	94.32	7308	100	7308	100	6893	94.32	100	93229	6387192	7308	93229
PEP	2025-11-01	18	7308	0	0	6883	94.18	7308	100	7308	100	6883	94.18	100	70045	8607200	7308	70045
PFE	2025-11-01	18	7308	0	0	7007	95.88	7308	100	7308	100	7007	95.88	100	307073	5688060	7308	307073
PG	2025-11-01	18	7308	0	0	6778	92.75	7308	100	7308	100	6778	92.75	100	67385	7904820	7308	67385
PLTR	2025-11-01	18	7308	0	0	7023	96.1	7308	100	7308	100	7023	96.1	100	2901673	19246836	7308	2901673
PM	2025-11-01	18	7308	0	0	5649	77.3	7308	100	7308	100	5649	77.3	100	27096	8356333	7308	27096
PNC	2025-11-01	18	7308	0	0	4400	60.21	7308	100	6902	94.44	4400	60.21	100	14003	8430184	6902	14003
PSX	2025-11-01	18	7308	0	0	4452	60.92	7308	100	7308	100	4452	60.92	100	15763	8744428	7308	15763
PYPL	2025-11-01	18	7308	0	0	7021	96.07	7308	100	7308	100	7021	96.07	100	309410	9174788	7308	309410
QCOM	2025-11-01	18	7308	0	0	7006	95.87	7308	100	7308	100	7006	95.87	100	224472	11212908	7308	224472
QQQ	2025-11-01	18	7308	0	0	7231	98.95	7308	100	7308	100	7231	98.95	100	14016884	63747523	7308	14016884
RBLX	2025-11-01	18	7308	0	0	6851	93.75	7308	100	7308	100	6851	93.75	100	105092	13323129	7308	105092
RF	2025-11-01	18	7308	0	0	1549	21.2	7308	100	7308	100	1549	21.2	100	3038	2543184	7308	3038
RTX	2025-11-01	18	7308	0	0	5928	81.12	7308	100	7308	100	5928	81.12	100	30895	7829257	7308	30895
SBUX	2025-11-01	18	7308	0	0	6984	95.57	7308	100	7308	100	6984	95.57	100	119380	7274708	7308	119380
SCHW	2025-11-01	18	7308	0	0	6199	84.82	7308	100	7308	100	6199	84.82	100	44121	7672588	7308	44121
SHOP	2025-11-01	18	7308	0	0	6982	95.54	7308	100	7308	100	6982	95.54	100	167700	11816224	7308	167700
SLB	2025-11-01	18	7308	0	0	6481	88.68	7308	100	7308	100	6481	88.68	100	51264	5459888	7308	51264
SNOW	2025-11-01	18	7308	0	0	6956	95.18	7308	100	7308	100	6956	95.18	100	125800	13514698	7308	125800
SOFI	2025-11-01	18	7308	0	0	7021	96.07	7308	100	7308	100	7021	96.07	100	1194379	9478476	7308	1194379
SPGI	2025-11-01	18	7308	0	0	2605	35.65	7308	100	7308	100	2605	35.65	100	6758	12527536	7308	6758
SPY	2025-11-01	18	7308	0	0	7293	99.79	7308	100	7308	100	7293	99.79	100	23595801	76156668	7308	23595801
TFC	2025-11-01	18	7308	0	0	2865	39.2	7308	100	7308	100	2865	39.2	100	8093	2964612	7308	8093
TGT	2025-11-01	18	7308	0	0	7009	95.91	7308	100	7308	100	7009	95.91	100	197384	8684340	7308	197384
TSLA	2025-11-01	18	7308	0	0	7030	96.2	7308	100	7308	100	7030	96.2	100	9106152	40478200	7308	9106152
UBER	2025-11-01	18	7308	0	0	7021	96.07	7308	100	7308	100	7021	96.07	100	362560	9499588	7308	362560
UNH	2025-11-01	18	7308	0	0	7022	96.09	7308	100	7308	100	7022	96.09	100	583130	19392184	7308	583130
UPST	2025-11-01	18	7308	0	0	6954	95.16	7308	100	7308	100	6954	95.16	100	127569	8333556	7308	127569
USB	2025-11-01	18	7308	0	0	4471	61.18	7308	100	7308	100	4471	61.18	100	16527	5431468	7308	16527
V	2025-11-01	18	7308	0	0	6983	95.55	7308	100	7308	100	6983	95.55	100	109575	17437700	7308	109575
VLO	2025-11-01	18	7308	0	0	5573	76.26	7308	100	7308	100	5573	76.26	100	30929	8136240	7308	30929
WFC	2025-11-01	18	7308	0	0	6863	93.91	7308	100	7308	100	6863	93.91	100	103637	9091964	7308	103637
WMT	2025-11-01	18	7308	0	0	7021	96.07	7308	100	7308	100	7021	96.07	100	332415	8753360	7308	332415
XOM	2025-11-01	18	7308	0	0	6958	95.21	7308	100	7308	100	6958	95.21	100	199675	8938496	7308	199675
AAPL	2025-12-01	21	8526	0	0	8195	96.12	8211	96.31	8526	100	8195	96.12	100	1998727	1593602	8526	1897523
ABBV	2025-12-01	21	8526	0	0	7734	90.71	7755	90.96	8526	100	7734	90.71	100	60640	603607	8526	57124
ABNB	2025-12-01	21	8526	0	0	7423	87.06	7456	87.45	8526	100	7423	87.06	100	54696	558298	8526	48326
ADBE	2025-12-01	21	8526	0	0	8185	96	8201	96.19	8526	100	8185	96	100	262399	1225451	8526	233971
AFRM	2025-12-01	21	8526	0	0	8035	94.24	8053	94.45	8526	100	8035	94.24	100	110008	562742	8526	107854
ALLY	2025-12-01	21	8526	0	0	4031	47.28	4271	50.09	8526	100	4031	47.28	100	15557	187831	8526	15114
AMD	2025-12-01	21	8526	0	0	8192	96.08	8208	96.27	8526	100	8192	96.08	100	1653070	1690307	8526	1554499
AMGN	2025-12-01	21	8526	0	0	6999	82.09	7034	82.5	8526	100	6999	82.09	100	46110	709336	8526	45088
AMZN	2025-12-01	21	8526	0	0	8193	96.09	8209	96.28	8526	100	8193	96.09	100	1944993	1484248	8526	1641236
AVGO	2025-12-01	21	8526	0	0	8191	96.07	8207	96.26	8526	100	8191	96.07	100	1679344	1923799	8526	1450882
AXP	2025-12-01	21	8526	0	0	7629	89.48	7691	90.21	8526	100	7629	89.48	100	64068	742013	8526	55587
BA	2025-12-01	21	8526	0	0	8189	96.05	8205	96.24	8526	100	8189	96.05	100	359484	797581	8526	298280
BAC	2025-12-01	21	8526	0	0	8185	96	8201	96.19	8526	100	8185	96	100	211916	492360	8526	189477
BLK	2025-12-01	21	8526	0	0	4583	53.75	4775	56.01	8526	100	4583	53.75	100	15796	268118	8526	12245
BMY	2025-12-01	21	8526	0	0	7916	92.85	7934	93.06	8526	100	7916	92.85	100	89680	248114	8526	81356
C	2025-12-01	21	8526	0	0	8132	95.38	8153	95.63	8526	100	8132	95.38	100	208809	629182	8526	195166
CAT	2025-12-01	21	8526	0	0	8114	95.17	8114	95.17	8526	100	8114	95.17	100	140678	81866	8526	129874
CL	2025-12-01	21	8526	0	0	4894	57.4	5068	59.44	8526	100	4894	57.4	100	15191	350191	8526	14027
CME	2025-12-01	21	8526	0	0	2822	33.1	2822	33.1	8526	100	2822	33.1	100	9226	5208	8526	8375
CMG	2025-12-01	21	8526	0	0	8145	95.53	8162	95.73	8526	100	8145	95.53	100	148006	273207	8526	140336
COIN	2025-12-01	21	8526	0	0	8190	96.06	8190	96.06	8526	100	8190	96.06	100	771128	384810	8526	678351
COP	2025-12-01	21	8526	0	0	7162	84	7205	84.51	8526	100	7162	84	100	47244	347516	8526	45575
COST	2025-12-01	21	8526	0	0	8190	96.06	8190	96.06	8526	100	8190	96.06	100	320421	205088	8526	278111
CRM	2025-12-01	21	8526	0	0	8176	95.89	8176	95.89	8526	100	8176	95.89	100	272464	146317	8526	261955
CSCO	2025-12-01	21	8526	0	0	8074	94.7	8074	94.7	8526	100	8074	94.7	100	105583	57773	8526	94954
CVS	2025-12-01	21	8526	0	0	7302	85.64	7302	85.64	8526	100	7302	85.64	100	55244	31327	8526	51581
CVX	2025-12-01	21	8526	0	0	8089	94.87	8089	94.87	8526	100	8089	94.87	100	109418	61563	8526	99720
DE	2025-12-01	21	8526	0	0	6433	75.45	6433	75.45	8526	100	6433	75.45	100	31037	20771	8526	30036
DIS	2025-12-01	21	8526	0	0	8149	95.58	8149	95.58	8526	100	8149	95.58	100	152347	84350	8526	141363
EOG	2025-12-01	21	8526	0	0	5114	59.98	5114	59.98	8526	100	5114	59.98	100	18019	11494	8526	16890
ETN	2025-12-01	21	8526	0	0	5696	66.81	5696	66.81	8526	100	5696	66.81	100	24131	15209	8526	22377
GE	2025-12-01	21	8526	0	0	7729	90.65	7729	90.65	8526	100	7729	90.65	100	66412	45373	8526	60682
GILD	2025-12-01	21	8526	0	0	6519	76.46	6519	76.46	8526	100	6519	76.46	100	32903	20630	8526	30788
GIS	2025-12-01	21	8526	0	0	6083	71.35	6083	71.35	8526	100	6083	71.35	100	27713	16197	8526	25022
GOOGL	2025-12-01	21	8526	0	0	8193	96.09	8193	96.09	8526	100	8193	96.09	100	1284564	499280	8526	1180197
GS	2025-12-01	21	8526	0	0	8181	95.95	8181	95.95	8526	100	8181	95.95	100	256312	144352	8526	222944
HAL	2025-12-01	21	8526	0	0	6661	78.13	6661	78.13	8526	100	6661	78.13	100	36082	21145	8526	33089
HD	2025-12-01	21	8526	0	0	8062	94.56	8062	94.56	8526	100	8062	94.56	100	103234	67548	8526	92330
HON	2025-12-01	21	8526	0	0	5320	62.4	5320	62.4	8526	100	5320	62.4	100	17882	11613	8526	16023
HOOD	2025-12-01	21	8526	0	0	8190	96.06	8190	96.06	8526	100	8190	96.06	100	1057378	535797	8526	954296
ICE	2025-12-01	21	8526	0	0	1582	18.56	1582	18.56	8526	100	1582	18.56	100	3235	2237	8526	3168
INTC	2025-12-01	21	8526	0	0	8190	96.06	8190	96.06	8526	100	8190	96.06	100	828866	369757	8526	774762
JNJ	2025-12-01	21	8526	0	0	7955	93.3	7955	93.3	8526	100	7955	93.3	100	79592	46747	8526	71447
JPM	2025-12-01	21	8526	0	0	8184	95.99	8184	95.99	8526	100	8184	95.99	100	268298	146853	8526	240103
KEY	2025-12-01	21	8526	0	0	4467	52.39	4467	52.39	8526	100	4467	52.39	100	16019	9483	8526	14477
KHC	2025-12-01	21	8526	0	0	6990	81.98	6990	81.98	8526	100	6990	81.98	100	34671	21467	8526	31967
KO	2025-12-01	21	8526	0	0	8133	95.39	8133	95.39	8526	100	8133	95.39	100	132680	67279	8526	118216
LLY	2025-12-01	21	8526	0	0	8187	96.02	8187	96.02	8526	100	8187	96.02	100	314671	187996	8526	290657
LMT	2025-12-01	21	8526	0	0	7161	83.99	7161	83.99	8526	100	7161	83.99	100	43189	30918	8526	38862
LOW	2025-12-01	21	8526	0	0	5723	67.12	5723	67.12	8526	100	5723	67.12	100	22312	14769	8526	20986
MA	2025-12-01	21	8526	0	0	7625	89.43	7625	89.43	8526	100	7625	89.43	100	72733	42808	8526	66829
MCD	2025-12-01	21	8526	0	0	7902	92.68	7902	92.68	8526	100	7902	92.68	100	76971	49830	8526	73359
META	2025-12-01	21	8526	0	0	8192	96.08	8192	96.08	8526	100	8192	96.08	100	2073697	775987	8526	1806261
MMM	2025-12-01	21	8526	0	0	6277	73.62	6277	73.62	8526	100	6277	73.62	100	30085	19173	8526	27822
MO	2025-12-01	21	8526	0	0	7532	88.34	7532	88.34	8526	100	7532	88.34	100	49446	30445	8526	46602
MPC	2025-12-01	21	8526	0	0	3322	38.96	3322	38.96	8526	100	3322	38.96	100	8853	6219	8526	8297
MRK	2025-12-01	21	8526	0	0	8112	95.14	8112	95.14	8526	100	8112	95.14	100	118849	65974	8526	113600
MS	2025-12-01	21	8526	0	0	7586	88.97	7586	88.97	8526	100	7586	88.97	100	58341	35570	8526	49945
MSFT	2025-12-01	21	8526	0	0	8192	96.08	8192	96.08	8526	100	8192	96.08	100	1182697	504480	8526	1071856
MU	2025-12-01	21	8526	0	0	8192	96.08	8192	96.08	8526	100	8192	96.08	100	1068309	464451	8526	969674
NFLX	2025-12-01	21	8526	0	0	8194	96.11	8194	96.11	8526	100	8194	96.11	100	1421275	631965	8526	1225148
NKE	2025-12-01	21	8526	0	0	8189	96.05	8189	96.05	8526	100	8189	96.05	100	398539	193212	8526	293850
NOC	2025-12-01	21	8526	0	0	2432	28.52	2432	28.52	8526	100	2432	28.52	100	5804	4077	8526	5511
NOW	2025-12-01	21	8526	0	0	7627	89.46	7627	89.46	8526	100	7627	89.46	100	87778	56588	8526	81016
NVDA	2025-12-01	21	8526	0	0	8201	96.19	8201	96.19	8526	100	8201	96.19	100	6146121	1390993	8526	5322090
ORCL	2025-12-01	21	8526	0	0	8174	95.87	8174	95.87	8526	100	8174	95.87	100	1495001	571071	8526	1383696
OXY	2025-12-01	21	8526	0	0	8082	94.79	8082	94.79	8526	100	8082	94.79	100	109780	63394	8526	82133
PEP	2025-12-01	21	8526	0	0	7958	93.34	7958	93.34	8526	100	7958	93.34	100	81800	49833	8526	70348
PFE	2025-12-01	21	8526	0	0	8175	95.88	8175	95.88	8526	100	8175	95.88	100	219293	111968	8526	189579
PG	2025-12-01	21	8526	0	0	8056	94.49	8056	94.49	8526	100	8056	94.49	100	107889	61819	8526	96353
PLTR	2025-12-01	21	8526	0	0	8191	96.07	8191	96.07	8526	100	8191	96.07	100	1900362	615243	8526	1658966
PM	2025-12-01	21	8526	0	0	6672	78.25	6672	78.25	8526	100	6672	78.25	100	29857	20538	8526	28270
PNC	2025-12-01	21	8526	0	0	4626	54.26	4626	54.26	8526	100	4626	54.26	100	15351	10952	8526	14398
PSX	2025-12-01	21	8526	0	0	4896	57.42	4896	57.42	8526	100	4896	57.42	100	15569	10844	8526	14084
PYPL	2025-12-01	21	8526	0	0	8190	96.06	8190	96.06	8526	100	8190	96.06	100	274545	156165	8526	221061
QCOM	2025-12-01	21	8526	0	0	8142	95.5	8142	95.5	8526	100	8142	95.5	100	133152	76334	8526	125648
QQQ	2025-12-01	21	8526	0	0	8505	99.75	8505	99.75	8526	100	8505	99.75	100	14045011	2068987	8526	12671943
RBLX	2025-12-01	21	8526	0	0	7886	92.49	7886	92.49	8526	100	7886	92.49	100	83945	50514	8526	72827
RF	2025-12-01	21	8526	0	0	1965	23.05	1965	23.05	8526	100	1965	23.05	100	4371	2773	8526	3902
RTX	2025-12-01	21	8526	0	0	7024	82.38	7024	82.38	8526	100	7024	82.38	100	36978	24874	8526	31547
SBUX	2025-12-01	21	8526	0	0	8095	94.94	8095	94.94	8526	100	8095	94.94	100	109984	67897	8526	96393
SCHW	2025-12-01	21	8526	0	0	7095	83.22	7095	83.22	8526	100	7095	83.22	100	46545	28106	8526	38872
SHOP	2025-12-01	21	8526	0	0	8113	95.16	8113	95.16	8526	100	8113	95.16	100	126248	80784	8526	112276
SLB	2025-12-01	21	8526	0	0	7442	87.29	7442	87.29	8526	100	7442	87.29	100	56334	31852	8526	51116
SNOW	2025-12-01	21	8526	0	0	8155	95.65	8155	95.65	8526	100	8155	95.65	100	305931	149048	8526	279406
SOFI	2025-12-01	21	8526	0	0	8190	96.06	8190	96.06	8526	100	8190	96.06	100	1028377	466153	8526	870172
SPGI	2025-12-01	21	8526	0	0	2894	33.94	2894	33.94	8526	100	2894	33.94	100	7529	4960	8526	7374
SPY	2025-12-01	21	8526	0	0	8508	99.79	8508	99.79	8526	100	8508	99.79	100	22926335	2514095	8526	19993040
TFC	2025-12-01	21	8526	0	0	3570	41.87	3570	41.87	8526	100	3570	41.87	100	11322	6398	8526	10581
TGT	2025-12-01	21	8526	0	0	8152	95.61	8152	95.61	8526	100	8152	95.61	100	168063	93814	8526	137124
TSLA	2025-12-01	21	8526	0	0	8201	96.19	8201	96.19	8526	100	8201	96.19	100	10585945	1845128	8526	9579355
UBER	2025-12-01	21	8526	0	0	8189	96.05	8189	96.05	8526	100	8189	96.05	100	325997	178334	8526	281180
UNH	2025-12-01	21	8526	0	0	8193	96.09	8193	96.09	8526	100	8193	96.09	100	502303	280752	8526	409372
UPST	2025-12-01	21	8526	0	0	8027	94.15	8027	94.15	8526	100	8027	94.15	100	106247	65372	8526	101335
USB	2025-12-01	21	8526	0	0	5921	69.45	5921	69.45	8526	100	5921	69.45	100	27653	15432	8526	24026
V	2025-12-01	21	8526	0	0	8081	94.78	8081	94.78	8526	100	8081	94.78	100	127348	74879	8526	114357
VLO	2025-12-01	21	8526	0	0	6174	72.41	6174	72.41	8526	100	6174	72.41	100	28674	17951	8526	27435
WFC	2025-12-01	21	8526	0	0	7976	93.55	7976	93.55	8526	100	7976	93.55	100	134577	59335	8526	115454
WMT	2025-12-01	21	8526	0	0	8192	96.08	8192	96.08	8526	100	8192	96.08	100	309217	156217	8526	293091
XOM	2025-12-01	21	8526	0	0	8162	95.73	8162	95.73	8526	100	8162	95.73	100	245603	122662	8526	209212
AAPL	2026-01-01	20	8120	0	0	7802	96.08	7802	96.08	8120	100	7802	96.08	100	2671843	746417	8120	335574
ABBV	2026-01-01	20	8120	0	0	7518	92.59	7518	92.59	8120	100	7518	92.59	100	74550	45256	8120	9654
ABNB	2026-01-01	20	8120	0	0	6780	83.5	6780	83.5	8120	100	6780	83.5	100	47529	27971	8120	12890
ADBE	2026-01-01	20	8120	0	0	7796	96.01	7796	96.01	8120	100	7796	96.01	100	272201	158801	8120	15880
AFRM	2026-01-01	20	8120	0	0	7714	95	7714	95	8120	100	7714	95	100	111391	69746	8120	18154
ALLY	2026-01-01	20	8120	0	0	3652	44.98	3652	44.98	8120	100	3652	44.98	100	10824	6399	8120	4367
AMD	2026-01-01	20	8120	0	0	7802	96.08	7802	96.08	8120	100	7802	96.08	100	2508705	722184	8120	343688
AMGN	2026-01-01	20	8120	0	0	7482	92.14	7482	92.14	8120	100	7482	92.14	100	79616	34198	8120	20368
AMZN	2026-01-01	20	8120	0	0	7801	96.07	7801	96.07	8120	100	7801	96.07	100	2222024	718251	8120	445315
AVGO	2026-01-01	20	8120	0	0	7803	96.1	7803	96.1	8120	100	7803	96.1	100	1209622	561202	8120	143382
AXP	2026-01-01	20	8120	0	0	7432	91.53	7432	91.53	8120	100	7432	91.53	100	90106	55114	8120	10047
BA	2026-01-01	20	8120	0	0	7800	96.06	7800	96.06	8120	100	7800	96.06	100	456422	218438	8120	45054
BAC	2026-01-01	20	8120	0	0	7800	96.06	7800	96.06	8120	100	7800	96.06	100	309519	136161	8120	48882
BLK	2026-01-01	20	8120	0	0	5430	66.87	5430	66.87	8120	100	5430	66.87	100	21926	15925	8120	6483
BMY	2026-01-01	20	8120	0	0	7489	92.23	7489	92.23	8120	100	7489	92.23	100	65963	39620	8120	14408
C	2026-01-01	20	8120	0	0	7730	95.2	7730	95.2	8120	100	7730	95.2	100	232537	106108	8120	16509
CAT	2026-01-01	20	8120	0	0	7779	95.8	7779	95.8	8120	100	7779	95.8	100	196438	106769	8120	54250
CL	2026-01-01	20	8120	0	0	5286	65.1	5286	65.1	8120	100	5286	65.1	100	18802	12732	8120	7142
CME	2026-01-01	20	8120	0	0	3559	43.83	3559	43.83	8120	100	3559	43.83	100	13501	6346	8120	3883
CMG	2026-01-01	20	8120	0	0	7706	94.9	7706	94.9	8120	100	7706	94.9	100	113548	68630	8120	23993
COIN	2026-01-01	20	8120	0	0	7800	96.06	7800	96.06	8120	100	7800	96.06	100	739731	362646	8120	52110
COP	2026-01-01	20	8120	0	0	7419	91.37	7419	91.37	8120	100	7419	91.37	100	80429	42925	8120	15533
COST	2026-01-01	20	8120	0	0	7799	96.05	7799	96.05	8120	100	7799	96.05	100	295922	181888	8120	7799
CRM	2026-01-01	20	8120	0	0	7785	95.87	7785	95.87	8120	100	7785	95.87	100	227592	135719	8120	38242
CSCO	2026-01-01	20	8120	0	0	7711	94.96	7711	94.96	8120	100	7711	94.96	100	113988	57232	8120	23153
CVS	2026-01-01	20	8120	0	0	7476	92.07	7476	92.07	8120	100	7476	92.07	100	86358	49668	8120	8946
CVX	2026-01-01	20	8120	0	0	7785	95.87	7785	95.87	8120	100	7785	95.87	100	353266	157672	8120	15209
DE	2026-01-01	20	8120	0	0	6734	82.93	6734	82.93	8120	100	6734	82.93	100	44252	23250	8120	7817
DIS	2026-01-01	20	8120	0	0	7733	95.23	7733	95.23	8120	100	7733	95.23	100	137487	74263	8120	25449
EOG	2026-01-01	20	8120	0	0	5124	63.1	5124	63.1	8120	100	5124	63.1	100	20092	12393	8120	6039
ETN	2026-01-01	20	8120	0	0	5529	68.09	5529	68.09	8120	100	5529	68.09	100	24946	14505	8120	7507
GE	2026-01-01	20	8120	0	0	7707	94.91	7707	94.91	8120	100	7707	94.91	100	130435	77618	8120	7707
GILD	2026-01-01	20	8120	0	0	6639	81.76	6639	81.76	8120	100	6639	81.76	100	43400	25463	8120	10009
GIS	2026-01-01	20	8120	0	0	5886	72.49	5886	72.49	8120	100	5886	72.49	100	24719	16192	8120	8846
GOOGL	2026-01-01	20	8120	0	0	7802	96.08	7802	96.08	8120	100	7802	96.08	100	1400741	517874	8120	219047
GS	2026-01-01	20	8120	0	0	7791	95.95	7791	95.95	8120	100	7791	95.95	100	269992	147352	8120	84367
HAL	2026-01-01	20	8120	0	0	7540	92.86	7540	92.86	8120	100	7540	92.86	100	94538	51679	8120	11400
HD	2026-01-01	20	8120	0	0	7708	94.93	7708	94.93	8120	100	7708	94.93	100	102109	65249	8120	33634
HON	2026-01-01	20	8120	0	0	6541	80.55	6541	80.55	8120	100	6541	80.55	100	39004	22441	8120	7299
HOOD	2026-01-01	20	8120	0	0	7801	96.07	7801	96.07	8120	100	7801	96.07	100	905093	474180	8120	136224
ICE	2026-01-01	20	8120	0	0	2118	26.08	2118	26.08	8120	100	2118	26.08	100	6660	3270	8120	2559
INTC	2026-01-01	20	8120	0	0	7800	96.06	7800	96.06	8120	100	7800	96.06	100	1846393	653539	8120	259264
JNJ	2026-01-01	20	8120	0	0	7705	94.89	7705	94.89	8120	100	7705	94.89	100	107130	56448	8120	20932
JPM	2026-01-01	20	8120	0	0	7800	96.06	7800	96.06	8120	100	7800	96.06	100	399121	202206	8120	33152
KEY	2026-01-01	20	8120	0	0	3054	37.61	3054	37.61	8120	100	3054	37.61	100	8274	5195	8120	4088
KHC	2026-01-01	20	8120	0	0	7227	89	7227	89	8120	100	7227	89	100	56985	30666	8120	13074
KO	2026-01-01	20	8120	0	0	7785	95.87	7785	95.87	8120	100	7785	95.87	100	170080	83357	8120	19274
LLY	2026-01-01	20	8120	0	0	7794	95.99	7794	95.99	8120	100	7794	95.99	100	292597	171636	8120	31108
LMT	2026-01-01	20	8120	0	0	7594	93.52	7594	93.52	8120	100	7594	93.52	100	89090	61206	8120	20023
LOW	2026-01-01	20	8120	0	0	6299	77.57	6299	77.57	8120	100	6299	77.57	100	34973	20037	8120	9195
MA	2026-01-01	20	8120	0	0	7464	91.92	7464	91.92	8120	100	7464	91.92	100	81638	49329	8120	10684
MCD	2026-01-01	20	8120	0	0	7536	92.81	7536	92.81	8120	100	7536	92.81	100	73521	47286	8120	18648
META	2026-01-01	20	8120	0	0	7801	96.07	7801	96.07	8120	100	7801	96.07	100	2593262	954888	8120	209384
MMM	2026-01-01	20	8120	0	0	6465	79.62	6465	79.62	8120	100	6465	79.62	100	41695	26582	8120	7406
MO	2026-01-01	20	8120	0	0	7582	93.37	7582	93.37	8120	100	7582	93.37	100	81539	47730	8120	19161
MPC	2026-01-01	20	8120	0	0	3802	46.82	3802	46.82	8120	100	3802	46.82	100	12352	7632	8120	7681
MRK	2026-01-01	20	8120	0	0	7667	94.42	7667	94.42	8120	100	7667	94.42	100	97890	53999	8120	27003
MS	2026-01-01	20	8120	0	0	7487	92.2	7487	92.2	8120	100	7487	92.2	100	89957	48250	8120	9295
MSFT	2026-01-01	20	8120	0	0	7801	96.07	7801	96.07	8120	100	7801	96.07	100	2188480	839082	8120	200386
MU	2026-01-01	20	8120	0	0	7801	96.07	7801	96.07	8120	100	7801	96.07	100	2085553	789240	8120	352591
NFLX	2026-01-01	20	8120	0	0	7806	96.13	7806	96.13	8120	100	7806	96.13	100	1585539	635579	8120	7806
NKE	2026-01-01	20	8120	0	0	7800	96.06	7800	96.06	8120	100	7800	96.06	100	274177	146117	8120	49602
NOC	2026-01-01	20	8120	0	0	4332	53.35	4332	53.35	8120	100	4332	53.35	100	15830	10614	8120	4468
NOW	2026-01-01	20	8120	0	0	7783	95.85	7783	95.85	8120	100	7783	95.85	100	255771	141501	8120	24717
NVDA	2026-01-01	20	8120	0	0	7804	96.11	7804	96.11	8120	100	7804	96.11	100	5268920	1175663	8120	1187855
ORCL	2026-01-01	20	8120	0	0	7772	95.71	7772	95.71	8120	100	7772	95.71	100	941917	409078	8120	109593
OXY	2026-01-01	20	8120	0	0	7753	95.48	7753	95.48	8120	100	7753	95.48	100	145094	83593	8120	17028
PEP	2026-01-01	20	8120	0	0	7697	94.79	7697	94.79	8120	100	7697	94.79	100	102300	60257	8120	21495
PFE	2026-01-01	20	8120	0	0	7764	95.62	7764	95.62	8120	100	7764	95.62	100	217070	106322	8120	49787
PG	2026-01-01	20	8120	0	0	7686	94.66	7686	94.66	8120	100	7686	94.66	100	117419	66261	8120	27234
PLTR	2026-01-01	20	8120	0	0	7802	96.08	7802	96.08	8120	100	7802	96.08	100	2094988	698074	8120	99782
PM	2026-01-01	20	8120	0	0	6545	80.6	6545	80.6	8120	100	6545	80.6	100	33992	21852	8120	8464
PNC	2026-01-01	20	8120	0	0	4749	58.49	4749	58.49	8120	100	4749	58.49	100	22747	14418	8120	5633
PSX	2026-01-01	20	8120	0	0	4682	57.66	4682	57.66	8120	100	4682	57.66	100	17014	11086	8120	7703
PYPL	2026-01-01	20	8120	0	0	7800	96.06	7800	96.06	8120	100	7800	96.06	100	304719	165077	8120	29909
QCOM	2026-01-01	20	8120	0	0	7789	95.92	7789	95.92	8120	100	7789	95.92	100	172700	97255	8120	21895
QQQ	2026-01-01	20	8120	0	0	8102	99.78	8102	99.78	8120	100	8102	99.78	100	14236580	2072121	8120	1466881
RBLX	2026-01-01	20	8120	0	0	7755	95.5	7755	95.5	8120	100	7755	95.5	100	190649	103179	8120	45742
RF	2026-01-01	20	8120	0	0	2672	32.91	2672	32.91	8120	100	2672	32.91	100	7568	4507	8120	3982
RTX	2026-01-01	20	8120	0	0	7490	92.24	7490	92.24	8120	100	7490	92.24	100	77529	45443	8120	13959
SBUX	2026-01-01	20	8120	0	0	7780	95.81	7780	95.81	8120	100	7780	95.81	100	174869	98570	8120	17934
SCHW	2026-01-01	20	8120	0	0	6990	86.08	6990	86.08	8120	100	6990	86.08	100	63970	32663	8120	9307
SHOP	2026-01-01	20	8120	0	0	7756	95.52	7756	95.52	8120	100	7756	95.52	100	140673	86671	8120	34335
SLB	2026-01-01	20	8120	0	0	7658	94.31	7658	94.31	8120	100	7658	94.31	100	104372	58626	8120	23144
SNOW	2026-01-01	20	8120	0	0	7757	95.53	7757	95.53	8120	100	7757	95.53	100	169136	90438	8120	31475
SOFI	2026-01-01	20	8120	0	0	7801	96.07	7801	96.07	8120	100	7801	96.07	100	1146092	505927	8120	215402
SPGI	2026-01-01	20	8120	0	0	2352	28.97	2352	28.97	8120	100	2352	28.97	100	6822	4138	8120	3283
SPY	2026-01-01	20	8120	0	0	8104	99.8	8104	99.8	8120	100	8104	99.8	100	22302307	2498599	8120	8104
TFC	2026-01-01	20	8120	0	0	3229	39.77	3229	39.77	8120	100	3229	39.77	100	9652	5343	8120	4459
TGT	2026-01-01	20	8120	0	0	7764	95.62	7764	95.62	8120	100	7764	95.62	100	158854	83670	8120	42699
TSLA	2026-01-01	20	8120	0	0	7810	96.18	7810	96.18	8120	100	7810	96.18	100	8399682	1634668	8120	2056201
UBER	2026-01-01	20	8120	0	0	7797	96.02	7797	96.02	8120	100	7797	96.02	100	270818	145012	8120	20911
UNH	2026-01-01	20	8120	0	0	7801	96.07	7801	96.07	8120	100	7801	96.07	100	775479	375110	8120	66746
UPST	2026-01-01	20	8120	0	0	7538	92.83	7538	92.83	8120	100	7538	92.83	100	77258	51262	8120	10817
USB	2026-01-01	20	8120	0	0	5914	72.83	5914	72.83	8120	100	5914	72.83	100	28547	15417	8120	10040
V	2026-01-01	20	8120	0	0	7736	95.27	7736	95.27	8120	100	7736	95.27	100	170026	96632	8120	15770
VLO	2026-01-01	20	8120	0	0	6773	83.41	6773	83.41	8120	100	6773	83.41	100	50999	31821	8120	23328
WFC	2026-01-01	20	8120	0	0	7701	94.84	7701	94.84	8120	100	7701	94.84	100	181907	75063	8120	29211
WMT	2026-01-01	20	8120	0	0	7801	96.07	7801	96.07	8120	100	7801	96.07	100	355745	152451	8120	75992
XOM	2026-01-01	20	8120	0	0	7761	95.58	7761	95.58	8120	100	7761	95.58	100	398830	181699	8120	90125
AAPL	2026-02-01	19	7714	0	0	7411	96.07	7422	96.21	7684	99.61	7411	96.07	100	3025555	14214255	7684	2771861
ABBV	2026-02-01	19	7714	0	0	7140	92.56	7304	94.68	7699	99.81	7140	92.56	100	75035	3321155	7699	71659
ABNB	2026-02-01	19	7714	0	0	6838	88.64	7173	92.99	7699	99.81	6838	88.64	100	60678	5257991	7699	58814
ADBE	2026-02-01	19	7714	0	0	7409	96.05	7466	96.79	7699	99.81	7409	96.05	100	237465	11384068	7699	224834
AFRM	2026-02-01	19	7714	0	0	7219	93.58	7365	95.48	7684	99.61	7219	93.58	100	89766	5088224	7684	85898
ALLY	2026-02-01	19	7714	0	0	2585	33.51	5685	73.7	7699	99.81	2585	33.51	100	7787	1831913	7699	7241
AMD	2026-02-01	19	7714	0	0	7410	96.06	7446	96.53	7699	99.81	7410	96.06	100	2159210	6501450	7699	2070937
AMGN	2026-02-01	19	7714	0	0	6872	89.08	7156	92.77	7699	99.81	6872	89.08	100	69372	6156114	7699	66346
AMZN	2026-02-01	19	7714	0	0	7410	96.06	7465	96.77	7684	99.61	7410	96.06	100	3081390	10665231	7684	2974539
AVGO	2026-02-01	19	7714	0	0	7411	96.07	7462	96.73	7684	99.61	7411	96.07	100	1030815	6778513	7684	984982
AXP	2026-02-01	19	7714	0	0	7086	91.86	7251	94	7684	99.61	7086	91.86	100	80293	4400631	7684	78035
BA	2026-02-01	19	7714	0	0	7408	96.03	7432	96.34	7684	99.61	7408	96.03	100	246097	5399267	7684	230726
BAC	2026-02-01	19	7714	0	0	7410	96.06	7462	96.73	7699	99.81	7410	96.06	100	318284	2985562	7699	299033
BLK	2026-02-01	19	7714	0	0	4377	56.74	5719	74.14	7699	99.81	4377	56.74	100	13645	8933509	7699	13192
BMY	2026-02-01	19	7714	0	0	7182	93.1	7271	94.26	7699	99.81	7182	93.1	100	84746	2340275	7699	81768
C	2026-02-01	19	7714	0	0	7370	95.54	7441	96.46	7699	99.81	7370	95.54	100	216324	5318058	7699	205378
CAT	2026-02-01	19	7714	0	0	7394	95.85	7436	96.4	7699	99.81	7394	95.85	100	189853	7755710	7699	175236
CL	2026-02-01	19	7714	0	0	4669	60.53	5950	77.13	7699	99.81	4669	60.53	100	15984	2965421	7699	14901
CME	2026-02-01	19	7714	0	0	4039	52.36	5604	72.65	7699	99.81	4039	52.36	100	15315	3547344	7699	14773
CMG	2026-02-01	19	7714	0	0	7316	94.84	7409	96.05	7699	99.81	7316	94.84	100	121816	6916733	7699	115911
COIN	2026-02-01	19	7714	0	0	7411	96.07	7434	96.37	7684	99.61	7411	96.07	100	860032	12901479	7684	823950
COP	2026-02-01	19	7714	0	0	6825	88.48	7114	92.22	7684	99.61	6825	88.48	100	59268	5390130	7684	57055
COST	2026-02-01	19	7714	0	0	7408	96.03	7465	96.77	7714	100	7408	96.03	100	235372	12876074	7714	222008
CRM	2026-02-01	19	7714	0	0	7409	96.05	7459	96.69	7699	99.81	7409	96.05	100	320216	3596456	7699	311536
CSCO	2026-02-01	19	7714	0	0	7379	95.66	7427	96.28	7699	99.81	7379	95.66	100	224452	2816821	7699	210989
CVS	2026-02-01	19	7714	0	0	7130	92.43	7293	94.54	7684	99.61	7130	92.43	100	73416	2531595	7684	69793
CVX	2026-02-01	19	7714	0	0	7392	95.83	7433	96.36	7699	99.81	7392	95.83	100	170369	5294893	7699	160018
DE	2026-02-01	19	7714	0	0	7110	92.17	7296	94.58	7699	99.81	7110	92.17	100	77784	7286348	7699	75642
DIS	2026-02-01	19	7714	0	0	7371	95.55	7397	95.89	7684	99.61	7371	95.55	100	177298	2472863	7684	146698
EOG	2026-02-01	19	7714	0	0	4898	63.49	6105	79.14	7699	99.81	4898	63.49	100	20869	3518954	7699	20463
ETN	2026-02-01	19	7714	0	0	5597	72.56	6244	80.94	7684	99.61	5597	72.56	100	27693	3780084	7684	23993
GE	2026-02-01	19	7714	0	0	7279	94.36	7398	95.9	7699	99.81	7279	94.36	100	103858	4671210	7699	98375
GILD	2026-02-01	19	7714	0	0	6251	81.03	6944	90.02	7684	99.61	6251	81.03	100	40526	4988569	7684	38903
GIS	2026-02-01	19	7714	0	0	5343	69.26	6009	77.9	7684	99.61	5343	69.26	100	21462	857774	7684	20853
GOOGL	2026-02-01	19	7714	0	0	7411	96.07	7460	96.71	7684	99.61	7411	96.07	100	1662580	5939714	7684	1587895
GS	2026-02-01	19	7714	0	0	7410	96.06	7448	96.55	7699	99.81	7410	96.06	100	229168	16153377	7699	220413
HAL	2026-02-01	19	7714	0	0	6668	86.44	6999	90.73	7699	99.81	6668	86.44	100	42625	2363082	7699	40682
HD	2026-02-01	19	7714	0	0	7317	94.85	7424	96.24	7699	99.81	7317	94.85	100	103271	7261392	7699	99177
HON	2026-02-01	19	7714	0	0	5642	73.14	6413	83.13	7699	99.81	5642	73.14	100	24086	3894595	7699	23195
HOOD	2026-02-01	19	7714	0	0	7410	96.06	7447	96.54	7699	99.81	7410	96.06	100	1091940	6606288	7699	995031
ICE	2026-02-01	19	7714	0	0	2606	33.78	3874	50.22	7714	100	2606	33.78	100	10042	881168	7714	10000
INTC	2026-02-01	19	7714	0	0	7411	96.07	7449	96.56	7684	99.61	7411	96.07	100	855314	4880961	7684	782322
JNJ	2026-02-01	19	7714	0	0	7358	95.39	7414	96.11	7699	99.81	7358	95.39	100	93546	3266589	7699	89597
JPM	2026-02-01	19	7714	0	0	7410	96.06	7464	96.76	7699	99.81	7410	96.06	100	286603	6876877	7699	273940
KEY	2026-02-01	19	7714	0	0	2895	37.53	3893	50.47	7699	99.81	2895	37.53	100	7883	503121	7699	7743
KHC	2026-02-01	19	7714	0	0	6702	86.88	7004	90.8	7714	100	6702	86.88	100	43015	1947542	7714	41543
KO	2026-02-01	19	7714	0	0	7391	95.81	7435	96.38	7699	99.81	7391	95.81	100	165982	2299909	7699	158200
LLY	2026-02-01	19	7714	0	0	7407	96.02	7436	96.4	7699	99.81	7407	96.02	100	282227	16196147	7699	275091
LMT	2026-02-01	19	7714	0	0	6909	89.56	7144	92.61	7699	99.81	6909	89.56	100	53708	6298511	7699	51524
LOW	2026-02-01	19	7714	0	0	6190	80.24	6778	87.87	7699	99.81	6190	80.24	100	41106	4719341	7699	40240
MA	2026-02-01	19	7714	0	0	7150	92.69	7333	95.06	7684	99.61	7150	92.69	100	76935	9210732	7684	70760
MCD	2026-02-01	19	7714	0	0	7215	93.53	7310	94.76	7684	99.61	7215	93.53	100	91846	7449291	7684	86704
META	2026-02-01	19	7714	0	0	7412	96.09	7467	96.8	7699	99.81	7412	96.09	100	2114347	36842816	7699	1987591
MMM	2026-02-01	19	7714	0	0	5962	77.29	6490	84.13	7699	99.81	5962	77.29	100	29109	2783991	7699	27447
MO	2026-02-01	19	7714	0	0	7139	92.55	7317	94.85	7699	99.81	7139	92.55	100	63936	3069126	7699	61477
MPC	2026-02-01	19	7714	0	0	3851	49.92	5762	74.7	7714	100	3851	49.92	100	12502	2790576	7714	11980
MRK	2026-02-01	19	7714	0	0	7352	95.31	7418	96.16	7699	99.81	7352	95.31	100	169536	4113866	7699	160146
MS	2026-02-01	19	7714	0	0	7001	90.76	7290	94.5	7684	99.61	7001	90.76	100	67294	6430250	7684	63935
MSFT	2026-02-01	19	7714	0	0	7411	96.07	7464	96.76	7699	99.81	7411	96.07	100	2700324	13492942	7699	2553769
MU	2026-02-01	19	7714	0	0	7412	96.09	7412	96.09	7714	100	7412	96.09	100	1948756	742403	7714	1506888
NFLX	2026-02-01	19	7714	0	0	7410	96.06	7481	96.98	7714	100	7410	96.06	100	1456025	20820989	7714	1404374
NKE	2026-02-01	19	7714	0	0	7405	95.99	7435	96.38	7699	99.81	7405	95.99	100	196224	5014538	7699	186730
NOC	2026-02-01	19	7714	0	0	3619	46.91	5245	67.99	7699	99.81	3619	46.91	100	10396	4166010	7699	10254
NOW	2026-02-01	19	7714	0	0	7410	96.06	7448	96.55	7714	100	7410	96.06	100	262988	8399794	7714	250361
NVDA	2026-02-01	19	7714	0	0	7413	96.1	7455	96.64	7714	100	7413	96.1	100	6547578	20064660	7714	6262056
ORCL	2026-02-01	19	7714	0	0	7384	95.72	7431	96.33	7714	100	7384	95.72	100	907507	6735790	7714	854564
OXY	2026-02-01	19	7714	0	0	7373	95.58	7432	96.34	7714	100	7373	95.58	100	148389	2734216	7714	144585
PEP	2026-02-01	19	7714	0	0	7229	93.71	7358	95.39	7684	99.61	7229	93.71	100	101044	3861337	7684	89042
PFE	2026-02-01	19	7714	0	0	7394	95.85	7424	96.24	7684	99.61	7394	95.85	100	202129	2904602	7684	186786
PG	2026-02-01	19	7714	0	0	7269	94.23	7390	95.8	7714	100	7269	94.23	100	91977	4599963	7714	86510
PLTR	2026-02-01	19	7714	0	0	7411	96.07	7465	96.77	7699	99.81	7411	96.07	100	2444198	10292433	7699	2272413
PM	2026-02-01	19	7714	0	0	5985	77.59	6694	86.78	7699	99.81	5985	77.59	100	28320	4021757	7699	27315
PNC	2026-02-01	19	7714	0	0	4991	64.7	6074	78.74	7699	99.81	4991	64.7	100	17333	4984550	7699	16922
PSX	2026-02-01	19	7714	0	0	4417	57.26	5897	76.45	7699	99.81	4417	57.26	100	16229	4139498	7699	15954
PYPL	2026-02-01	19	7714	0	0	7405	95.99	7448	96.55	7699	99.81	7405	95.99	100	482399	4484091	7699	445990
QCOM	2026-02-01	19	7714	0	0	7382	95.7	7457	96.67	7699	99.81	7382	95.7	100	159466	5381863	7699	153429
QQQ	2026-02-01	19	7714	0	0	7194	93.26	9206	119.34	7894	102.33	7194	93.26	100	13957357	65746720	7894	10464656
RBLX	2026-02-01	19	7714	0	0	7323	94.93	7397	95.89	7699	99.81	7323	94.93	100	141011	4759633	7699	131408
RF	2026-02-01	19	7714	0	0	2474	32.07	4424	57.35	7714	100	2474	32.07	100	6785	1257772	7714	6589
RTX	2026-02-01	19	7714	0	0	7090	91.91	7269	94.23	7714	100	7090	91.91	100	64110	3121684	7714	60533
SBUX	2026-02-01	19	7714	0	0	7322	94.92	7431	96.33	7699	99.81	7322	94.92	100	97265	4285984	7699	91490
SCHW	2026-02-01	19	7714	0	0	6867	89.02	7151	92.7	7684	99.61	6867	89.02	100	77086	3382282	7684	75330
SHOP	2026-02-01	19	7714	0	0	7397	95.89	7429	96.31	7699	99.81	7397	95.89	100	234685	7451566	7699	227162
SLB	2026-02-01	19	7714	0	0	7054	91.44	7320	94.89	7714	100	7054	91.44	100	67074	3869857	7714	65251
SNOW	2026-02-01	19	7714	0	0	7390	95.8	7429	96.31	7699	99.81	7390	95.8	100	256658	7926995	7699	248957
SOFI	2026-02-01	19	7714	0	0	7411	96.07	7447	96.54	7699	99.81	7411	96.07	100	828137	3382140	7699	766801
SPGI	2026-02-01	19	7714	0	0	4846	62.82	5865	76.03	7714	100	4846	62.82	100	22807	4791274	7714	22654
SPY	2026-02-01	19	7714	0	0	7565	98.07	8877	115.08	7805	101.18	7565	98.07	100	23382974	90094554	7805	18239177
TFC	2026-02-01	19	7714	0	0	3426	44.41	5028	65.18	7714	100	3426	44.41	100	11773	1157238	7714	11282
TGT	2026-02-01	19	7714	0	0	7364	95.46	7430	96.32	7714	100	7364	95.46	100	124998	4634195	7714	115439
TSLA	2026-02-01	19	7714	0	0	7412	96.09	7438	96.42	7699	99.81	7412	96.09	100	8039025	29542174	7699	7601337
UBER	2026-02-01	19	7714	0	0	7405	95.99	7429	96.31	7684	99.61	7405	95.99	100	266022	4254282	7684	254222
UNH	2026-02-01	19	7714	0	0	7411	96.07	7450	96.58	7699	99.81	7411	96.07	100	401701	9113668	7699	377859
UPST	2026-02-01	19	7714	0	0	7234	93.78	7398	95.9	7714	100	7234	93.78	100	97174	5152277	7714	93591
USB	2026-02-01	19	7714	0	0	4879	63.25	6219	80.62	7699	99.81	4879	63.25	100	22612	3233758	7699	21081
V	2026-02-01	19	7714	0	0	7364	95.46	7419	96.18	7684	99.61	7364	95.46	100	140721	13688689	7684	131212
VLO	2026-02-01	19	7714	0	0	5692	73.79	6791	88.03	7699	99.81	5692	73.79	100	28770	6025139	7699	27858
WFC	2026-02-01	19	7714	0	0	7312	94.79	7399	95.92	7714	100	7312	94.79	100	156829	6313330	7714	147648
WMT	2026-02-01	19	7714	0	0	7410	96.06	7430	96.32	7699	99.81	7410	96.06	100	520893	2707083	7699	488234
XOM	2026-02-01	19	7714	0	0	7384	95.72	7431	96.33	7699	99.81	7384	95.72	100	332885	7668464	7699	321112
AAPL	2026-03-01	6	2436	0	0	1950	80.05	1953	80.17	2030	83.33	1950	80.05	100	632896	4830221	2030	632896
ABBV	2026-03-01	6	2436	0	0	1913	78.53	1934	79.39	2030	83.33	1913	78.53	100	17264	1586410	2030	17264
ABNB	2026-03-01	6	2436	0	0	1703	69.91	1955	80.25	2030	83.33	1703	69.91	100	13040	2750294	2030	13040
ADBE	2026-03-01	6	2436	0	0	1950	80.05	1954	80.21	2030	83.33	1950	80.05	100	59278	4158748	2030	59278
AFRM	2026-03-01	6	2436	0	0	1898	77.91	1947	79.93	2030	83.33	1898	77.91	100	18225	1938146	2030	18225
ALLY	2026-03-01	6	2436	0	0	510	20.94	1346	55.25	2030	83.33	510	20.94	100	1461	444420	2030	1461
AMD	2026-03-01	6	2436	0	0	1951	80.09	1953	80.17	2030	83.33	1951	80.09	100	436342	3649199	2030	436342
AMGN	2026-03-01	6	2436	0	0	1578	64.78	1856	76.19	2030	83.33	1578	64.78	100	8618	2888850	2030	8618
AMZN	2026-03-01	6	2436	0	0	1951	80.09	1953	80.17	2030	83.33	1951	80.09	100	686579	3102357	2030	686579
AVGO	2026-03-01	6	2436	0	0	1950	80.05	1952	80.13	2030	83.33	1950	80.05	100	438906	2810425	2030	438906
AXP	2026-03-01	6	2436	0	0	1921	78.86	1939	79.6	2030	83.33	1921	78.86	100	28575	1601817	2030	28575
BA	2026-03-01	6	2436	0	0	1949	80.01	1951	80.09	2030	83.33	1949	80.01	100	78708	1579276	2030	78708
BAC	2026-03-01	6	2436	0	0	1949	80.01	1953	80.17	2030	83.33	1949	80.01	100	82562	1255062	2030	82562
BLK	2026-03-01	6	2436	0	0	1320	54.19	1447	59.4	2030	83.33	1320	54.19	100	5952	2414839	2030	5952
BMY	2026-03-01	6	2436	0	0	1820	74.71	1926	79.06	2030	83.33	1820	74.71	100	16683	1332516	2030	16683
C	2026-03-01	6	2436	0	0	1937	79.52	1948	79.97	2030	83.33	1937	79.52	100	49303	1995886	2030	49303
CAT	2026-03-01	6	2436	0	0	1943	79.76	1945	79.84	2030	83.33	1943	79.76	100	35780	2885140	2030	35780
CL	2026-03-01	6	2436	0	0	1101	45.2	1588	65.19	2030	83.33	1101	45.2	100	4141	990111	2030	4141
CME	2026-03-01	6	2436	0	0	1117	45.85	1476	60.59	2030	83.33	1117	45.85	100	3862	985275	2030	3862
CMG	2026-03-01	6	2436	0	0	1890	77.59	1918	78.74	2030	83.33	1890	77.59	100	26085	1735429	2030	26085
COIN	2026-03-01	6	2436	0	0	1951	80.09	1953	80.17	2030	83.33	1951	80.09	100	242297	2875396	2030	242297
COP	2026-03-01	6	2436	0	0	1862	76.44	1916	78.65	2030	83.33	1862	76.44	100	20743	1711023	2030	20743
COST	2026-03-01	6	2436	0	0	1948	79.97	1952	80.13	2030	83.33	1948	79.97	100	61619	3807096	2030	61619
CRM	2026-03-01	6	2436	0	0	1950	80.05	1954	80.21	2030	83.33	1950	80.05	100	64079	2820651	2030	64079
CSCO	2026-03-01	6	2436	0	0	1933	79.35	1947	79.93	2030	83.33	1933	79.35	100	35065	1550251	2030	35065
CVS	2026-03-01	6	2436	0	0	1748	71.76	1910	78.41	2030	83.33	1748	71.76	100	13243	1618412	2030	13243
CVX	2026-03-01	6	2436	0	0	1948	79.97	1954	80.21	2030	83.33	1948	79.97	100	70591	1729292	2030	70591
DE	2026-03-01	6	2436	0	0	1697	69.66	1843	75.66	2030	83.33	1697	69.66	100	8488	2686581	2030	8488
DIS	2026-03-01	6	2436	0	0	1946	79.89	1952	80.13	2030	83.33	1946	79.89	100	40277	1549189	2030	40277
EOG	2026-03-01	6	2436	0	0	1568	64.37	1852	76.03	2030	83.33	1568	64.37	100	7492	1928321	2030	7492
ETN	2026-03-01	6	2436	0	0	1486	61	1657	68.02	2030	83.33	1486	61	100	6371	1313320	2030	6371
GE	2026-03-01	6	2436	0	0	1930	79.23	1938	79.56	2030	83.33	1930	79.23	100	25757	1808244	2030	25757
GILD	2026-03-01	6	2436	0	0	1465	60.14	1786	73.32	2030	83.33	1465	60.14	100	6102	1583584	2030	6102
GIS	2026-03-01	6	2436	0	0	1220	50.08	1511	62.03	2030	83.33	1220	50.08	100	3909	303455	2030	3909
GOOGL	2026-03-01	6	2436	0	0	1950	80.05	1952	80.13	2030	83.33	1950	80.05	100	333539	3903965	2030	333539
GS	2026-03-01	6	2436	0	0	1950	80.05	1952	80.13	2030	83.33	1950	80.05	100	81537	4532912	2030	81537
HAL	2026-03-01	6	2436	0	0	1795	73.69	1878	77.09	2030	83.33	1795	73.69	100	14104	1035065	2030	14104
HD	2026-03-01	6	2436	0	0	1925	79.02	1955	80.25	2030	83.33	1925	79.02	100	21071	3895924	2030	21071
HON	2026-03-01	6	2436	0	0	1610	66.09	1772	72.74	2030	83.33	1610	66.09	100	9761	962400	2030	9761
HOOD	2026-03-01	6	2436	0	0	1950	80.05	1952	80.13	2030	83.33	1950	80.05	100	220577	1791338	2030	220577
ICE	2026-03-01	6	2436	0	0	468	19.21	1075	44.13	2030	83.33	468	19.21	100	1537	378969	2030	1537
INTC	2026-03-01	6	2436	0	0	1950	80.05	1953	80.17	2030	83.33	1950	80.05	100	186449	1665182	2030	186449
JNJ	2026-03-01	6	2436	0	0	1932	79.31	1949	80.01	2030	83.33	1932	79.31	100	22856	2296045	2030	22856
JPM	2026-03-01	6	2436	0	0	1950	80.05	1954	80.21	2030	83.33	1950	80.05	100	79265	3495287	2030	79265
KEY	2026-03-01	6	2436	0	0	648	26.6	1158	47.54	2030	83.33	648	26.6	100	1621	247669	2030	1621
KHC	2026-03-01	6	2436	0	0	1755	72.04	1861	76.4	2030	83.33	1755	72.04	100	10432	767208	2030	10432
KO	2026-03-01	6	2436	0	0	1944	79.8	1950	80.05	2030	83.33	1944	79.8	100	33860	1237899	2030	33860
LLY	2026-03-01	6	2436	0	0	1950	80.05	1952	80.13	2030	83.33	1950	80.05	100	78350	3278835	2030	78350
LMT	2026-03-01	6	2436	0	0	1915	78.61	1935	79.43	2030	83.33	1915	78.61	100	26001	2876488	2030	26001
LOW	2026-03-01	6	2436	0	0	1538	63.14	1926	79.06	2030	83.33	1538	63.14	100	7165	2113545	2030	7165
MA	2026-03-01	6	2436	0	0	1882	77.26	1925	79.02	2030	83.33	1882	77.26	100	19319	3118677	2030	19319
MCD	2026-03-01	6	2436	0	0	1890	77.59	1946	79.89	2030	83.33	1890	77.59	100	17569	2666337	2030	17569
META	2026-03-01	6	2436	0	0	1950	80.05	1952	80.13	2030	83.33	1950	80.05	100	550255	6238471	2030	550255
MMM	2026-03-01	6	2436	0	0	1577	64.74	1678	68.88	2030	83.33	1577	64.74	100	7319	843991	2030	7319
MO	2026-03-01	6	2436	0	0	1831	75.16	1897	77.87	2030	83.33	1831	75.16	100	12513	957183	2030	12513
MPC	2026-03-01	6	2436	0	0	1454	59.69	1713	70.32	2030	83.33	1454	59.69	100	5944	604942	2030	5944
MRK	2026-03-01	6	2436	0	0	1935	79.43	1951	80.09	2030	83.33	1935	79.43	100	31318	2065322	2030	31318
MS	2026-03-01	6	2436	0	0	1830	75.12	1879	77.13	2030	83.33	1830	75.12	100	16898	1785381	2030	16898
MSFT	2026-03-01	6	2436	0	0	1951	80.09	1952	80.13	2030	83.33	1951	80.09	100	644927	4249998	2030	644927
MU	2026-03-01	6	2436	0	0	1950	80.05	1950	80.05	2030	83.33	1950	80.05	100	440753	175827	2030	440753
NFLX	2026-03-01	6	2436	0	0	1950	80.05	1953	80.17	2030	83.33	1950	80.05	100	423606	6197754	2030	423606
NKE	2026-03-01	6	2436	0	0	1950	80.05	1953	80.17	2030	83.33	1950	80.05	100	55078	1439224	2030	55078
NOC	2026-03-01	6	2436	0	0	1202	49.34	1717	70.48	2030	83.33	1202	49.34	100	4568	1777552	2030	4568
NOW	2026-03-01	6	2436	0	0	1950	80.05	1953	80.17	2030	83.33	1950	80.05	100	76329	2971359	2030	76329
NVDA	2026-03-01	6	2436	0	0	1950	80.05	1954	80.21	2030	83.33	1950	80.05	100	1639365	5860513	2030	1639365
ORCL	2026-03-01	6	2436	0	0	1940	79.64	1949	80.01	2030	83.33	1940	79.64	100	231694	2746692	2030	231694
OXY	2026-03-01	6	2436	0	0	1945	79.84	1950	80.05	2030	83.33	1945	79.84	100	59612	1090642	2030	59612
PEP	2026-03-01	6	2436	0	0	1861	76.4	1935	79.43	2030	83.33	1861	76.4	100	16453	1776005	2030	16453
PFE	2026-03-01	6	2436	0	0	1936	79.47	1951	80.09	2030	83.33	1936	79.47	100	41706	1218237	2030	41706
PG	2026-03-01	6	2436	0	0	1912	78.49	1944	79.8	2030	83.33	1912	78.49	100	26830	1740690	2030	26830
PLTR	2026-03-01	6	2436	0	0	1950	80.05	1953	80.17	2030	83.33	1950	80.05	100	712463	3230606	2030	712463
PM	2026-03-01	6	2436	0	0	1708	70.11	1912	78.49	2030	83.33	1708	70.11	100	9202	1758120	2030	9202
PNC	2026-03-01	6	2436	0	0	946	38.83	1566	64.29	2030	83.33	946	38.83	100	2279	1546792	2030	2279
PSX	2026-03-01	6	2436	0	0	1313	53.9	1789	73.44	2030	83.33	1313	53.9	100	5169	1879638	2030	5169
PYPL	2026-03-01	6	2436	0	0	1950	80.05	1953	80.17	2030	83.33	1950	80.05	100	54890	1747522	2030	54890
QCOM	2026-03-01	6	2436	0	0	1933	79.35	1942	79.72	2030	83.33	1933	79.35	100	26970	1668321	2030	26970
QQQ	2026-03-01	6	2436	0	0	2027	83.21	2076	85.22	2076	85.22	2027	83.21	100	4347522	19251048	2076	4347522
RBLX	2026-03-01	6	2436	0	0	1864	76.52	1915	78.61	2030	83.33	1864	76.52	100	21802	1516443	2030	21802
RF	2026-03-01	6	2436	0	0	328	13.46	1304	53.53	2030	83.33	328	13.46	100	793	445904	2030	793
RTX	2026-03-01	6	2436	0	0	1949	80.01	1952	80.13	2030	83.33	1949	80.01	100	42188	1407388	2030	42188
SBUX	2026-03-01	6	2436	0	0	1898	77.91	1921	78.86	2030	83.33	1898	77.91	100	19364	1181686	2030	19364
SCHW	2026-03-01	6	2436	0	0	1766	72.5	1926	79.06	2030	83.33	1766	72.5	100	12617	1927478	2030	12617
SHOP	2026-03-01	6	2436	0	0	1944	79.8	1952	80.13	2030	83.33	1944	79.8	100	38973	2673502	2030	38973
SLB	2026-03-01	6	2436	0	0	1880	77.18	1913	78.53	2030	83.33	1880	77.18	100	20250	925177	2030	20250
SNOW	2026-03-01	6	2436	0	0	1947	79.93	1950	80.05	2030	83.33	1947	79.93	100	47171	2342673	2030	47171
SOFI	2026-03-01	6	2436	0	0	1950	80.05	1952	80.13	2030	83.33	1950	80.05	100	227000	1047897	2030	227000
SPGI	2026-03-01	6	2436	0	0	952	39.08	1955	80.25	2030	83.33	952	39.08	100	2833	3273452	2030	2833
SPY	2026-03-01	6	2436	0	0	2029	83.29	2077	85.26	2077	85.26	2029	83.29	100	7706426	26233050	2077	7706426
TFC	2026-03-01	6	2436	0	0	797	32.72	1478	60.67	2030	83.33	797	32.72	100	2052	514283	2030	2052
TGT	2026-03-01	6	2436	0	0	1937	79.52	1954	80.21	2030	83.33	1937	79.52	100	52066	2300582	2030	52066
TSLA	2026-03-01	6	2436	0	0	1950	80.05	1954	80.21	2030	83.33	1950	80.05	100	2167034	9572800	2030	2167034
UBER	2026-03-01	6	2436	0	0	1949	80.01	1953	80.17	2030	83.33	1949	80.01	100	43970	1588713	2030	43970
UNH	2026-03-01	6	2436	0	0	1948	79.97	1952	80.13	2030	83.33	1948	79.97	100	75054	3840502	2030	75054
UPST	2026-03-01	6	2436	0	0	1842	75.62	1955	80.25	2030	83.33	1842	75.62	100	16416	2048840	2030	16416
USB	2026-03-01	6	2436	0	0	1251	51.35	1817	74.59	2030	83.33	1251	51.35	100	5283	1362860	2030	5283
V	2026-03-01	6	2436	0	0	1946	79.89	1952	80.13	2030	83.33	1946	79.89	100	39703	2799183	2030	39703
VLO	2026-03-01	6	2436	0	0	1839	75.49	1914	78.57	2030	83.33	1839	75.49	100	14068	1510583	2030	14068
WFC	2026-03-01	6	2436	0	0	1921	78.86	1945	79.84	2030	83.33	1921	78.86	100	38767	2236870	2030	38767
WMT	2026-03-01	6	2436	0	0	1950	80.05	1954	80.21	2030	83.33	1950	80.05	100	89328	2158690	2030	89328
XOM	2026-03-01	6	2436	0	0	1939	79.6	1955	80.25	2030	83.33	1939	79.6	100	116182	2739346	2030	116182
