2025-08-01	AAPL
2025-08-01	MSFT
2025-08-01	NVDA
2025-08-01	AMZN
2025-08-01	GOOGL
2025-08-01	META
2025-08-01	TSLA
2025-08-01	AMD
2025-08-01	NFLX
2025-08-01	AVGO
2025-08-01	INTC
2025-08-01	QCOM
2025-08-01	CSCO
2025-08-01	ORCL
2025-08-01	ADBE
2025-08-01	CRM
2025-08-01	NOW
2025-08-01	UBER
2025-08-01	ABNB
2025-08-01	PYPL
2025-08-01	SHOP
2025-08-01	MU
2025-08-01	COIN
2025-08-01	SNOW
2025-08-01	PLTR
2025-08-01	RBLX
2025-08-01	HOOD
2025-08-01	SOFI
2025-08-01	AFRM
2025-08-01	UPST
2025-08-01	JPM
2025-08-01	BAC
2025-08-01	WFC
2025-08-01	C
2025-08-01	GS
2025-08-01	MS
2025-08-01	SCHW
2025-08-01	AXP
2025-08-01	V
2025-08-01	MA
2025-08-01	BLK
2025-08-01	SPGI
2025-08-01	ICE
2025-08-01	CME
2025-08-01	USB
2025-08-01	PNC
2025-08-01	TFC
2025-08-01	RF
2025-08-01	KEY
2025-08-01	ALLY
2025-08-01	XOM
2025-08-01	CVX
2025-08-01	COP
2025-08-01	EOG
2025-08-01	SLB
2025-08-01	HAL
2025-08-01	MPC
2025-08-01	VLO
2025-08-01	PSX
2025-08-01	OXY
2025-08-01	BA
2025-08-01	GE
2025-08-01	CAT
2025-08-01	DE
2025-08-01	MMM
2025-08-01	HON
2025-08-01	LMT
2025-08-01	NOC
2025-08-01	RTX
2025-08-01	ETN
2025-08-01	UNH
2025-08-01	JNJ
2025-08-01	PFE
2025-08-01	MRK
2025-08-01	LLY
2025-08-01	ABBV
2025-08-01	AMGN
2025-08-01	GILD
2025-08-01	BMY
2025-08-01	CVS
2025-08-01	WMT
2025-08-01	COST
2025-08-01	TGT
2025-08-01	HD
2025-08-01	LOW
2025-08-01	MCD
2025-08-01	SBUX
2025-08-01	DIS
2025-08-01	NKE
2025-08-01	CMG
2025-08-01	KO
2025-08-01	PEP
2025-08-01	PG
2025-08-01	CL
2025-08-01	MO
2025-08-01	PM
2025-08-01	KHC
2025-08-01	GIS
2025-08-01	SPY
2025-08-01	QQQ
2025-08-04	AAPL
2025-08-04	MSFT
2025-08-04	NVDA
2025-08-04	AMZN
2025-08-04	GOOGL
2025-08-04	META
2025-08-04	TSLA
2025-08-04	AMD
2025-08-04	NFLX
2025-08-04	AVGO
2025-08-04	INTC
2025-08-04	QCOM
2025-08-04	CSCO
2025-08-04	ORCL
2025-08-04	ADBE
2025-08-04	CRM
2025-08-04	NOW
2025-08-04	UBER
2025-08-04	ABNB
2025-08-04	PYPL
2025-08-04	SHOP
2025-08-04	MU
2025-08-04	COIN
2025-08-04	SNOW
2025-08-04	PLTR
2025-08-04	RBLX
2025-08-04	HOOD
2025-08-04	SOFI
2025-08-04	AFRM
2025-08-04	UPST
2025-08-04	JPM
2025-08-04	BAC
2025-08-04	WFC
2025-08-04	C
2025-08-04	GS
2025-08-04	MS
2025-08-04	SCHW
2025-08-04	AXP
2025-08-04	V
2025-08-04	MA
2025-08-04	BLK
2025-08-04	SPGI
2025-08-04	ICE
2025-08-04	CME
2025-08-04	USB
2025-08-04	PNC
2025-08-04	TFC
2025-08-04	RF
2025-08-04	KEY
2025-08-04	ALLY
2025-08-04	XOM
2025-08-04	CVX
2025-08-04	COP
2025-08-04	EOG
2025-08-04	SLB
2025-08-04	HAL
2025-08-04	MPC
2025-08-04	VLO
2025-08-04	PSX
2025-08-04	OXY
2025-08-04	BA
2025-08-04	GE
2025-08-04	CAT
2025-08-04	DE
2025-08-04	MMM
2025-08-04	HON
2025-08-04	LMT
2025-08-04	NOC
2025-08-04	RTX
2025-08-04	ETN
2025-08-04	UNH
2025-08-04	JNJ
2025-08-04	PFE
2025-08-04	MRK
2025-08-04	LLY
2025-08-04	ABBV
2025-08-04	AMGN
2025-08-04	GILD
2025-08-04	BMY
2025-08-04	CVS
2025-08-04	WMT
2025-08-04	COST
2025-08-04	TGT
2025-08-04	HD
2025-08-04	LOW
2025-08-04	MCD
2025-08-04	SBUX
2025-08-04	DIS
2025-08-04	NKE
2025-08-04	CMG
2025-08-04	KO
2025-08-04	PEP
2025-08-04	PG
2025-08-04	CL
2025-08-04	MO
2025-08-04	PM
2025-08-04	KHC
2025-08-04	GIS
2025-08-04	SPY
2025-08-04	QQQ
2025-08-05	AAPL
2025-08-05	MSFT
2025-08-05	NVDA
2025-08-05	AMZN
2025-08-05	GOOGL
2025-08-05	META
2025-08-05	TSLA
2025-08-05	AMD
2025-08-05	NFLX
2025-08-05	AVGO
2025-08-05	INTC
2025-08-05	QCOM
2025-08-05	CSCO
2025-08-05	ORCL
2025-08-05	ADBE
2025-08-05	CRM
2025-08-05	NOW
2025-08-05	UBER
2025-08-05	ABNB
2025-08-05	PYPL
2025-08-05	SHOP
2025-08-05	MU
2025-08-05	COIN
2025-08-05	SNOW
2025-08-05	PLTR
2025-08-05	RBLX
2025-08-05	HOOD
2025-08-05	SOFI
2025-08-05	AFRM
2025-08-05	UPST
2025-08-05	JPM
2025-08-05	BAC
2025-08-05	WFC
2025-08-05	C
2025-08-05	GS
2025-08-05	MS
2025-08-05	SCHW
2025-08-05	AXP
2025-08-05	V
2025-08-05	MA
2025-08-05	BLK
2025-08-05	SPGI
2025-08-05	ICE
2025-08-05	CME
2025-08-05	USB
2025-08-05	PNC
2025-08-05	TFC
2025-08-05	RF
2025-08-05	KEY
2025-08-05	ALLY
2025-08-05	XOM
2025-08-05	CVX
2025-08-05	COP
2025-08-05	EOG
2025-08-05	SLB
2025-08-05	HAL
2025-08-05	MPC
2025-08-05	VLO
2025-08-05	PSX
2025-08-05	OXY
2025-08-05	BA
2025-08-05	GE
2025-08-05	CAT
2025-08-05	DE
2025-08-05	MMM
2025-08-05	HON
2025-08-05	LMT
2025-08-05	NOC
2025-08-05	RTX
2025-08-05	ETN
2025-08-05	UNH
2025-08-05	JNJ
2025-08-05	PFE
2025-08-05	MRK
2025-08-05	LLY
2025-08-05	ABBV
2025-08-05	AMGN
2025-08-05	GILD
2025-08-05	BMY
2025-08-05	CVS
2025-08-05	WMT
2025-08-05	COST
2025-08-05	TGT
2025-08-05	HD
2025-08-05	LOW
2025-08-05	MCD
2025-08-05	SBUX
2025-08-05	DIS
2025-08-05	NKE
2025-08-05	CMG
2025-08-05	KO
2025-08-05	PEP
2025-08-05	PG
2025-08-05	CL
2025-08-05	MO
2025-08-05	PM
2025-08-05	KHC
2025-08-05	GIS
2025-08-05	SPY
2025-08-05	QQQ
2025-08-06	AAPL
2025-08-06	MSFT
2025-08-06	NVDA
2025-08-06	AMZN
2025-08-06	GOOGL
2025-08-06	META
2025-08-06	TSLA
2025-08-06	AMD
2025-08-06	NFLX
2025-08-06	AVGO
2025-08-06	INTC
2025-08-06	QCOM
2025-08-06	CSCO
2025-08-06	ORCL
2025-08-06	ADBE
2025-08-06	CRM
2025-08-06	NOW
2025-08-06	UBER
2025-08-06	ABNB
2025-08-06	PYPL
2025-08-06	SHOP
2025-08-06	MU
2025-08-06	COIN
2025-08-06	SNOW
2025-08-06	PLTR
2025-08-06	RBLX
2025-08-06	HOOD
2025-08-06	SOFI
2025-08-06	AFRM
2025-08-06	UPST
2025-08-06	JPM
2025-08-06	BAC
2025-08-06	WFC
2025-08-06	C
2025-08-06	GS
2025-08-06	MS
2025-08-06	SCHW
2025-08-06	AXP
2025-08-06	V
2025-08-06	MA
2025-08-06	BLK
2025-08-06	SPGI
2025-08-06	ICE
2025-08-06	CME
2025-08-06	USB
2025-08-06	PNC
2025-08-06	TFC
2025-08-06	RF
2025-08-06	KEY
2025-08-06	ALLY
2025-08-06	XOM
2025-08-06	CVX
2025-08-06	COP
2025-08-06	EOG
2025-08-06	SLB
2025-08-06	HAL
2025-08-06	MPC
2025-08-06	VLO
2025-08-06	PSX
2025-08-06	OXY
2025-08-06	BA
2025-08-06	GE
2025-08-06	CAT
2025-08-06	DE
2025-08-06	MMM
2025-08-06	HON
2025-08-06	LMT
2025-08-06	NOC
2025-08-06	RTX
2025-08-06	ETN
2025-08-06	UNH
2025-08-06	JNJ
2025-08-06	PFE
2025-08-06	MRK
2025-08-06	LLY
2025-08-06	ABBV
2025-08-06	AMGN
2025-08-06	GILD
2025-08-06	BMY
2025-08-06	CVS
2025-08-06	WMT
2025-08-06	COST
2025-08-06	TGT
2025-08-06	HD
2025-08-06	LOW
2025-08-06	MCD
2025-08-06	SBUX
2025-08-06	DIS
2025-08-06	NKE
2025-08-06	CMG
2025-08-06	KO
2025-08-06	PEP
2025-08-06	PG
2025-08-06	CL
2025-08-06	MO
2025-08-06	PM
2025-08-06	KHC
2025-08-06	GIS
2025-08-06	SPY
2025-08-06	QQQ
2025-08-07	AAPL
2025-08-07	MSFT
2025-08-07	NVDA
2025-08-07	AMZN
2025-08-07	GOOGL
2025-08-07	META
2025-08-07	TSLA
2025-08-07	AMD
2025-08-07	NFLX
2025-08-07	AVGO
2025-08-07	INTC
2025-08-07	QCOM
2025-08-07	CSCO
2025-08-07	ORCL
2025-08-07	ADBE
2025-08-07	CRM
2025-08-07	NOW
2025-08-07	UBER
2025-08-07	ABNB
2025-08-07	PYPL
2025-08-07	SHOP
2025-08-07	MU
2025-08-07	COIN
2025-08-07	SNOW
2025-08-07	PLTR
2025-08-07	RBLX
2025-08-07	HOOD
2025-08-07	SOFI
2025-08-07	AFRM
2025-08-07	UPST
2025-08-07	JPM
2025-08-07	BAC
2025-08-07	WFC
2025-08-07	C
2025-08-07	GS
2025-08-07	MS
2025-08-07	SCHW
2025-08-07	AXP
2025-08-07	V
2025-08-07	MA
2025-08-07	BLK
2025-08-07	SPGI
2025-08-07	ICE
2025-08-07	CME
2025-08-07	USB
2025-08-07	PNC
2025-08-07	TFC
2025-08-07	RF
2025-08-07	KEY
2025-08-07	ALLY
2025-08-07	XOM
2025-08-07	CVX
2025-08-07	COP
2025-08-07	EOG
2025-08-07	SLB
2025-08-07	HAL
2025-08-07	MPC
2025-08-07	VLO
2025-08-07	PSX
2025-08-07	OXY
2025-08-07	BA
2025-08-07	GE
2025-08-07	CAT
2025-08-07	DE
2025-08-07	MMM
2025-08-07	HON
2025-08-07	LMT
2025-08-07	NOC
2025-08-07	RTX
2025-08-07	ETN
2025-08-07	UNH
2025-08-07	JNJ
2025-08-07	PFE
2025-08-07	MRK
2025-08-07	LLY
2025-08-07	ABBV
2025-08-07	AMGN
2025-08-07	GILD
2025-08-07	BMY
2025-08-07	CVS
2025-08-07	WMT
2025-08-07	COST
2025-08-07	TGT
2025-08-07	HD
2025-08-07	LOW
2025-08-07	MCD
2025-08-07	SBUX
2025-08-07	DIS
2025-08-07	NKE
2025-08-07	CMG
2025-08-07	KO
2025-08-07	PEP
2025-08-07	PG
2025-08-07	CL
2025-08-07	MO
2025-08-07	PM
2025-08-07	KHC
2025-08-07	GIS
2025-08-07	SPY
2025-08-07	QQQ
2025-08-08	AAPL
2025-08-08	MSFT
2025-08-08	NVDA
2025-08-08	AMZN
2025-08-08	GOOGL
2025-08-08	META
2025-08-08	TSLA
2025-08-08	AMD
2025-08-08	NFLX
2025-08-08	AVGO
2025-08-08	INTC
2025-08-08	QCOM
2025-08-08	CSCO
2025-08-08	ORCL
2025-08-08	ADBE
2025-08-08	CRM
2025-08-08	NOW
2025-08-08	UBER
2025-08-08	ABNB
2025-08-08	PYPL
2025-08-08	SHOP
2025-08-08	MU
2025-08-08	COIN
2025-08-08	SNOW
2025-08-08	PLTR
2025-08-08	RBLX
2025-08-08	HOOD
2025-08-08	SOFI
2025-08-08	AFRM
2025-08-08	UPST
2025-08-08	JPM
2025-08-08	BAC
2025-08-08	WFC
2025-08-08	C
2025-08-08	GS
2025-08-08	MS
2025-08-08	SCHW
2025-08-08	AXP
2025-08-08	V
2025-08-08	MA
2025-08-08	BLK
2025-08-08	SPGI
2025-08-08	ICE
2025-08-08	CME
2025-08-08	USB
2025-08-08	PNC
2025-08-08	TFC
2025-08-08	RF
2025-08-08	KEY
2025-08-08	ALLY
2025-08-08	XOM
2025-08-08	CVX
2025-08-08	COP
2025-08-08	EOG
2025-08-08	SLB
2025-08-08	HAL
2025-08-08	MPC
2025-08-08	VLO
2025-08-08	PSX
2025-08-08	OXY
2025-08-08	BA
2025-08-08	GE
2025-08-08	CAT
2025-08-08	DE
2025-08-08	MMM
2025-08-08	HON
2025-08-08	LMT
2025-08-08	NOC
2025-08-08	RTX
2025-08-08	ETN
2025-08-08	UNH
2025-08-08	JNJ
2025-08-08	PFE
2025-08-08	MRK
2025-08-08	LLY
2025-08-08	ABBV
2025-08-08	AMGN
2025-08-08	GILD
2025-08-08	BMY
2025-08-08	CVS
2025-08-08	WMT
2025-08-08	COST
2025-08-08	TGT
2025-08-08	HD
2025-08-08	LOW
2025-08-08	MCD
2025-08-08	SBUX
2025-08-08	DIS
2025-08-08	NKE
2025-08-08	CMG
2025-08-08	KO
2025-08-08	PEP
2025-08-08	PG
2025-08-08	CL
2025-08-08	MO
2025-08-08	PM
2025-08-08	KHC
2025-08-08	GIS
2025-08-08	SPY
2025-08-08	QQQ
2025-08-11	AAPL
2025-08-11	MSFT
2025-08-11	NVDA
2025-08-11	AMZN
2025-08-11	GOOGL
2025-08-11	META
2025-08-11	TSLA
2025-08-11	AMD
2025-08-11	NFLX
2025-08-11	AVGO
2025-08-11	INTC
2025-08-11	QCOM
2025-08-11	CSCO
2025-08-11	ORCL
2025-08-11	ADBE
2025-08-11	CRM
2025-08-11	NOW
2025-08-11	UBER
2025-08-11	ABNB
2025-08-11	PYPL
2025-08-11	SHOP
2025-08-11	MU
2025-08-11	COIN
2025-08-11	SNOW
2025-08-11	PLTR
2025-08-11	RBLX
2025-08-11	HOOD
2025-08-11	SOFI
2025-08-11	AFRM
2025-08-11	UPST
2025-08-11	JPM
2025-08-11	BAC
2025-08-11	WFC
2025-08-11	C
2025-08-11	GS
2025-08-11	MS
2025-08-11	SCHW
2025-08-11	AXP
2025-08-11	V
2025-08-11	MA
2025-08-11	BLK
2025-08-11	SPGI
2025-08-11	ICE
2025-08-11	CME
2025-08-11	USB
2025-08-11	PNC
2025-08-11	TFC
2025-08-11	RF
2025-08-11	KEY
2025-08-11	ALLY
2025-08-11	XOM
2025-08-11	CVX
2025-08-11	COP
2025-08-11	EOG
2025-08-11	SLB
2025-08-11	HAL
2025-08-11	MPC
2025-08-11	VLO
2025-08-11	PSX
2025-08-11	OXY
2025-08-11	BA
2025-08-11	GE
2025-08-11	CAT
2025-08-11	DE
2025-08-11	MMM
2025-08-11	HON
2025-08-11	LMT
2025-08-11	NOC
2025-08-11	RTX
2025-08-11	ETN
2025-08-11	UNH
2025-08-11	JNJ
2025-08-11	PFE
2025-08-11	MRK
2025-08-11	LLY
2025-08-11	ABBV
2025-08-11	AMGN
2025-08-11	GILD
2025-08-11	BMY
2025-08-11	CVS
2025-08-11	WMT
2025-08-11	COST
2025-08-11	TGT
2025-08-11	HD
2025-08-11	LOW
2025-08-11	MCD
2025-08-11	SBUX
2025-08-11	DIS
2025-08-11	NKE
2025-08-11	CMG
2025-08-11	KO
2025-08-11	PEP
2025-08-11	PG
2025-08-11	CL
2025-08-11	MO
2025-08-11	PM
2025-08-11	KHC
2025-08-11	GIS
2025-08-11	SPY
2025-08-11	QQQ
2025-08-12	AAPL
2025-08-12	MSFT
2025-08-12	NVDA
2025-08-12	AMZN
2025-08-12	GOOGL
2025-08-12	META
2025-08-12	TSLA
2025-08-12	AMD
2025-08-12	NFLX
2025-08-12	AVGO
2025-08-12	INTC
2025-08-12	QCOM
2025-08-12	CSCO
2025-08-12	ORCL
2025-08-12	ADBE
2025-08-12	CRM
2025-08-12	NOW
2025-08-12	UBER
2025-08-12	ABNB
2025-08-12	PYPL
2025-08-12	SHOP
2025-08-12	MU
2025-08-12	COIN
2025-08-12	SNOW
2025-08-12	PLTR
2025-08-12	RBLX
2025-08-12	HOOD
2025-08-12	SOFI
2025-08-12	AFRM
2025-08-12	UPST
2025-08-12	JPM
2025-08-12	BAC
2025-08-12	WFC
2025-08-12	C
2025-08-12	GS
2025-08-12	MS
2025-08-12	SCHW
2025-08-12	AXP
2025-08-12	V
2025-08-12	MA
2025-08-12	BLK
2025-08-12	SPGI
2025-08-12	ICE
2025-08-12	CME
2025-08-12	USB
2025-08-12	PNC
2025-08-12	TFC
2025-08-12	RF
2025-08-12	KEY
2025-08-12	ALLY
2025-08-12	XOM
2025-08-12	CVX
2025-08-12	COP
2025-08-12	EOG
2025-08-12	SLB
2025-08-12	HAL
2025-08-12	MPC
2025-08-12	VLO
2025-08-12	PSX
2025-08-12	OXY
2025-08-12	BA
2025-08-12	GE
2025-08-12	CAT
2025-08-12	DE
2025-08-12	MMM
2025-08-12	HON
2025-08-12	LMT
2025-08-12	NOC
2025-08-12	RTX
2025-08-12	ETN
2025-08-12	UNH
2025-08-12	JNJ
2025-08-12	PFE
2025-08-12	MRK
2025-08-12	LLY
2025-08-12	ABBV
2025-08-12	AMGN
2025-08-12	GILD
2025-08-12	BMY
2025-08-12	CVS
2025-08-12	WMT
2025-08-12	COST
2025-08-12	TGT
2025-08-12	HD
2025-08-12	LOW
2025-08-12	MCD
2025-08-12	SBUX
2025-08-12	DIS
2025-08-12	NKE
2025-08-12	CMG
2025-08-12	KO
2025-08-12	PEP
2025-08-12	PG
2025-08-12	CL
2025-08-12	MO
2025-08-12	PM
2025-08-12	KHC
2025-08-12	GIS
2025-08-12	SPY
2025-08-12	QQQ
2025-08-13	AAPL
2025-08-13	MSFT
2025-08-13	NVDA
2025-08-13	AMZN
2025-08-13	GOOGL
2025-08-13	META
2025-08-13	TSLA
2025-08-13	AMD
2025-08-13	NFLX
2025-08-13	AVGO
2025-08-13	INTC
2025-08-13	QCOM
2025-08-13	CSCO
2025-08-13	ORCL
2025-08-13	ADBE
2025-08-13	CRM
2025-08-13	NOW
2025-08-13	UBER
2025-08-13	ABNB
2025-08-13	PYPL
2025-08-13	SHOP
2025-08-13	MU
2025-08-13	COIN
2025-08-13	SNOW
2025-08-13	PLTR
2025-08-13	RBLX
2025-08-13	HOOD
2025-08-13	SOFI
2025-08-13	AFRM
2025-08-13	UPST
2025-08-13	JPM
2025-08-13	BAC
2025-08-13	WFC
2025-08-13	C
2025-08-13	GS
2025-08-13	MS
2025-08-13	SCHW
2025-08-13	AXP
2025-08-13	V
2025-08-13	MA
2025-08-13	BLK
2025-08-13	SPGI
2025-08-13	ICE
2025-08-13	CME
2025-08-13	USB
2025-08-13	PNC
2025-08-13	TFC
2025-08-13	RF
2025-08-13	KEY
2025-08-13	ALLY
2025-08-13	XOM
2025-08-13	CVX
2025-08-13	COP
2025-08-13	EOG
2025-08-13	SLB
2025-08-13	HAL
2025-08-13	MPC
2025-08-13	VLO
2025-08-13	PSX
2025-08-13	OXY
2025-08-13	BA
2025-08-13	GE
2025-08-13	CAT
2025-08-13	DE
2025-08-13	MMM
2025-08-13	HON
2025-08-13	LMT
2025-08-13	NOC
2025-08-13	RTX
2025-08-13	ETN
2025-08-13	UNH
2025-08-13	JNJ
2025-08-13	PFE
2025-08-13	MRK
2025-08-13	LLY
2025-08-13	ABBV
2025-08-13	AMGN
2025-08-13	GILD
2025-08-13	BMY
2025-08-13	CVS
2025-08-13	WMT
2025-08-13	COST
2025-08-13	TGT
2025-08-13	HD
2025-08-13	LOW
2025-08-13	MCD
2025-08-13	SBUX
2025-08-13	DIS
2025-08-13	NKE
2025-08-13	CMG
2025-08-13	KO
2025-08-13	PEP
2025-08-13	PG
2025-08-13	CL
2025-08-13	MO
2025-08-13	PM
2025-08-13	KHC
2025-08-13	GIS
2025-08-13	SPY
2025-08-13	QQQ
2025-08-14	AAPL
2025-08-14	MSFT
2025-08-14	NVDA
2025-08-14	AMZN
2025-08-14	GOOGL
2025-08-14	META
2025-08-14	TSLA
2025-08-14	AMD
2025-08-14	NFLX
2025-08-14	AVGO
2025-08-14	INTC
2025-08-14	QCOM
2025-08-14	CSCO
2025-08-14	ORCL
2025-08-14	ADBE
2025-08-14	CRM
2025-08-14	NOW
2025-08-14	UBER
2025-08-14	ABNB
2025-08-14	PYPL
2025-08-14	SHOP
2025-08-14	MU
2025-08-14	COIN
2025-08-14	SNOW
2025-08-14	PLTR
2025-08-14	RBLX
2025-08-14	HOOD
2025-08-14	SOFI
2025-08-14	AFRM
2025-08-14	UPST
2025-08-14	JPM
2025-08-14	BAC
2025-08-14	WFC
2025-08-14	C
2025-08-14	GS
2025-08-14	MS
2025-08-14	SCHW
2025-08-14	AXP
2025-08-14	V
2025-08-14	MA
2025-08-14	BLK
2025-08-14	SPGI
2025-08-14	ICE
2025-08-14	CME
2025-08-14	USB
2025-08-14	PNC
2025-08-14	TFC
2025-08-14	RF
2025-08-14	KEY
2025-08-14	ALLY
2025-08-14	XOM
2025-08-14	CVX
2025-08-14	COP
2025-08-14	EOG
2025-08-14	SLB
2025-08-14	HAL
2025-08-14	MPC
2025-08-14	VLO
2025-08-14	PSX
2025-08-14	OXY
2025-08-14	BA
2025-08-14	GE
2025-08-14	CAT
2025-08-14	DE
2025-08-14	MMM
2025-08-14	HON
2025-08-14	LMT
2025-08-14	NOC
2025-08-14	RTX
2025-08-14	ETN
2025-08-14	UNH
2025-08-14	JNJ
2025-08-14	PFE
2025-08-14	MRK
2025-08-14	LLY
2025-08-14	ABBV
2025-08-14	AMGN
2025-08-14	GILD
2025-08-14	BMY
2025-08-14	CVS
2025-08-14	WMT
2025-08-14	COST
2025-08-14	TGT
2025-08-14	HD
2025-08-14	LOW
2025-08-14	MCD
2025-08-14	SBUX
2025-08-14	DIS
2025-08-14	NKE
2025-08-14	CMG
2025-08-14	KO
2025-08-14	PEP
2025-08-14	PG
2025-08-14	CL
2025-08-14	MO
2025-08-14	PM
2025-08-14	KHC
2025-08-14	GIS
2025-08-14	SPY
2025-08-14	QQQ
2025-08-15	AAPL
2025-08-15	MSFT
2025-08-15	NVDA
2025-08-15	AMZN
2025-08-15	GOOGL
2025-08-15	META
2025-08-15	TSLA
2025-08-15	AMD
2025-08-15	NFLX
2025-08-15	AVGO
2025-08-15	INTC
2025-08-15	QCOM
2025-08-15	CSCO
2025-08-15	ORCL
2025-08-15	ADBE
2025-08-15	CRM
2025-08-15	NOW
2025-08-15	UBER
2025-08-15	ABNB
2025-08-15	PYPL
2025-08-15	SHOP
2025-08-15	MU
2025-08-15	COIN
2025-08-15	SNOW
2025-08-15	PLTR
2025-08-15	RBLX
2025-08-15	HOOD
2025-08-15	SOFI
2025-08-15	AFRM
2025-08-15	UPST
2025-08-15	JPM
2025-08-15	BAC
2025-08-15	WFC
2025-08-15	C
2025-08-15	GS
2025-08-15	MS
2025-08-15	SCHW
2025-08-15	AXP
2025-08-15	V
2025-08-15	MA
2025-08-15	BLK
2025-08-15	SPGI
2025-08-15	ICE
2025-08-15	CME
2025-08-15	USB
2025-08-15	PNC
2025-08-15	TFC
2025-08-15	RF
2025-08-15	KEY
2025-08-15	ALLY
2025-08-15	XOM
2025-08-15	CVX
2025-08-15	COP
2025-08-15	EOG
2025-08-15	SLB
2025-08-15	HAL
2025-08-15	MPC
2025-08-15	VLO
2025-08-15	PSX
2025-08-15	OXY
2025-08-15	BA
2025-08-15	GE
2025-08-15	CAT
2025-08-15	DE
2025-08-15	MMM
2025-08-15	HON
2025-08-15	LMT
2025-08-15	NOC
2025-08-15	RTX
2025-08-15	ETN
2025-08-15	UNH
2025-08-15	JNJ
2025-08-15	PFE
2025-08-15	MRK
2025-08-15	LLY
2025-08-15	ABBV
2025-08-15	AMGN
2025-08-15	GILD
2025-08-15	BMY
2025-08-15	CVS
2025-08-15	WMT
2025-08-15	COST
2025-08-15	TGT
2025-08-15	HD
2025-08-15	LOW
2025-08-15	MCD
2025-08-15	SBUX
2025-08-15	DIS
2025-08-15	NKE
2025-08-15	CMG
2025-08-15	KO
2025-08-15	PEP
2025-08-15	PG
2025-08-15	CL
2025-08-15	MO
2025-08-15	PM
2025-08-15	KHC
2025-08-15	GIS
2025-08-15	SPY
2025-08-15	QQQ
2025-08-18	AAPL
2025-08-18	MSFT
2025-08-18	NVDA
2025-08-18	AMZN
2025-08-18	GOOGL
2025-08-18	META
2025-08-18	TSLA
2025-08-18	AMD
2025-08-18	NFLX
2025-08-18	AVGO
2025-08-18	INTC
2025-08-18	QCOM
2025-08-18	CSCO
2025-08-18	ORCL
2025-08-18	ADBE
2025-08-18	CRM
2025-08-18	NOW
2025-08-18	UBER
2025-08-18	ABNB
2025-08-18	PYPL
2025-08-18	SHOP
2025-08-18	MU
2025-08-18	COIN
2025-08-18	SNOW
2025-08-18	PLTR
2025-08-18	RBLX
2025-08-18	HOOD
2025-08-18	SOFI
2025-08-18	AFRM
2025-08-18	UPST
2025-08-18	JPM
2025-08-18	BAC
2025-08-18	WFC
2025-08-18	C
2025-08-18	GS
2025-08-18	MS
2025-08-18	SCHW
2025-08-18	AXP
2025-08-18	V
2025-08-18	MA
2025-08-18	BLK
2025-08-18	SPGI
2025-08-18	ICE
2025-08-18	CME
2025-08-18	USB
2025-08-18	PNC
2025-08-18	TFC
2025-08-18	RF
2025-08-18	KEY
2025-08-18	ALLY
2025-08-18	XOM
2025-08-18	CVX
2025-08-18	COP
2025-08-18	EOG
2025-08-18	SLB
2025-08-18	HAL
2025-08-18	MPC
2025-08-18	VLO
2025-08-18	PSX
2025-08-18	OXY
2025-08-18	BA
2025-08-18	GE
2025-08-18	CAT
2025-08-18	DE
2025-08-18	MMM
2025-08-18	HON
2025-08-18	LMT
2025-08-18	NOC
2025-08-18	RTX
2025-08-18	ETN
2025-08-18	UNH
2025-08-18	JNJ
2025-08-18	PFE
2025-08-18	MRK
2025-08-18	LLY
2025-08-18	ABBV
2025-08-18	AMGN
2025-08-18	GILD
2025-08-18	BMY
2025-08-18	CVS
2025-08-18	WMT
2025-08-18	COST
2025-08-18	TGT
2025-08-18	HD
2025-08-18	LOW
2025-08-18	MCD
2025-08-18	SBUX
2025-08-18	DIS
2025-08-18	NKE
2025-08-18	CMG
2025-08-18	KO
2025-08-18	PEP
2025-08-18	PG
2025-08-18	CL
2025-08-18	MO
2025-08-18	PM
2025-08-18	KHC
2025-08-18	GIS
2025-08-18	SPY
2025-08-18	QQQ
2025-08-19	AAPL
2025-08-19	MSFT
2025-08-19	NVDA
2025-08-19	AMZN
2025-08-19	GOOGL
2025-08-19	META
2025-08-19	TSLA
2025-08-19	AMD
2025-08-19	NFLX
2025-08-19	AVGO
2025-08-19	INTC
2025-08-19	QCOM
2025-08-19	CSCO
2025-08-19	ORCL
2025-08-19	ADBE
2025-08-19	CRM
2025-08-19	NOW
2025-08-19	UBER
2025-08-19	ABNB
2025-08-19	PYPL
2025-08-19	SHOP
2025-08-19	MU
2025-08-19	COIN
2025-08-19	SNOW
2025-08-19	PLTR
2025-08-19	RBLX
2025-08-19	HOOD
2025-08-19	SOFI
2025-08-19	AFRM
2025-08-19	UPST
2025-08-19	JPM
2025-08-19	BAC
2025-08-19	WFC
2025-08-19	C
2025-08-19	GS
2025-08-19	MS
2025-08-19	SCHW
2025-08-19	AXP
2025-08-19	V
2025-08-19	MA
2025-08-19	BLK
2025-08-19	SPGI
2025-08-19	ICE
2025-08-19	CME
2025-08-19	USB
2025-08-19	PNC
2025-08-19	TFC
2025-08-19	RF
2025-08-19	KEY
2025-08-19	ALLY
2025-08-19	XOM
2025-08-19	CVX
2025-08-19	COP
2025-08-19	EOG
2025-08-19	SLB
2025-08-19	HAL
2025-08-19	MPC
2025-08-19	VLO
2025-08-19	PSX
2025-08-19	OXY
2025-08-19	BA
2025-08-19	GE
2025-08-19	CAT
2025-08-19	DE
2025-08-19	MMM
2025-08-19	HON
2025-08-19	LMT
2025-08-19	NOC
2025-08-19	RTX
2025-08-19	ETN
2025-08-19	UNH
2025-08-19	JNJ
2025-08-19	PFE
2025-08-19	MRK
2025-08-19	LLY
2025-08-19	ABBV
2025-08-19	AMGN
2025-08-19	GILD
2025-08-19	BMY
2025-08-19	CVS
2025-08-19	WMT
2025-08-19	COST
2025-08-19	TGT
2025-08-19	HD
2025-08-19	LOW
2025-08-19	MCD
2025-08-19	SBUX
2025-08-19	DIS
2025-08-19	NKE
2025-08-19	CMG
2025-08-19	KO
2025-08-19	PEP
2025-08-19	PG
2025-08-19	CL
2025-08-19	MO
2025-08-19	PM
2025-08-19	KHC
2025-08-19	GIS
2025-08-19	SPY
2025-08-19	QQQ
2025-08-20	AAPL
2025-08-20	MSFT
2025-08-20	NVDA
2025-08-20	AMZN
2025-08-20	GOOGL
2025-08-20	META
2025-08-20	TSLA
2025-08-20	AMD
2025-08-20	NFLX
2025-08-20	AVGO
2025-08-20	INTC
2025-08-20	QCOM
2025-08-20	CSCO
2025-08-20	ORCL
2025-08-20	ADBE
2025-08-20	CRM
2025-08-20	NOW
2025-08-20	UBER
2025-08-20	ABNB
2025-08-20	PYPL
2025-08-20	SHOP
2025-08-20	MU
2025-08-20	COIN
2025-08-20	SNOW
2025-08-20	PLTR
2025-08-20	RBLX
2025-08-20	HOOD
2025-08-20	SOFI
2025-08-20	AFRM
2025-08-20	UPST
2025-08-20	JPM
2025-08-20	BAC
2025-08-20	WFC
2025-08-20	C
2025-08-20	GS
2025-08-20	MS
2025-08-20	SCHW
2025-08-20	AXP
2025-08-20	V
2025-08-20	MA
2025-08-20	BLK
2025-08-20	SPGI
2025-08-20	ICE
2025-08-20	CME
2025-08-20	USB
2025-08-20	PNC
2025-08-20	TFC
2025-08-20	RF
2025-08-20	KEY
2025-08-20	ALLY
2025-08-20	XOM
2025-08-20	CVX
2025-08-20	COP
2025-08-20	EOG
2025-08-20	SLB
2025-08-20	HAL
2025-08-20	MPC
2025-08-20	VLO
2025-08-20	PSX
2025-08-20	OXY
2025-08-20	BA
2025-08-20	GE
2025-08-20	CAT
2025-08-20	DE
2025-08-20	MMM
2025-08-20	HON
2025-08-20	LMT
2025-08-20	NOC
2025-08-20	RTX
2025-08-20	ETN
2025-08-20	UNH
2025-08-20	JNJ
2025-08-20	PFE
2025-08-20	MRK
2025-08-20	LLY
2025-08-20	ABBV
2025-08-20	AMGN
2025-08-20	GILD
2025-08-20	BMY
2025-08-20	CVS
2025-08-20	WMT
2025-08-20	COST
2025-08-20	TGT
2025-08-20	HD
2025-08-20	LOW
2025-08-20	MCD
2025-08-20	SBUX
2025-08-20	DIS
2025-08-20	NKE
2025-08-20	CMG
2025-08-20	KO
2025-08-20	PEP
2025-08-20	PG
2025-08-20	CL
2025-08-20	MO
2025-08-20	PM
2025-08-20	KHC
2025-08-20	GIS
2025-08-20	SPY
2025-08-20	QQQ
2025-08-21	AAPL
2025-08-21	MSFT
2025-08-21	NVDA
2025-08-21	AMZN
2025-08-21	GOOGL
2025-08-21	META
2025-08-21	TSLA
2025-08-21	AMD
2025-08-21	NFLX
2025-08-21	AVGO
2025-08-21	INTC
2025-08-21	QCOM
2025-08-21	CSCO
2025-08-21	ORCL
2025-08-21	ADBE
2025-08-21	CRM
2025-08-21	NOW
2025-08-21	UBER
2025-08-21	ABNB
2025-08-21	PYPL
2025-08-21	SHOP
2025-08-21	MU
2025-08-21	COIN
2025-08-21	SNOW
2025-08-21	PLTR
2025-08-21	RBLX
2025-08-21	HOOD
2025-08-21	SOFI
2025-08-21	AFRM
2025-08-21	UPST
2025-08-21	JPM
2025-08-21	BAC
2025-08-21	WFC
2025-08-21	C
2025-08-21	GS
2025-08-21	MS
2025-08-21	SCHW
2025-08-21	AXP
2025-08-21	V
2025-08-21	MA
2025-08-21	BLK
2025-08-21	SPGI
2025-08-21	ICE
2025-08-21	CME
2025-08-21	USB
2025-08-21	PNC
2025-08-21	TFC
2025-08-21	RF
2025-08-21	KEY
2025-08-21	ALLY
2025-08-21	XOM
2025-08-21	CVX
2025-08-21	COP
2025-08-21	EOG
2025-08-21	SLB
2025-08-21	HAL
2025-08-21	MPC
2025-08-21	VLO
2025-08-21	PSX
2025-08-21	OXY
2025-08-21	BA
2025-08-21	GE
2025-08-21	CAT
2025-08-21	DE
2025-08-21	MMM
2025-08-21	HON
2025-08-21	LMT
2025-08-21	NOC
2025-08-21	RTX
2025-08-21	ETN
2025-08-21	UNH
2025-08-21	JNJ
2025-08-21	PFE
2025-08-21	MRK
2025-08-21	LLY
2025-08-21	ABBV
2025-08-21	AMGN
2025-08-21	GILD
2025-08-21	BMY
2025-08-21	CVS
2025-08-21	WMT
2025-08-21	COST
2025-08-21	TGT
2025-08-21	HD
2025-08-21	LOW
2025-08-21	MCD
2025-08-21	SBUX
2025-08-21	DIS
2025-08-21	NKE
2025-08-21	CMG
2025-08-21	KO
2025-08-21	PEP
2025-08-21	PG
2025-08-21	CL
2025-08-21	MO
2025-08-21	PM
2025-08-21	KHC
2025-08-21	GIS
2025-08-21	SPY
2025-08-21	QQQ
2025-08-22	AAPL
2025-08-22	MSFT
2025-08-22	NVDA
2025-08-22	AMZN
2025-08-22	GOOGL
2025-08-22	META
2025-08-22	TSLA
2025-08-22	AMD
2025-08-22	NFLX
2025-08-22	AVGO
2025-08-22	INTC
2025-08-22	QCOM
2025-08-22	CSCO
2025-08-22	ORCL
2025-08-22	ADBE
2025-08-22	CRM
2025-08-22	NOW
2025-08-22	UBER
2025-08-22	ABNB
2025-08-22	PYPL
2025-08-22	SHOP
2025-08-22	MU
2025-08-22	COIN
2025-08-22	SNOW
2025-08-22	PLTR
2025-08-22	RBLX
2025-08-22	HOOD
2025-08-22	SOFI
2025-08-22	AFRM
2025-08-22	UPST
2025-08-22	JPM
2025-08-22	BAC
2025-08-22	WFC
2025-08-22	C
2025-08-22	GS
2025-08-22	MS
2025-08-22	SCHW
2025-08-22	AXP
2025-08-22	V
2025-08-22	MA
2025-08-22	BLK
2025-08-22	SPGI
2025-08-22	ICE
2025-08-22	CME
2025-08-22	USB
2025-08-22	PNC
2025-08-22	TFC
2025-08-22	RF
2025-08-22	KEY
2025-08-22	ALLY
2025-08-22	XOM
2025-08-22	CVX
2025-08-22	COP
2025-08-22	EOG
2025-08-22	SLB
2025-08-22	HAL
2025-08-22	MPC
2025-08-22	VLO
2025-08-22	PSX
2025-08-22	OXY
2025-08-22	BA
2025-08-22	GE
2025-08-22	CAT
2025-08-22	DE
2025-08-22	MMM
2025-08-22	HON
2025-08-22	LMT
2025-08-22	NOC
2025-08-22	RTX
2025-08-22	ETN
2025-08-22	UNH
2025-08-22	JNJ
2025-08-22	PFE
2025-08-22	MRK
2025-08-22	LLY
2025-08-22	ABBV
2025-08-22	AMGN
2025-08-22	GILD
2025-08-22	BMY
2025-08-22	CVS
2025-08-22	WMT
2025-08-22	COST
2025-08-22	TGT
2025-08-22	HD
2025-08-22	LOW
2025-08-22	MCD
2025-08-22	SBUX
2025-08-22	DIS
2025-08-22	NKE
2025-08-22	CMG
2025-08-22	KO
2025-08-22	PEP
2025-08-22	PG
2025-08-22	CL
2025-08-22	MO
2025-08-22	PM
2025-08-22	KHC
2025-08-22	GIS
2025-08-22	SPY
2025-08-22	QQQ
2025-08-25	AAPL
2025-08-25	MSFT
2025-08-25	NVDA
2025-08-25	AMZN
2025-08-25	GOOGL
2025-08-25	META
2025-08-25	TSLA
2025-08-25	AMD
2025-08-25	NFLX
2025-08-25	AVGO
2025-08-25	INTC
2025-08-25	QCOM
2025-08-25	CSCO
2025-08-25	ORCL
2025-08-25	ADBE
2025-08-25	CRM
2025-08-25	NOW
2025-08-25	UBER
2025-08-25	ABNB
2025-08-25	PYPL
2025-08-25	SHOP
2025-08-25	MU
2025-08-25	COIN
2025-08-25	SNOW
2025-08-25	PLTR
2025-08-25	RBLX
2025-08-25	HOOD
2025-08-25	SOFI
2025-08-25	AFRM
2025-08-25	UPST
2025-08-25	JPM
2025-08-25	BAC
2025-08-25	WFC
2025-08-25	C
2025-08-25	GS
2025-08-25	MS
2025-08-25	SCHW
2025-08-25	AXP
2025-08-25	V
2025-08-25	MA
2025-08-25	BLK
2025-08-25	SPGI
2025-08-25	ICE
2025-08-25	CME
2025-08-25	USB
2025-08-25	PNC
2025-08-25	TFC
2025-08-25	RF
2025-08-25	KEY
2025-08-25	ALLY
2025-08-25	XOM
2025-08-25	CVX
2025-08-25	COP
2025-08-25	EOG
2025-08-25	SLB
2025-08-25	HAL
2025-08-25	MPC
2025-08-25	VLO
2025-08-25	PSX
2025-08-25	OXY
2025-08-25	BA
2025-08-25	GE
2025-08-25	CAT
2025-08-25	DE
2025-08-25	MMM
2025-08-25	HON
2025-08-25	LMT
2025-08-25	NOC
2025-08-25	RTX
2025-08-25	ETN
2025-08-25	UNH
2025-08-25	JNJ
2025-08-25	PFE
2025-08-25	MRK
2025-08-25	LLY
2025-08-25	ABBV
2025-08-25	AMGN
2025-08-25	GILD
2025-08-25	BMY
2025-08-25	CVS
2025-08-25	WMT
2025-08-25	COST
2025-08-25	TGT
2025-08-25	HD
2025-08-25	LOW
2025-08-25	MCD
2025-08-25	SBUX
2025-08-25	DIS
2025-08-25	NKE
2025-08-25	CMG
2025-08-25	KO
2025-08-25	PEP
2025-08-25	PG
2025-08-25	CL
2025-08-25	MO
2025-08-25	PM
2025-08-25	KHC
2025-08-25	GIS
2025-08-25	SPY
2025-08-25	QQQ
2025-08-26	AAPL
2025-08-26	MSFT
2025-08-26	NVDA
2025-08-26	AMZN
2025-08-26	GOOGL
2025-08-26	META
2025-08-26	TSLA
2025-08-26	AMD
2025-08-26	NFLX
2025-08-26	AVGO
2025-08-26	INTC
2025-08-26	QCOM
2025-08-26	CSCO
2025-08-26	ORCL
2025-08-26	ADBE
2025-08-26	CRM
2025-08-26	NOW
2025-08-26	UBER
2025-08-26	ABNB
2025-08-26	PYPL
2025-08-26	SHOP
2025-08-26	MU
2025-08-26	COIN
2025-08-26	SNOW
2025-08-26	PLTR
2025-08-26	RBLX
2025-08-26	HOOD
2025-08-26	SOFI
2025-08-26	AFRM
2025-08-26	UPST
2025-08-26	JPM
2025-08-26	BAC
2025-08-26	WFC
2025-08-26	C
2025-08-26	GS
2025-08-26	MS
2025-08-26	SCHW
2025-08-26	AXP
2025-08-26	V
2025-08-26	MA
2025-08-26	BLK
2025-08-26	SPGI
2025-08-26	ICE
2025-08-26	CME
2025-08-26	USB
2025-08-26	PNC
2025-08-26	TFC
2025-08-26	RF
2025-08-26	KEY
2025-08-26	ALLY
2025-08-26	XOM
2025-08-26	CVX
2025-08-26	COP
2025-08-26	EOG
2025-08-26	SLB
2025-08-26	HAL
2025-08-26	MPC
2025-08-26	VLO
2025-08-26	PSX
2025-08-26	OXY
2025-08-26	BA
2025-08-26	GE
2025-08-26	CAT
2025-08-26	DE
2025-08-26	MMM
2025-08-26	HON
2025-08-26	LMT
2025-08-26	NOC
2025-08-26	RTX
2025-08-26	ETN
2025-08-26	UNH
2025-08-26	JNJ
2025-08-26	PFE
2025-08-26	MRK
2025-08-26	LLY
2025-08-26	ABBV
2025-08-26	AMGN
2025-08-26	GILD
2025-08-26	BMY
2025-08-26	CVS
2025-08-26	WMT
2025-08-26	COST
2025-08-26	TGT
2025-08-26	HD
2025-08-26	LOW
2025-08-26	MCD
2025-08-26	SBUX
2025-08-26	DIS
2025-08-26	NKE
2025-08-26	CMG
2025-08-26	KO
2025-08-26	PEP
2025-08-26	PG
2025-08-26	CL
2025-08-26	MO
2025-08-26	PM
2025-08-26	KHC
2025-08-26	GIS
2025-08-26	SPY
2025-08-26	QQQ
2025-08-27	AAPL
2025-08-27	MSFT
2025-08-27	NVDA
2025-08-27	AMZN
2025-08-27	GOOGL
2025-08-27	META
2025-08-27	TSLA
2025-08-27	AMD
2025-08-27	NFLX
2025-08-27	AVGO
2025-08-27	INTC
2025-08-27	QCOM
2025-08-27	CSCO
2025-08-27	ORCL
2025-08-27	ADBE
2025-08-27	CRM
2025-08-27	NOW
2025-08-27	UBER
2025-08-27	ABNB
2025-08-27	PYPL
2025-08-27	SHOP
2025-08-27	MU
2025-08-27	COIN
2025-08-27	SNOW
2025-08-27	PLTR
2025-08-27	RBLX
2025-08-27	HOOD
2025-08-27	SOFI
2025-08-27	AFRM
2025-08-27	UPST
2025-08-27	JPM
2025-08-27	BAC
2025-08-27	WFC
2025-08-27	C
2025-08-27	GS
2025-08-27	MS
2025-08-27	SCHW
2025-08-27	AXP
2025-08-27	V
2025-08-27	MA
2025-08-27	BLK
2025-08-27	SPGI
2025-08-27	ICE
2025-08-27	CME
2025-08-27	USB
2025-08-27	PNC
2025-08-27	TFC
2025-08-27	RF
2025-08-27	KEY
2025-08-27	ALLY
2025-08-27	XOM
2025-08-27	CVX
2025-08-27	COP
2025-08-27	EOG
2025-08-27	SLB
2025-08-27	HAL
2025-08-27	MPC
2025-08-27	VLO
2025-08-27	PSX
2025-08-27	OXY
2025-08-27	BA
2025-08-27	GE
2025-08-27	CAT
2025-08-27	DE
2025-08-27	MMM
2025-08-27	HON
2025-08-27	LMT
2025-08-27	NOC
2025-08-27	RTX
2025-08-27	ETN
2025-08-27	UNH
2025-08-27	JNJ
2025-08-27	PFE
2025-08-27	MRK
2025-08-27	LLY
2025-08-27	ABBV
2025-08-27	AMGN
2025-08-27	GILD
2025-08-27	BMY
2025-08-27	CVS
2025-08-27	WMT
2025-08-27	COST
2025-08-27	TGT
2025-08-27	HD
2025-08-27	LOW
2025-08-27	MCD
2025-08-27	SBUX
2025-08-27	DIS
2025-08-27	NKE
2025-08-27	CMG
2025-08-27	KO
2025-08-27	PEP
2025-08-27	PG
2025-08-27	CL
2025-08-27	MO
2025-08-27	PM
2025-08-27	KHC
2025-08-27	GIS
2025-08-27	SPY
2025-08-27	QQQ
2025-08-28	AAPL
2025-08-28	MSFT
2025-08-28	NVDA
2025-08-28	AMZN
2025-08-28	GOOGL
2025-08-28	META
2025-08-28	TSLA
2025-08-28	AMD
2025-08-28	NFLX
2025-08-28	AVGO
2025-08-28	INTC
2025-08-28	QCOM
2025-08-28	CSCO
2025-08-28	ORCL
2025-08-28	ADBE
2025-08-28	CRM
2025-08-28	NOW
2025-08-28	UBER
2025-08-28	ABNB
2025-08-28	PYPL
2025-08-28	SHOP
2025-08-28	MU
2025-08-28	COIN
2025-08-28	SNOW
2025-08-28	PLTR
2025-08-28	RBLX
2025-08-28	HOOD
2025-08-28	SOFI
2025-08-28	AFRM
2025-08-28	UPST
2025-08-28	JPM
2025-08-28	BAC
2025-08-28	WFC
2025-08-28	C
2025-08-28	GS
2025-08-28	MS
2025-08-28	SCHW
2025-08-28	AXP
2025-08-28	V
2025-08-28	MA
2025-08-28	BLK
2025-08-28	SPGI
2025-08-28	ICE
2025-08-28	CME
2025-08-28	USB
2025-08-28	PNC
2025-08-28	TFC
2025-08-28	RF
2025-08-28	KEY
2025-08-28	ALLY
2025-08-28	XOM
2025-08-28	CVX
2025-08-28	COP
2025-08-28	EOG
2025-08-28	SLB
2025-08-28	HAL
2025-08-28	MPC
2025-08-28	VLO
2025-08-28	PSX
2025-08-28	OXY
2025-08-28	BA
2025-08-28	GE
2025-08-28	CAT
2025-08-28	DE
2025-08-28	MMM
2025-08-28	HON
2025-08-28	LMT
2025-08-28	NOC
2025-08-28	RTX
2025-08-28	ETN
2025-08-28	UNH
2025-08-28	JNJ
2025-08-28	PFE
2025-08-28	MRK
2025-08-28	LLY
2025-08-28	ABBV
2025-08-28	AMGN
2025-08-28	GILD
2025-08-28	BMY
2025-08-28	CVS
2025-08-28	WMT
2025-08-28	COST
2025-08-28	TGT
2025-08-28	HD
2025-08-28	LOW
2025-08-28	MCD
2025-08-28	SBUX
2025-08-28	DIS
2025-08-28	NKE
2025-08-28	CMG
2025-08-28	KO
2025-08-28	PEP
2025-08-28	PG
2025-08-28	CL
2025-08-28	MO
2025-08-28	PM
2025-08-28	KHC
2025-08-28	GIS
2025-08-28	SPY
2025-08-28	QQQ
2025-08-29	AAPL
2025-08-29	MSFT
2025-08-29	NVDA
2025-08-29	AMZN
2025-08-29	GOOGL
2025-08-29	META
2025-08-29	TSLA
2025-08-29	AMD
2025-08-29	NFLX
2025-08-29	AVGO
2025-08-29	INTC
2025-08-29	QCOM
2025-08-29	CSCO
2025-08-29	ORCL
2025-08-29	ADBE
2025-08-29	CRM
2025-08-29	NOW
2025-08-29	UBER
2025-08-29	ABNB
2025-08-29	PYPL
2025-08-29	SHOP
2025-08-29	MU
2025-08-29	COIN
2025-08-29	SNOW
2025-08-29	PLTR
2025-08-29	RBLX
2025-08-29	HOOD
2025-08-29	SOFI
2025-08-29	AFRM
2025-08-29	UPST
2025-08-29	JPM
2025-08-29	BAC
2025-08-29	WFC
2025-08-29	C
2025-08-29	GS
2025-08-29	MS
2025-08-29	SCHW
2025-08-29	AXP
2025-08-29	V
2025-08-29	MA
2025-08-29	BLK
2025-08-29	SPGI
2025-08-29	ICE
2025-08-29	CME
2025-08-29	USB
2025-08-29	PNC
2025-08-29	TFC
2025-08-29	RF
2025-08-29	KEY
2025-08-29	ALLY
2025-08-29	XOM
2025-08-29	CVX
2025-08-29	COP
2025-08-29	EOG
2025-08-29	SLB
2025-08-29	HAL
2025-08-29	MPC
2025-08-29	VLO
2025-08-29	PSX
2025-08-29	OXY
2025-08-29	BA
2025-08-29	GE
2025-08-29	CAT
2025-08-29	DE
2025-08-29	MMM
2025-08-29	HON
2025-08-29	LMT
2025-08-29	NOC
2025-08-29	RTX
2025-08-29	ETN
2025-08-29	UNH
2025-08-29	JNJ
2025-08-29	PFE
2025-08-29	MRK
2025-08-29	LLY
2025-08-29	ABBV
2025-08-29	AMGN
2025-08-29	GILD
2025-08-29	BMY
2025-08-29	CVS
2025-08-29	WMT
2025-08-29	COST
2025-08-29	TGT
2025-08-29	HD
2025-08-29	LOW
2025-08-29	MCD
2025-08-29	SBUX
2025-08-29	DIS
2025-08-29	NKE
2025-08-29	CMG
2025-08-29	KO
2025-08-29	PEP
2025-08-29	PG
2025-08-29	CL
2025-08-29	MO
2025-08-29	PM
2025-08-29	KHC
2025-08-29	GIS
2025-08-29	SPY
2025-08-29	QQQ
