2026-03-10	AAPL
2026-03-10	ABNB
2026-03-10	ADBE
2026-03-10	AFRM
2026-03-10	AMD
2026-03-10	AMZN
2026-03-10	AVGO
2026-03-10	BAC
2026-03-10	C
2026-03-10	CME
2026-03-10	COIN
2026-03-10	CRM
2026-03-10	CSCO
2026-03-10	CVX
2026-03-10	GOOGL
2026-03-10	HOOD
2026-03-10	ICE
2026-03-10	INTC
2026-03-10	JPM
2026-03-10	MA
2026-03-10	META
2026-03-10	MS
2026-03-10	MSFT
2026-03-10	MU
2026-03-10	NFLX
2026-03-10	NOW
2026-03-10	NVDA
2026-03-10	ORCL
2026-03-10	PLTR
2026-03-10	PYPL
2026-03-10	QCOM
2026-03-10	RBLX
2026-03-10	SHOP
2026-03-10	SNOW
2026-03-10	SOFI
2026-03-10	TFC
2026-03-10	TSLA
2026-03-10	UBER
2026-03-10	UPST
2026-03-10	V
2026-03-10	WFC
2026-03-10	XOM
